ra,fase,idade,ano_ingresso,iaa,ieg,ips,ida,ipv,ian,defasagem,inde,ano,fase_num,anos_na_pm,risco_defasagem_atual,gap_iaa_ida,gap_ieg_ida,media_indicadores,indicadores_baixos_qtd,fase_grupo,risco_proximo_ano,ano_origem
RA-1,7,19.0,2016,8.3,4.1,5.6,19.0,7.278,5.0,-1,5.783,2022,7.0,6.0,1.0,-10.7,-14.9,8.213,3,7,0,2022
RA-2,7,17.0,2017,8.8,5.2,6.3,17.0,6.778,10.0,0,7.055,2022,7.0,5.0,0.0,-8.2,-11.8,9.013,1,7,0,2022
RA-5,7,17.0,2016,7.9,8.6,5.6,17.0,7.389,10.0,0,7.427,2022,7.0,6.0,0.0,-9.1,-8.4,9.414833333333334,1,7,0,2022
RA-6,7,18.0,2021,7.9,4.5,7.5,18.0,7.222,5.0,-1,5.848,2022,7.0,1.0,1.0,-10.1,-13.5,8.353666666666667,2,7,0,2022
RA-7,7,18.0,2017,0.0,8.4,7.5,18.0,7.667,5.0,-1,6.818,2022,7.0,5.0,1.0,-18.0,-9.6,7.761166666666667,2,7,0,2022
RA-12,7,17.0,2020,0.0,4.0,6.9,17.0,6.389,10.0,0,4.832,2022,7.0,2.0,0.0,-17.0,-13.0,7.3815,2,7,0,2022
RA-13,7,18.0,2016,7.9,7.4,7.5,18.0,8.056,5.0,-1,6.902,2022,7.0,6.0,1.0,-10.1,-10.6,8.975999999999999,1,7,0,2022
RA-14,7,21.0,2022,7.9,8.3,7.5,21.0,7.75,5.0,-1,6.793,2022,7.0,0.0,1.0,-13.1,-12.7,9.575000000000001,1,7,0,2022
RA-17,7,20.0,2022,8.8,10.0,7.5,20.0,8.292,5.0,-1,8.068,2022,7.0,0.0,1.0,-11.2,-10.0,9.932,1,7,0,2022
RA-19,7,19.0,2022,7.9,9.5,7.5,19.0,7.0,5.0,-1,7.665,2022,7.0,0.0,1.0,-11.1,-9.5,9.316666666666666,1,7,1,2022
RA-21,7,18.0,2022,9.6,9.2,7.5,18.0,7.25,5.0,-1,6.945,2022,7.0,0.0,1.0,-8.4,-8.8,9.424999999999999,1,7,0,2022
RA-23,6,17.0,2021,8.3,8.2,8.1,17.0,8.556,5.0,-1,7.677,2022,6.0,1.0,1.0,-8.7,-8.8,9.192666666666666,1,6,0,2022
RA-25,6,17.0,2021,8.3,8.3,8.8,17.0,9.667,5.0,-1,7.979,2022,6.0,1.0,1.0,-8.7,-8.7,9.511166666666668,1,6,0,2022
RA-26,6,17.0,2022,9.6,8.8,10.0,17.0,10.0,5.0,-1,8.677,2022,6.0,0.0,1.0,-7.4,-8.2,10.066666666666666,1,6,1,2022
RA-27,6,17.0,2016,0.0,7.6,8.1,17.0,9.111,5.0,-1,7.124,2022,6.0,6.0,1.0,-17.0,-9.4,7.8018333333333345,2,6,0,2022
RA-29,6,17.0,2022,0.0,4.0,8.8,17.0,7.611,5.0,-1,4.985,2022,6.0,0.0,1.0,-17.0,-13.0,7.0685,3,6,0,2022
RA-31,6,17.0,2019,10.0,9.5,9.4,17.0,10.0,5.0,-1,8.843,2022,6.0,3.0,1.0,-7.0,-7.5,10.15,1,6,0,2022
RA-32,6,16.0,2018,8.8,5.2,8.8,16.0,7.944,10.0,0,7.37,2022,6.0,4.0,0.0,-7.199999999999999,-10.8,9.457333333333333,1,6,0,2022
RA-34,6,17.0,2016,9.6,4.8,8.1,17.0,7.278,5.0,-1,6.259,2022,6.0,6.0,1.0,-7.4,-12.2,8.629666666666667,2,6,0,2022
RA-35,6,17.0,2019,10.0,9.6,9.4,17.0,10.0,5.0,-1,8.965,2022,6.0,3.0,1.0,-7.0,-7.4,10.166666666666666,1,6,0,2022
RA-36,6,17.0,2019,9.2,9.0,6.9,17.0,8.944,5.0,-1,7.876,2022,6.0,3.0,1.0,-7.800000000000001,-8.0,9.340666666666667,1,6,0,2022
RA-38,6,17.0,2017,9.2,8.9,7.5,17.0,9.833,5.0,-1,8.523,2022,6.0,5.0,1.0,-7.800000000000001,-8.1,9.572166666666666,1,6,0,2022
RA-39,6,16.0,2017,0.0,4.8,6.9,16.0,6.111,10.0,0,6.033,2022,6.0,5.0,0.0,-16.0,-11.2,7.301833333333334,2,6,0,2022
RA-40,5,16.0,2016,7.9,7.8,7.5,16.0,7.75,5.0,-1,7.203,2022,5.0,6.0,1.0,-8.1,-8.2,8.658333333333333,1,5,1,2022
RA-42,5,15.0,2019,8.3,7.9,5.6,15.0,6.083,10.0,0,6.72,2022,5.0,3.0,0.0,-6.699999999999999,-7.1,8.813833333333333,1,5,1,2022
RA-43,5,16.0,2019,6.3,6.5,5.6,16.0,5.958,5.0,-1,5.486,2022,5.0,3.0,1.0,-9.7,-9.5,7.559666666666666,3,5,1,2022
RA-44,5,17.0,2021,5.0,5.9,7.5,17.0,7.292,5.0,-2,5.542,2022,5.0,1.0,1.0,-12.0,-11.1,7.948666666666667,3,5,1,2022
RA-45,5,15.0,2019,7.9,8.9,5.6,15.0,7.417,10.0,0,7.591,2022,5.0,3.0,0.0,-7.1,-6.1,9.136166666666666,1,5,0,2022
RA-46,5,17.0,2022,8.8,8.4,6.3,17.0,7.083,5.0,-2,6.048,2022,5.0,0.0,1.0,-8.2,-8.6,8.763833333333332,1,5,1,2022
RA-48,5,15.0,2017,6.7,8.4,7.5,15.0,8.5,10.0,0,8.006,2022,5.0,5.0,0.0,-8.3,-6.6,9.35,0,5,0,2022
RA-49,5,17.0,2022,7.5,7.4,7.5,17.0,7.042,5.0,-2,6.304,2022,5.0,0.0,1.0,-9.5,-9.6,8.573666666666666,1,5,0,2022
RA-52,5,13.0,2018,9.6,8.9,7.5,13.0,7.5,10.0,2,7.861,2022,5.0,4.0,0.0,-3.4000000000000004,-4.1,9.416666666666666,0,5,0,2022
RA-53,5,17.0,2022,9.2,7.0,7.5,17.0,6.458,5.0,-2,6.725,2022,5.0,0.0,1.0,-7.800000000000001,-10.0,8.693,1,5,1,2022
RA-55,5,16.0,2017,7.1,7.6,5.6,16.0,6.5,5.0,-1,6.576,2022,5.0,5.0,1.0,-8.9,-8.4,7.966666666666666,2,5,1,2022
RA-56,5,15.0,2019,10.0,10.0,7.5,15.0,8.25,10.0,0,8.404,2022,5.0,3.0,0.0,-5.0,-5.0,10.125,0,5,0,2022
RA-57,5,16.0,2017,7.1,8.1,5.6,16.0,7.875,5.0,-1,7.305,2022,5.0,5.0,1.0,-8.9,-7.9,8.279166666666667,2,5,1,2022
RA-58,5,15.0,2017,9.6,9.2,6.3,15.0,8.125,10.0,0,8.136,2022,5.0,5.0,0.0,-5.4,-5.800000000000001,9.704166666666666,0,5,0,2022
RA-59,5,17.0,2022,9.2,9.3,7.5,17.0,7.917,5.0,-2,7.642,2022,5.0,0.0,1.0,-7.800000000000001,-7.699999999999999,9.3195,1,5,1,2022
RA-61,5,15.0,2021,9.2,7.4,7.5,15.0,7.875,10.0,0,7.533,2022,5.0,1.0,0.0,-5.800000000000001,-7.6,9.495833333333334,0,5,0,2022
RA-62,5,17.0,2022,8.8,9.4,7.5,17.0,7.25,5.0,-2,7.891,2022,5.0,0.0,1.0,-8.2,-7.6,9.158333333333333,1,5,0,2022
RA-63,5,16.0,2018,8.3,9.1,8.8,16.0,9.417,5.0,-1,8.282,2022,5.0,4.0,1.0,-7.699999999999999,-6.9,9.436166666666667,1,5,1,2022
RA-64,5,16.0,2019,7.1,8.1,8.1,16.0,8.25,5.0,-1,7.368,2022,5.0,3.0,1.0,-8.9,-7.9,8.758333333333333,1,5,1,2022
RA-70,5,16.0,2017,8.8,6.6,5.0,16.0,6.111,5.0,-1,5.712,2022,5.0,5.0,1.0,-7.199999999999999,-9.4,7.918499999999999,2,5,1,2022
RA-71,5,17.0,2019,7.9,2.0,7.5,17.0,5.833,5.0,-2,4.332,2022,5.0,3.0,1.0,-9.1,-15.0,7.538833333333333,3,5,1,2022
RA-76,5,15.0,2017,10.0,9.1,8.1,15.0,9.292,10.0,0,9.105,2022,5.0,5.0,0.0,-5.0,-5.9,10.248666666666667,0,5,0,2022
RA-78,5,17.0,2018,8.3,6.6,5.6,17.0,8.0,5.0,-2,7.04,2022,5.0,4.0,1.0,-8.7,-10.4,8.416666666666666,2,5,1,2022
RA-79,5,16.0,2018,5.4,6.3,5.6,16.0,7.292,5.0,-1,6.847,2022,5.0,4.0,1.0,-10.6,-9.7,7.5986666666666665,3,5,1,2022
RA-80,5,16.0,2017,9.2,8.3,5.0,16.0,7.625,5.0,-1,7.29,2022,5.0,5.0,1.0,-6.800000000000001,-7.699999999999999,8.520833333333334,2,5,1,2022
RA-81,5,14.0,2017,9.2,9.2,5.0,14.0,7.458,10.0,1,7.675,2022,5.0,5.0,0.0,-4.800000000000001,-4.800000000000001,9.142999999999999,1,5,0,2022
RA-84,5,17.0,2018,7.1,8.8,5.0,17.0,6.75,5.0,-2,6.682,2022,5.0,4.0,1.0,-9.9,-8.2,8.275,2,5,1,2022
RA-85,5,15.0,2022,6.7,7.3,5.0,15.0,5.833,10.0,0,6.243,2022,5.0,0.0,0.0,-8.3,-7.7,8.3055,2,5,1,2022
RA-86,5,16.0,2016,7.5,9.6,5.6,16.0,8.458,5.0,-1,7.566,2022,5.0,6.0,1.0,-8.5,-6.4,8.693,2,5,0,2022
RA-87,5,15.0,2021,8.3,9.6,7.5,15.0,8.5,10.0,0,8.712,2022,5.0,1.0,0.0,-6.699999999999999,-5.4,9.816666666666666,0,5,0,2022
RA-88,5,17.0,2021,7.1,9.2,5.6,17.0,9.208,5.0,-2,7.498,2022,5.0,1.0,1.0,-9.9,-7.800000000000001,8.851333333333333,2,5,0,2022
RA-89,5,16.0,2021,9.6,7.8,7.5,16.0,8.0,5.0,-1,7.323,2022,5.0,1.0,1.0,-6.4,-8.2,8.983333333333333,1,5,1,2022
RA-90,5,13.0,2019,10.0,9.7,9.4,13.0,9.75,10.0,2,9.442,2022,5.0,3.0,0.0,-3.0,-3.3000000000000007,10.308333333333334,0,5,0,2022
RA-91,5,16.0,2016,9.2,5.7,5.6,16.0,7.125,5.0,-1,6.645,2022,5.0,6.0,1.0,-6.800000000000001,-10.3,8.104166666666666,3,5,1,2022
RA-92,5,16.0,2016,9.2,7.1,5.0,16.0,6.667,5.0,-1,6.957,2022,5.0,6.0,1.0,-6.800000000000001,-8.9,8.161166666666666,2,5,1,2022
RA-93,5,15.0,2016,8.3,9.7,8.1,15.0,9.083,10.0,0,8.941,2022,5.0,6.0,0.0,-6.699999999999999,-5.300000000000001,10.0305,0,5,0,2022
RA-94,5,15.0,2018,8.3,9.6,8.1,15.0,9.583,10.0,0,8.921,2022,5.0,4.0,0.0,-6.699999999999999,-5.4,10.097166666666666,0,5,1,2022
RA-96,5,16.0,2021,9.2,7.8,6.9,16.0,8.5,5.0,-1,7.54,2022,5.0,1.0,1.0,-6.800000000000001,-8.2,8.9,1,5,1,2022
RA-98,5,15.0,2017,8.8,10.0,9.4,15.0,9.667,10.0,0,9.354,2022,5.0,5.0,0.0,-6.199999999999999,-5.0,10.477833333333335,0,5,0,2022
RA-99,5,16.0,2019,8.8,6.3,7.5,16.0,5.833,5.0,-1,6.158,2022,5.0,3.0,1.0,-7.199999999999999,-9.7,8.238833333333334,2,5,1,2022
RA-103,4,13.0,2020,7.9,8.7,7.5,13.0,7.708,10.0,1,8.107,2022,4.0,2.0,0.0,-5.1,-4.300000000000001,9.134666666666666,0,4,0,2022
RA-104,4,18.0,2022,7.9,8.7,7.5,18.0,6.708,2.5,-4,6.315,2022,4.0,0.0,1.0,-10.1,-9.3,8.551333333333334,1,4,1,2022
RA-106,4,15.0,2016,9.2,8.0,9.4,15.0,8.375,5.0,-1,7.973,2022,4.0,6.0,1.0,-5.800000000000001,-7.0,9.1625,1,4,0,2022
RA-107,4,15.0,2018,7.5,6.4,7.5,15.0,6.5,5.0,-1,6.258,2022,4.0,4.0,1.0,-7.5,-8.6,7.983333333333333,1,4,0,2022
RA-108,4,17.0,2019,4.6,7.7,5.0,17.0,6.125,2.5,-3,5.547,2022,4.0,3.0,1.0,-12.4,-9.3,7.154166666666666,3,4,1,2022
RA-109,4,16.0,2021,8.8,10.0,8.8,16.0,8.667,5.0,-2,8.512,2022,4.0,1.0,1.0,-7.199999999999999,-6.0,9.544500000000001,1,4,1,2022
RA-110,4,14.0,2017,9.2,9.7,5.6,14.0,8.0,10.0,0,8.15,2022,4.0,5.0,0.0,-4.800000000000001,-4.300000000000001,9.416666666666666,1,4,0,2022
RA-111,4,13.0,2020,7.5,9.4,8.1,13.0,8.667,10.0,1,8.646,2022,4.0,2.0,0.0,-5.5,-3.5999999999999996,9.4445,0,4,0,2022
RA-112,4,15.0,2016,7.9,7.8,6.3,15.0,8.833,5.0,-1,7.836,2022,4.0,6.0,1.0,-7.1,-7.2,8.472166666666666,1,4,1,2022
RA-114,4,16.0,2022,7.9,6.3,7.5,16.0,5.0,5.0,-2,5.894,2022,4.0,0.0,1.0,-8.1,-9.7,7.95,2,4,1,2022
RA-115,4,16.0,2019,8.3,6.8,6.3,16.0,5.583,5.0,-2,5.886,2022,4.0,3.0,1.0,-7.699999999999999,-9.2,7.997166666666668,2,4,1,2022
RA-116,4,16.0,2019,5.8,8.1,6.3,16.0,7.792,5.0,-2,6.854,2022,4.0,3.0,1.0,-10.2,-7.9,8.165333333333335,2,4,1,2022
RA-119,4,14.0,2016,8.3,8.2,5.6,14.0,7.875,10.0,0,7.501,2022,4.0,6.0,0.0,-5.699999999999999,-5.800000000000001,8.995833333333334,1,4,0,2022
RA-121,4,16.0,2021,7.1,8.4,6.3,16.0,7.625,5.0,-2,7.245,2022,4.0,1.0,1.0,-8.9,-7.6,8.404166666666667,1,4,1,2022
RA-123,4,16.0,2017,7.9,8.6,5.6,16.0,7.292,5.0,-2,7.084,2022,4.0,5.0,1.0,-8.1,-7.4,8.398666666666667,2,4,1,2022
RA-125,4,15.0,2022,8.8,8.5,7.5,15.0,7.75,5.0,-1,7.619,2022,4.0,0.0,1.0,-6.199999999999999,-6.5,8.758333333333333,1,4,1,2022
RA-127,4,14.0,2022,7.5,8.7,7.5,14.0,8.125,10.0,0,8.283,2022,4.0,0.0,0.0,-6.5,-5.300000000000001,9.304166666666667,0,4,0,2022
RA-128,4,15.0,2019,0.0,6.2,7.5,15.0,6.167,5.0,-1,5.563,2022,4.0,3.0,1.0,-15.0,-8.8,6.6445,2,4,1,2022
RA-131,4,15.0,2016,8.8,9.0,5.6,15.0,7.75,5.0,-1,7.174,2022,4.0,6.0,1.0,-6.199999999999999,-6.0,8.525,2,4,1,2022
RA-132,4,14.0,2019,10.0,8.8,5.6,14.0,8.458,10.0,0,8.355,2022,4.0,3.0,0.0,-4.0,-5.199999999999999,9.476333333333333,1,4,0,2022
RA-133,4,15.0,2016,7.9,7.1,7.5,15.0,7.625,5.0,-1,6.875,2022,4.0,6.0,1.0,-7.1,-7.9,8.354166666666666,1,4,1,2022
RA-137,4,17.0,2016,7.5,8.9,5.0,17.0,7.792,2.5,-3,7.056,2022,4.0,6.0,1.0,-9.5,-8.1,8.115333333333334,2,4,1,2022
RA-138,4,15.0,2016,9.6,8.0,5.6,15.0,6.375,5.0,-1,6.738,2022,4.0,6.0,1.0,-5.4,-7.0,8.262500000000001,2,4,1,2022
RA-141,4,14.0,2017,9.2,8.2,5.6,14.0,5.917,10.0,0,7.118,2022,4.0,5.0,0.0,-4.800000000000001,-5.800000000000001,8.8195,2,4,1,2022
RA-143,4,13.0,2019,8.3,9.9,5.6,13.0,9.5,10.0,1,8.638,2022,4.0,3.0,0.0,-4.699999999999999,-3.0999999999999996,9.383333333333335,1,4,0,2022
RA-144,4,14.0,2017,7.5,9.3,5.0,14.0,8.292,10.0,0,8.181,2022,4.0,5.0,0.0,-6.5,-4.699999999999999,9.015333333333333,1,4,0,2022
RA-145,4,16.0,2017,0.0,6.3,8.1,16.0,7.25,5.0,-2,5.846,2022,4.0,5.0,1.0,-16.0,-9.7,7.108333333333333,2,4,1,2022
RA-146,4,15.0,2022,8.3,9.2,7.5,15.0,8.208,5.0,-1,7.947,2022,4.0,0.0,1.0,-6.699999999999999,-5.800000000000001,8.868,1,4,1,2022
RA-147,4,14.0,2022,8.3,7.7,7.5,14.0,7.25,10.0,0,7.541,2022,4.0,0.0,0.0,-5.699999999999999,-6.3,9.125,0,4,1,2022
RA-149,4,15.0,2022,9.2,6.5,7.5,15.0,6.125,5.0,-1,6.323,2022,4.0,0.0,1.0,-5.800000000000001,-8.5,8.220833333333333,1,4,1,2022
RA-151,4,16.0,2020,8.8,7.5,6.9,16.0,7.958,5.0,-2,7.563,2022,4.0,2.0,1.0,-7.199999999999999,-8.5,8.693,1,4,1,2022
RA-152,4,16.0,2022,8.3,7.0,7.5,16.0,6.292,5.0,-2,6.712,2022,4.0,0.0,1.0,-7.699999999999999,-9.0,8.348666666666666,1,4,1,2022
RA-153,4,14.0,2018,7.9,8.2,5.0,14.0,7.708,10.0,0,7.535,2022,4.0,4.0,0.0,-6.1,-5.800000000000001,8.801333333333334,1,4,0,2022
RA-155,4,16.0,2022,10.0,8.3,7.5,16.0,6.833,5.0,-2,7.051,2022,4.0,0.0,1.0,-6.0,-7.699999999999999,8.938833333333333,1,4,1,2022
RA-157,4,12.0,2018,7.5,10.0,6.3,12.0,8.292,10.0,1,8.317,2022,4.0,4.0,0.0,-4.5,-2.0,9.015333333333333,0,4,0,2022
RA-158,4,17.0,2017,7.9,9.8,5.6,17.0,8.125,2.5,-3,7.302,2022,4.0,5.0,1.0,-9.1,-7.199999999999999,8.4875,2,4,0,2022
RA-159,4,15.0,2021,8.3,8.1,5.6,15.0,6.458,5.0,-1,6.49,2022,4.0,1.0,1.0,-6.699999999999999,-6.9,8.076333333333332,2,4,1,2022
RA-160,4,15.0,2021,7.5,7.2,5.6,15.0,8.25,5.0,-1,6.746,2022,4.0,1.0,1.0,-7.5,-7.8,8.091666666666667,2,4,1,2022
RA-161,4,11.0,2018,7.9,9.1,5.6,11.0,8.083,10.0,2,7.957,2022,4.0,4.0,0.0,-3.0999999999999996,-1.9000000000000004,8.613833333333334,1,4,0,2022
RA-164,4,16.0,2018,8.3,7.3,5.6,16.0,7.208,5.0,-2,6.776,2022,4.0,4.0,1.0,-7.699999999999999,-8.7,8.234666666666667,2,4,1,2022
RA-165,4,14.0,2017,7.1,9.8,5.6,14.0,7.5,10.0,0,8.063,2022,4.0,5.0,0.0,-6.9,-4.199999999999999,9.0,1,4,0,2022
RA-166,4,14.0,2020,9.2,9.0,6.3,14.0,7.542,10.0,0,8.253,2022,4.0,2.0,0.0,-4.800000000000001,-5.0,9.340333333333334,0,4,0,2022
RA-167,4,16.0,2018,9.2,9.7,5.6,16.0,7.833,5.0,-2,7.798,2022,4.0,4.0,1.0,-6.800000000000001,-6.300000000000001,8.888833333333332,2,4,1,2022
RA-168,4,15.0,2018,7.9,8.3,6.3,15.0,7.083,5.0,-1,6.917,2022,4.0,4.0,1.0,-7.1,-6.699999999999999,8.263833333333332,1,4,0,2022
RA-170,4,14.0,2018,8.3,9.2,5.6,14.0,5.792,10.0,0,7.007,2022,4.0,4.0,0.0,-5.699999999999999,-4.800000000000001,8.815333333333333,2,4,1,2022
RA-171,4,16.0,2022,7.5,6.8,7.5,16.0,6.875,5.0,-2,6.581,2022,4.0,0.0,1.0,-8.5,-9.2,8.279166666666667,1,4,1,2022
RA-172,4,14.0,2018,9.2,8.9,9.4,14.0,8.917,10.0,0,8.673,2022,4.0,4.0,0.0,-4.800000000000001,-5.1,10.0695,0,4,0,2022
RA-173,4,17.0,2019,8.3,9.2,6.9,17.0,9.25,2.5,-3,7.816,2022,4.0,3.0,1.0,-8.7,-7.800000000000001,8.858333333333333,1,4,1,2022
RA-174,4,15.0,2019,7.9,6.2,7.5,15.0,6.042,5.0,-1,6.075,2022,4.0,3.0,1.0,-7.1,-8.8,7.940333333333334,1,4,1,2022
RA-175,4,15.0,2018,8.3,9.2,5.6,15.0,5.833,5.0,-1,6.75,2022,4.0,4.0,1.0,-6.699999999999999,-5.800000000000001,8.1555,3,4,1,2022
RA-176,3,13.0,2018,9.6,9.1,5.6,13.0,9.083,10.0,0,8.427,2022,3.0,4.0,0.0,-3.4000000000000004,-3.9000000000000004,9.397166666666665,1,3,0,2022
RA-178,3,13.0,2016,0.0,8.8,4.4,13.0,8.458,10.0,0,7.025,2022,3.0,6.0,0.0,-13.0,-4.199999999999999,7.4430000000000005,2,3,0,2022
RA-179,3,12.0,2022,7.5,9.2,7.5,12.0,8.042,10.0,0,7.993,2022,3.0,0.0,0.0,-4.5,-2.8000000000000007,9.040333333333335,0,3,0,2022
RA-180,3,12.0,2018,9.2,8.3,6.3,12.0,8.625,10.0,0,8.442,2022,3.0,4.0,0.0,-2.8000000000000007,-3.6999999999999993,9.070833333333333,0,3,0,2022
RA-181,3,13.0,2019,9.2,9.5,8.8,13.0,8.458,10.0,0,8.623,2022,3.0,3.0,0.0,-3.8000000000000007,-3.5,9.826333333333332,0,3,0,2022
RA-183,3,13.0,2022,8.3,8.8,7.5,13.0,7.25,10.0,0,7.3,2022,3.0,0.0,0.0,-4.699999999999999,-4.199999999999999,9.141666666666667,0,3,1,2022
RA-184,3,16.0,2019,8.8,7.7,7.5,16.0,8.0,2.5,-3,7.28,2022,3.0,3.0,1.0,-7.199999999999999,-8.3,8.416666666666666,1,3,0,2022
RA-186,3,13.0,2019,8.3,8.5,7.5,13.0,7.5,10.0,0,7.832,2022,3.0,3.0,0.0,-4.699999999999999,-4.5,9.133333333333333,0,3,0,2022
RA-187,3,12.0,2019,8.8,8.9,7.5,12.0,7.917,10.0,0,7.928,2022,3.0,3.0,0.0,-3.1999999999999993,-3.0999999999999996,9.186166666666667,0,3,0,2022
RA-189,3,14.0,2018,10.0,9.7,5.0,14.0,7.333,5.0,-1,7.629,2022,3.0,4.0,1.0,-4.0,-4.300000000000001,8.5055,2,3,0,2022
RA-190,3,13.0,2022,6.7,6.9,8.8,13.0,7.25,10.0,0,7.335,2022,3.0,0.0,0.0,-6.3,-6.1,8.775,0,3,1,2022
RA-191,3,13.0,2019,10.0,9.4,8.8,13.0,8.5,10.0,0,8.74,2022,3.0,3.0,0.0,-3.0,-3.5999999999999996,9.950000000000001,0,3,0,2022
RA-192,3,15.0,2021,8.8,3.6,7.5,15.0,4.708,5.0,-2,4.932,2022,3.0,1.0,1.0,-6.199999999999999,-11.4,7.434666666666666,3,3,1,2022
RA-193,3,12.0,2016,9.2,8.9,5.6,12.0,8.5,10.0,0,8.155,2022,3.0,6.0,0.0,-2.8000000000000007,-3.0999999999999996,9.033333333333333,1,3,0,2022
RA-195,3,13.0,2017,8.8,9.2,5.0,13.0,8.25,10.0,0,8.017,2022,3.0,5.0,0.0,-4.199999999999999,-3.8000000000000007,9.041666666666666,1,3,0,2022
RA-196,3,12.0,2018,9.2,9.1,7.5,12.0,8.625,10.0,0,8.124,2022,3.0,4.0,0.0,-2.8000000000000007,-2.9000000000000004,9.404166666666667,0,3,0,2022
RA-197,3,13.0,2021,8.8,9.7,4.4,13.0,8.292,10.0,0,8.218,2022,3.0,1.0,0.0,-4.199999999999999,-3.3000000000000007,9.032,1,3,0,2022
RA-199,3,13.0,2022,8.3,7.1,7.5,13.0,6.458,10.0,0,7.564,2022,3.0,0.0,0.0,-4.699999999999999,-5.9,8.726333333333333,0,3,1,2022
RA-200,3,15.0,2018,7.9,5.6,4.4,15.0,4.917,5.0,-2,5.705,2022,3.0,4.0,1.0,-7.1,-9.4,7.136166666666667,4,3,1,2022
RA-202,3,14.0,2017,0.0,5.2,4.4,14.0,6.917,5.0,-1,5.201,2022,3.0,5.0,1.0,-14.0,-8.8,5.9195,4,3,1,2022
RA-204,3,13.0,2019,7.9,6.7,4.4,13.0,5.708,10.0,0,6.943,2022,3.0,3.0,0.0,-5.1,-6.3,7.951333333333333,2,3,0,2022
RA-205,3,14.0,2020,9.6,3.8,7.5,14.0,4.833,5.0,-1,5.372,2022,3.0,2.0,1.0,-4.4,-10.2,7.4555,3,3,1,2022
RA-211,3,13.0,2021,9.2,8.8,7.5,13.0,8.458,10.0,0,8.465,2022,3.0,1.0,0.0,-3.8000000000000007,-4.199999999999999,9.493,0,3,0,2022
RA-215,3,13.0,2021,6.7,5.8,7.5,13.0,6.542,10.0,0,7.172,2022,3.0,1.0,0.0,-6.3,-7.2,8.257,1,3,0,2022
RA-217,3,15.0,2021,7.9,8.5,7.5,15.0,7.292,5.0,-2,7.397,2022,3.0,1.0,1.0,-7.1,-6.5,8.532,1,3,1,2022
RA-218,3,14.0,2022,6.3,7.3,7.5,14.0,6.125,5.0,-1,6.1,2022,3.0,0.0,1.0,-7.7,-6.7,7.704166666666667,1,3,1,2022
RA-220,3,13.0,2022,0.0,8.1,7.5,13.0,7.833,10.0,0,7.028,2022,3.0,0.0,0.0,-13.0,-4.9,7.738833333333333,1,3,0,2022
RA-221,3,14.0,2022,9.6,8.5,7.5,14.0,6.0,5.0,-1,6.892,2022,3.0,0.0,1.0,-4.4,-5.5,8.433333333333334,1,3,1,2022
RA-223,3,13.0,2022,0.0,4.6,7.5,13.0,5.583,10.0,0,4.966,2022,3.0,0.0,0.0,-13.0,-8.4,6.7805,3,3,1,2022
RA-227,3,12.0,2022,9.2,6.4,7.5,12.0,5.833,10.0,0,6.471,2022,3.0,0.0,0.0,-2.8000000000000007,-5.6,8.488833333333334,1,3,0,2022
RA-229,3,12.0,2022,10.0,9.4,7.5,12.0,8.5,10.0,0,8.62,2022,3.0,0.0,0.0,-2.0,-2.5999999999999996,9.566666666666666,0,3,0,2022
RA-234,3,13.0,2022,10.0,7.6,5.6,13.0,5.583,10.0,0,6.719,2022,3.0,0.0,0.0,-3.0,-5.4,8.6305,2,3,0,2022
RA-236,3,12.0,2022,9.6,7.5,7.5,12.0,7.208,10.0,0,7.11,2022,3.0,0.0,0.0,-2.4000000000000004,-4.5,8.968,0,3,0,2022
RA-237,3,14.0,2022,10.0,9.0,7.5,14.0,8.417,5.0,-1,8.084,2022,3.0,0.0,1.0,-4.0,-5.0,8.986166666666668,1,3,1,2022
RA-239,3,15.0,2021,0.0,3.7,7.5,15.0,5.958,5.0,-2,4.572,2022,3.0,1.0,1.0,-15.0,-11.3,6.1930000000000005,4,3,1,2022
RA-240,3,13.0,2017,7.1,8.1,5.0,13.0,7.042,10.0,0,6.943,2022,3.0,5.0,0.0,-5.9,-4.9,8.373666666666667,1,3,0,2022
RA-241,3,14.0,2016,10.0,10.0,7.5,14.0,9.125,5.0,-1,8.468,2022,3.0,6.0,1.0,-4.0,-4.0,9.270833333333334,1,3,1,2022
RA-242,3,13.0,2018,9.6,9.7,5.6,13.0,8.708,10.0,0,8.673,2022,3.0,4.0,0.0,-3.4000000000000004,-3.3000000000000007,9.434666666666667,1,3,0,2022
RA-244,3,12.0,2018,7.5,9.4,6.3,12.0,9.208,10.0,0,8.51,2022,3.0,4.0,0.0,-4.5,-2.5999999999999996,9.068,0,3,0,2022
RA-245,3,14.0,2016,10.0,9.9,7.5,14.0,9.25,5.0,-1,8.656,2022,3.0,6.0,1.0,-4.0,-4.1,9.275,1,3,1,2022
RA-246,3,13.0,2022,8.3,9.4,7.5,13.0,9.167,10.0,0,8.639,2022,3.0,0.0,0.0,-4.699999999999999,-3.5999999999999996,9.561166666666667,0,3,0,2022
RA-247,3,13.0,2021,8.3,8.2,7.5,13.0,7.875,10.0,0,7.72,2022,3.0,1.0,0.0,-4.699999999999999,-4.800000000000001,9.145833333333334,0,3,0,2022
RA-249,3,14.0,2017,6.7,7.4,5.0,14.0,4.292,5.0,-1,5.097,2022,3.0,5.0,1.0,-7.3,-6.6,7.065333333333334,3,3,1,2022
RA-250,3,12.0,2022,8.3,8.6,7.5,12.0,7.625,10.0,0,7.958,2022,3.0,0.0,0.0,-3.6999999999999993,-3.4000000000000004,9.004166666666666,0,3,0,2022
RA-251,3,15.0,2018,10.0,8.1,5.6,15.0,6.625,5.0,-2,7.022,2022,3.0,4.0,1.0,-5.0,-6.9,8.387500000000001,2,3,1,2022
RA-254,3,14.0,2019,10.0,7.4,5.6,14.0,6.917,5.0,-1,6.715,2022,3.0,3.0,1.0,-4.0,-6.6,8.152833333333334,2,3,1,2022
RA-260,3,13.0,2019,10.0,8.2,7.5,13.0,6.458,10.0,0,7.44,2022,3.0,3.0,0.0,-3.0,-4.800000000000001,9.193,0,3,0,2022
RA-262,3,15.0,2021,0.0,5.8,5.6,15.0,5.625,5.0,-2,4.786,2022,3.0,1.0,1.0,-15.0,-9.2,6.170833333333333,5,3,1,2022
RA-265,3,13.0,2019,8.3,7.7,7.5,13.0,7.917,10.0,0,7.926,2022,3.0,3.0,0.0,-4.699999999999999,-5.3,9.0695,0,3,0,2022
RA-267,3,15.0,2016,10.0,7.4,5.0,15.0,6.292,5.0,-2,6.012,2022,3.0,6.0,1.0,-5.0,-7.6,8.115333333333334,2,3,1,2022
RA-269,3,13.0,2022,9.2,8.6,6.3,13.0,7.25,10.0,0,8.231,2022,3.0,0.0,0.0,-3.8000000000000007,-4.4,9.058333333333332,0,3,0,2022
RA-270,3,13.0,2019,8.3,8.4,6.9,13.0,8.125,10.0,0,8.226,2022,3.0,3.0,0.0,-4.699999999999999,-4.6,9.120833333333334,0,3,0,2022
RA-271,3,15.0,2022,9.2,8.5,5.6,15.0,6.958,5.0,-2,7.255,2022,3.0,0.0,1.0,-5.800000000000001,-6.5,8.376333333333333,2,3,1,2022
RA-273,3,14.0,2018,9.2,5.3,7.5,14.0,5.833,5.0,-1,5.679,2022,3.0,4.0,1.0,-4.800000000000001,-8.7,7.805499999999999,3,3,1,2022
RA-274,3,11.0,2019,7.9,8.3,7.5,11.0,7.0,10.0,1,7.946,2022,3.0,3.0,0.0,-3.0999999999999996,-2.6999999999999993,8.616666666666667,0,3,0,2022
RA-276,3,14.0,2017,7.1,5.7,5.6,14.0,5.125,5.0,-1,5.527,2022,3.0,5.0,1.0,-6.9,-8.3,7.0874999999999995,4,3,0,2022
RA-277,3,14.0,2021,7.1,8.8,7.5,14.0,7.208,5.0,-1,7.411,2022,3.0,1.0,1.0,-6.9,-5.199999999999999,8.267999999999999,1,3,1,2022
RA-278,3,12.0,2018,8.8,9.2,5.6,12.0,7.417,10.0,0,7.741,2022,3.0,4.0,0.0,-3.1999999999999993,-2.8000000000000007,8.836166666666667,1,3,0,2022
RA-279,3,13.0,2019,9.2,9.9,6.3,13.0,8.208,10.0,0,8.815,2022,3.0,3.0,0.0,-3.8000000000000007,-3.0999999999999996,9.434666666666667,0,3,0,2022
RA-280,3,13.0,2021,7.5,9.2,7.5,13.0,7.333,10.0,0,8.046,2022,3.0,1.0,0.0,-5.5,-3.8000000000000007,9.088833333333334,0,3,0,2022
RA-283,3,14.0,2020,9.6,8.8,7.5,14.0,6.625,5.0,-1,7.131,2022,3.0,2.0,1.0,-4.4,-5.199999999999999,8.5875,1,3,1,2022
RA-285,3,16.0,2020,9.2,4.1,7.5,16.0,5.75,2.5,-3,5.063,2022,3.0,2.0,1.0,-6.800000000000001,-11.9,7.508333333333333,3,3,1,2022
RA-286,3,15.0,2022,7.1,5.8,6.3,15.0,5.625,5.0,-2,5.424,2022,3.0,0.0,1.0,-7.9,-9.2,7.470833333333334,3,3,1,2022
RA-287,3,17.0,2022,7.9,3.4,5.0,17.0,4.292,2.5,-4,3.7,2022,3.0,0.0,1.0,-9.1,-13.6,6.6819999999999995,4,3,1,2022
RA-291,3,13.0,2022,8.3,8.2,6.9,13.0,7.792,10.0,0,8.122,2022,3.0,0.0,0.0,-4.699999999999999,-4.800000000000001,9.032,0,3,0,2022
RA-295,3,14.0,2022,7.9,8.0,7.5,14.0,7.375,5.0,-1,7.305,2022,3.0,0.0,1.0,-6.1,-6.0,8.295833333333333,1,3,1,2022
RA-298,3,13.0,2019,9.2,6.3,5.6,13.0,5.417,10.0,0,6.409,2022,3.0,3.0,0.0,-3.8000000000000007,-6.7,8.252833333333333,2,3,1,2022
RA-299,3,13.0,2019,7.1,8.2,5.0,13.0,6.708,10.0,0,7.278,2022,3.0,3.0,0.0,-5.9,-4.800000000000001,8.334666666666665,1,3,0,2022
RA-300,3,14.0,2022,5.4,6.9,6.3,14.0,5.875,5.0,-1,5.557,2022,3.0,0.0,1.0,-8.6,-7.1,7.245833333333334,3,3,1,2022
RA-301,3,13.0,2019,8.8,5.8,5.6,13.0,6.042,10.0,0,6.802,2022,3.0,3.0,0.0,-4.199999999999999,-7.2,8.207,2,3,0,2022
RA-302,3,16.0,2022,9.2,7.7,6.9,16.0,6.208,2.5,-3,6.334,2022,3.0,0.0,1.0,-6.800000000000001,-8.3,8.084666666666665,1,3,1,2022
RA-303,3,14.0,2019,7.5,7.2,7.5,14.0,5.375,5.0,-1,6.03,2022,3.0,3.0,1.0,-6.5,-6.8,7.7625,2,3,1,2022
RA-304,3,15.0,2020,8.8,7.7,7.5,15.0,5.542,5.0,-2,6.355,2022,3.0,2.0,1.0,-6.199999999999999,-7.3,8.257,2,3,1,2022
RA-305,3,14.0,2019,7.9,6.6,7.5,14.0,5.208,5.0,-1,6.058,2022,3.0,3.0,1.0,-6.1,-7.4,7.701333333333333,2,3,1,2022
RA-306,3,14.0,2021,8.3,6.8,7.5,14.0,5.958,5.0,-1,6.427,2022,3.0,1.0,1.0,-5.699999999999999,-7.2,7.926333333333333,2,3,1,2022
RA-307,3,14.0,2022,5.4,4.5,7.5,14.0,4.708,5.0,-1,4.733,2022,3.0,0.0,1.0,-8.6,-9.5,6.851333333333333,4,3,1,2022
RA-308,3,13.0,2019,7.9,7.4,6.9,13.0,6.167,10.0,0,6.93,2022,3.0,3.0,0.0,-5.1,-5.6,8.561166666666667,0,3,0,2022
RA-313,3,14.0,2022,7.5,7.0,5.0,14.0,5.889,5.0,-1,5.8,2022,3.0,0.0,1.0,-6.5,-7.0,7.3981666666666674,3,3,0,2022
RA-315,3,13.0,2022,6.7,5.1,7.5,13.0,5.056,10.0,0,5.672,2022,3.0,0.0,0.0,-6.3,-7.9,7.892666666666666,2,3,1,2022
RA-316,3,14.0,2022,10.0,10.0,6.9,14.0,8.389,5.0,-1,7.889,2022,3.0,0.0,1.0,-4.0,-4.0,9.048166666666667,1,3,0,2022
RA-318,3,14.0,2019,8.3,6.9,6.9,14.0,6.111,5.0,-1,6.527,2022,3.0,3.0,1.0,-5.699999999999999,-7.1,7.8685,1,3,1,2022
RA-319,3,13.0,2022,9.2,7.7,7.5,13.0,7.5,10.0,0,7.448,2022,3.0,0.0,0.0,-3.8000000000000007,-5.3,9.15,0,3,0,2022
RA-320,3,14.0,2022,8.8,10.0,6.9,14.0,8.667,5.0,-1,7.897,2022,3.0,0.0,1.0,-5.199999999999999,-4.0,8.8945,1,3,0,2022
RA-321,3,12.0,2022,9.2,9.1,5.6,12.0,8.278,10.0,0,7.792,2022,3.0,0.0,0.0,-2.8000000000000007,-2.9000000000000004,9.029666666666666,1,3,0,2022
RA-322,3,13.0,2022,7.1,8.1,5.0,13.0,6.778,10.0,0,6.859,2022,3.0,0.0,0.0,-5.9,-4.9,8.329666666666666,1,3,0,2022
RA-324,2,10.0,2022,10.0,9.3,6.9,10.0,8.611,10.0,0,8.27,2022,2.0,0.0,0.0,0.0,-0.6999999999999993,9.135166666666668,0,2,0,2022
RA-325,2,10.0,2022,9.5,6.8,7.5,10.0,8.444,10.0,0,7.619,2022,2.0,0.0,0.0,-0.5,-3.2,8.707333333333333,0,2,0,2022
RA-326,2,12.0,2022,10.0,9.7,5.0,12.0,8.944,5.0,-1,8.22,2022,2.0,0.0,1.0,-2.0,-2.3000000000000007,8.440666666666667,2,2,0,2022
RA-330,2,14.0,2018,9.5,8.8,7.5,14.0,7.056,5.0,-2,6.446,2022,2.0,4.0,1.0,-4.5,-5.199999999999999,8.642666666666665,1,2,1,2022
RA-331,2,12.0,2019,9.0,8.7,7.5,12.0,6.944,5.0,-1,6.636,2022,2.0,3.0,1.0,-3.0,-3.3000000000000007,8.190666666666667,1,2,0,2022
RA-332,2,13.0,2017,9.5,9.0,8.1,13.0,8.5,5.0,-1,7.883,2022,2.0,5.0,1.0,-3.5,-4.0,8.85,1,2,1,2022
RA-336,2,13.0,2016,9.5,8.5,4.4,13.0,7.889,5.0,-1,6.787,2022,2.0,6.0,1.0,-3.5,-4.5,8.048166666666667,2,2,1,2022
RA-338,2,12.0,2019,8.5,7.3,7.5,12.0,7.611,5.0,-1,6.837,2022,2.0,3.0,1.0,-3.5,-4.7,7.985166666666665,1,2,0,2022
RA-339,2,11.0,2019,6.9,9.9,7.5,11.0,8.889,10.0,0,8.488,2022,2.0,3.0,0.0,-4.1,-1.0999999999999996,9.0315,0,2,0,2022
RA-340,2,11.0,2017,9.0,8.2,7.5,11.0,7.667,10.0,0,7.721,2022,2.0,5.0,0.0,-2.0,-2.8000000000000007,8.8945,0,2,1,2022
RA-342,2,14.0,2021,9.0,6.7,7.5,14.0,7.5,5.0,-2,6.941,2022,2.0,1.0,1.0,-5.0,-7.3,8.283333333333333,1,2,1,2022
RA-343,2,14.0,2020,9.5,7.4,7.5,14.0,7.167,5.0,-2,6.9,2022,2.0,2.0,1.0,-4.5,-6.6,8.427833333333334,1,2,1,2022
RA-345,2,13.0,2021,9.5,5.4,5.6,13.0,6.667,5.0,-1,5.75,2022,2.0,1.0,1.0,-3.5,-7.6,7.527833333333334,3,2,1,2022
RA-346,2,10.0,2022,10.0,9.1,7.5,10.0,7.889,10.0,0,8.143,2022,2.0,0.0,0.0,0.0,-0.9000000000000004,9.0815,0,2,0,2022
RA-347,2,12.0,2019,9.0,10.0,5.6,12.0,8.0,5.0,-1,7.908,2022,2.0,3.0,1.0,-3.0,-2.0,8.266666666666667,2,2,0,2022
RA-348,2,12.0,2022,9.0,8.7,7.5,12.0,5.833,5.0,-1,5.864,2022,2.0,0.0,1.0,-3.0,-3.3000000000000007,8.0055,2,2,1,2022
RA-350,2,11.0,2022,10.0,8.8,7.5,11.0,8.611,10.0,0,8.206,2022,2.0,0.0,0.0,-1.0,-2.1999999999999993,9.3185,0,2,1,2022
RA-352,2,11.0,2019,9.0,8.1,5.6,11.0,8.389,10.0,0,7.834,2022,2.0,3.0,0.0,-2.0,-2.9000000000000004,8.6815,1,2,0,2022
RA-353,2,11.0,2022,7.0,10.0,7.5,11.0,8.444,10.0,0,8.264,2022,2.0,0.0,0.0,-4.0,-1.0,8.990666666666668,0,2,0,2022
RA-356,2,12.0,2019,10.0,8.4,5.0,12.0,8.278,5.0,-1,6.69,2022,2.0,3.0,1.0,-2.0,-3.5999999999999996,8.113,2,2,0,2022
RA-357,2,12.0,2022,8.0,9.6,7.5,12.0,7.778,5.0,-1,7.836,2022,2.0,0.0,1.0,-4.0,-2.4000000000000004,8.313,1,2,1,2022
RA-359,2,12.0,2019,9.0,7.0,7.5,12.0,7.5,5.0,-1,6.606,2022,2.0,3.0,1.0,-3.0,-5.0,8.0,1,2,0,2022
RA-360,2,12.0,2019,9.5,8.5,7.5,12.0,7.5,5.0,-1,7.075,2022,2.0,3.0,1.0,-2.5,-3.5,8.333333333333334,1,2,0,2022
RA-362,2,12.0,2018,8.5,7.9,7.5,12.0,7.5,5.0,-1,7.413,2022,2.0,4.0,1.0,-3.5,-4.1,8.066666666666666,1,2,0,2022
RA-363,2,12.0,2022,10.0,10.0,6.9,12.0,7.056,5.0,-1,6.644,2022,2.0,0.0,1.0,-2.0,-2.0,8.492666666666667,1,2,1,2022
RA-364,2,11.0,2019,9.5,10.0,7.5,11.0,8.167,10.0,0,8.75,2022,2.0,3.0,0.0,-1.5,-1.0,9.361166666666668,0,2,0,2022
RA-365,2,10.0,2022,8.0,10.0,5.0,10.0,7.833,10.0,0,8.063,2022,2.0,0.0,0.0,-2.0,0.0,8.472166666666666,1,2,0,2022
RA-367,2,12.0,2018,8.5,7.4,6.3,12.0,7.5,5.0,-1,6.95,2022,2.0,4.0,1.0,-3.5,-4.6,7.783333333333334,1,2,0,2022
RA-368,2,13.0,2018,8.0,7.9,5.0,13.0,7.5,5.0,-1,6.969,2022,2.0,4.0,1.0,-5.0,-5.1,7.733333333333333,2,2,1,2022
RA-369,2,11.0,2022,9.0,6.9,7.5,11.0,6.889,10.0,0,6.973,2022,2.0,0.0,0.0,-2.0,-4.1,8.548166666666667,0,2,1,2022
RA-373,2,11.0,2022,6.4,9.5,5.0,11.0,6.944,10.0,0,7.503,2022,2.0,0.0,0.0,-4.6,-1.5,8.140666666666666,1,2,1,2022
RA-374,2,12.0,2021,9.0,9.8,7.5,12.0,7.944,5.0,-1,7.747,2022,2.0,1.0,1.0,-3.0,-2.1999999999999993,8.540666666666667,1,2,0,2022
RA-375,2,11.0,2019,9.0,9.5,7.5,11.0,7.667,10.0,0,7.831,2022,2.0,3.0,0.0,-2.0,-1.5,9.111166666666668,0,2,1,2022
RA-376,2,12.0,2019,9.0,9.0,7.5,12.0,7.5,5.0,-1,6.957,2022,2.0,3.0,1.0,-3.0,-3.0,8.333333333333334,1,2,1,2022
RA-377,2,12.0,2021,9.0,7.7,5.6,12.0,6.833,5.0,-1,6.743,2022,2.0,1.0,1.0,-3.0,-4.3,7.688833333333332,2,2,0,2022
RA-380,2,13.0,2017,7.9,4.4,5.0,13.0,4.833,5.0,-1,4.556,2022,2.0,5.0,1.0,-5.1,-8.6,6.688833333333334,4,2,1,2022
RA-381,2,13.0,2018,9.0,8.3,6.9,13.0,6.944,5.0,-1,6.454,2022,2.0,4.0,1.0,-4.0,-4.699999999999999,8.190666666666667,1,2,1,2022
RA-382,2,14.0,2017,9.0,7.7,6.3,14.0,7.333,5.0,-2,6.777,2022,2.0,5.0,1.0,-5.0,-6.3,8.222166666666666,1,2,1,2022
RA-383,2,11.0,2019,9.0,9.6,7.5,11.0,7.778,10.0,0,8.4,2022,2.0,3.0,0.0,-2.0,-1.4000000000000004,9.146333333333333,0,2,0,2022
RA-384,2,12.0,2017,9.0,8.4,6.3,12.0,8.0,5.0,-1,7.558,2022,2.0,5.0,1.0,-3.0,-3.5999999999999996,8.116666666666667,1,2,0,2022
RA-386,2,13.0,2019,10.0,5.9,5.6,13.0,7.222,5.0,-1,6.104,2022,2.0,3.0,1.0,-3.0,-7.1,7.787,3,2,1,2022
RA-387,2,13.0,2019,7.0,8.2,7.5,13.0,6.833,5.0,-1,6.323,2022,2.0,3.0,1.0,-6.0,-4.800000000000001,7.922166666666667,1,2,1,2022
RA-388,2,14.0,2019,7.9,8.5,5.6,14.0,7.722,5.0,-2,6.654,2022,2.0,3.0,1.0,-6.1,-5.5,8.120333333333333,2,2,1,2022
RA-389,2,11.0,2019,8.0,8.9,7.5,11.0,7.556,10.0,0,7.184,2022,2.0,3.0,0.0,-3.0,-2.0999999999999996,8.825999999999999,0,2,1,2022
RA-390,2,12.0,2022,7.4,8.8,6.3,12.0,7.722,5.0,-1,6.776,2022,2.0,0.0,1.0,-4.6,-3.1999999999999993,7.870333333333334,1,2,0,2022
RA-391,2,12.0,2022,10.0,8.1,7.5,12.0,8.056,5.0,-1,7.117,2022,2.0,0.0,1.0,-2.0,-3.9000000000000004,8.442666666666666,1,2,0,2022
RA-392,2,14.0,2022,9.5,8.8,5.6,14.0,6.778,5.0,-2,6.418,2022,2.0,0.0,1.0,-4.5,-5.199999999999999,8.279666666666666,2,2,1,2022
RA-395,2,11.0,2018,9.0,8.9,7.5,11.0,8.333,10.0,0,7.683,2022,2.0,4.0,0.0,-2.0,-2.0999999999999996,9.122166666666667,0,2,0,2022
RA-397,2,14.0,2017,9.0,5.7,6.9,14.0,7.167,5.0,-2,5.852,2022,2.0,5.0,1.0,-5.0,-8.3,7.961166666666667,2,2,1,2022
RA-398,2,10.0,2022,9.0,9.3,7.5,10.0,7.5,10.0,0,7.742,2022,2.0,0.0,0.0,-1.0,-0.6999999999999993,8.883333333333333,0,2,0,2022
RA-399,2,12.0,2022,6.8,9.3,5.6,12.0,7.5,5.0,-1,6.58,2022,2.0,0.0,1.0,-5.2,-2.6999999999999993,7.7,2,2,0,2022
RA-400,2,14.0,2018,9.0,8.5,5.0,14.0,7.444,5.0,-2,6.042,2022,2.0,4.0,1.0,-5.0,-5.5,8.157333333333334,2,2,1,2022
RA-401,2,12.0,2021,6.9,9.6,7.5,12.0,6.722,5.0,-1,6.645,2022,2.0,1.0,1.0,-5.1,-2.4000000000000004,7.953666666666667,1,2,1,2022
RA-402,2,12.0,2019,9.0,3.7,5.0,12.0,7.222,5.0,-1,5.261,2022,2.0,3.0,1.0,-3.0,-8.3,6.986999999999999,3,2,0,2022
RA-403,2,12.0,2020,9.5,9.3,7.5,12.0,7.5,5.0,-1,7.455,2022,2.0,2.0,1.0,-2.5,-2.6999999999999993,8.466666666666667,1,2,1,2022
RA-404,2,12.0,2020,9.0,7.3,7.5,12.0,6.944,5.0,-1,6.658,2022,2.0,2.0,1.0,-3.0,-4.7,7.957333333333334,1,2,1,2022
RA-407,2,13.0,2022,8.5,9.3,7.5,13.0,7.056,5.0,-1,7.195,2022,2.0,0.0,1.0,-4.5,-3.6999999999999993,8.392666666666665,1,2,1,2022
RA-408,2,12.0,2022,8.0,9.7,7.5,12.0,7.333,5.0,-1,6.725,2022,2.0,0.0,1.0,-4.0,-2.3000000000000007,8.2555,1,2,1,2022
RA-409,2,11.0,2022,7.9,9.7,7.5,11.0,7.5,10.0,0,8.15,2022,2.0,0.0,0.0,-3.0999999999999996,-1.3000000000000007,8.933333333333334,0,2,1,2022
RA-410,2,14.0,2018,7.4,6.5,6.3,14.0,7.444,5.0,-2,5.675,2022,2.0,4.0,1.0,-6.6,-7.5,7.774000000000001,1,2,1,2022
RA-411,2,12.0,2019,6.4,8.6,7.5,12.0,7.833,5.0,-1,7.232,2022,2.0,3.0,1.0,-5.6,-3.4000000000000004,7.888833333333333,1,2,0,2022
RA-412,2,12.0,2018,8.5,9.0,7.5,12.0,7.778,5.0,-1,7.556,2022,2.0,4.0,1.0,-3.5,-3.0,8.296333333333333,1,2,0,2022
RA-413,2,12.0,2022,6.4,8.7,5.6,12.0,7.056,5.0,-1,6.408,2022,2.0,0.0,1.0,-5.6,-3.3000000000000007,7.459333333333333,2,2,1,2022
RA-414,2,12.0,2021,8.0,9.3,7.5,12.0,7.667,5.0,-1,7.284,2022,2.0,1.0,1.0,-4.0,-2.6999999999999993,8.2445,1,2,0,2022
RA-415,2,11.0,2019,8.0,8.3,7.5,11.0,8.056,10.0,0,7.695,2022,2.0,3.0,0.0,-3.0,-2.6999999999999993,8.809333333333333,0,2,0,2022
RA-416,2,12.0,2018,9.5,9.3,8.8,12.0,8.222,5.0,-1,7.913,2022,2.0,4.0,1.0,-2.5,-2.6999999999999993,8.803666666666667,1,2,0,2022
RA-417,2,13.0,2022,10.0,10.0,7.5,13.0,9.556,5.0,-1,8.428,2022,2.0,0.0,1.0,-3.0,-3.0,9.176,1,2,0,2022
RA-418,2,10.0,2020,8.0,9.4,7.5,10.0,8.222,10.0,0,8.175,2022,2.0,2.0,0.0,-2.0,-0.5999999999999996,8.853666666666667,0,2,0,2022
RA-419,2,12.0,2019,7.5,9.2,5.6,12.0,8.389,5.0,-1,7.359,2022,2.0,3.0,1.0,-4.5,-2.8000000000000007,7.9481666666666655,2,2,0,2022
RA-420,2,11.0,2019,9.5,9.0,5.6,11.0,8.0,10.0,0,7.461,2022,2.0,3.0,0.0,-1.5,-2.0,8.85,1,2,0,2022
RA-421,2,11.0,2021,8.5,9.3,7.5,11.0,9.111,10.0,0,8.717,2022,2.0,1.0,0.0,-2.5,-1.6999999999999993,9.235166666666666,0,2,0,2022
RA-422,2,12.0,2022,8.5,10.0,7.5,12.0,7.5,5.0,-1,6.746,2022,2.0,0.0,1.0,-3.5,-2.0,8.416666666666666,1,2,1,2022
RA-423,2,12.0,2022,8.4,9.6,7.5,12.0,7.667,5.0,-1,6.647,2022,2.0,0.0,1.0,-3.5999999999999996,-2.4000000000000004,8.361166666666668,1,2,1,2022
RA-424,2,12.0,2022,9.0,10.0,7.5,12.0,8.222,5.0,-1,7.94,2022,2.0,0.0,1.0,-3.0,-2.0,8.620333333333333,1,2,0,2022
RA-425,2,12.0,2022,9.0,10.0,7.5,12.0,7.5,5.0,-1,8.117,2022,2.0,0.0,1.0,-3.0,-2.0,8.5,1,2,0,2022
RA-426,2,14.0,2022,9.0,6.5,7.5,14.0,7.111,5.0,-2,6.35,2022,2.0,0.0,1.0,-5.0,-7.5,8.185166666666666,1,2,1,2022
RA-428,2,13.0,2022,6.8,8.7,7.5,13.0,7.111,5.0,-1,7.683,2022,2.0,0.0,1.0,-6.2,-4.300000000000001,8.0185,1,2,0,2022
RA-430,2,13.0,2022,9.5,8.6,7.5,13.0,6.611,5.0,-1,7.585,2022,2.0,0.0,1.0,-3.5,-4.4,8.3685,1,2,1,2022
RA-432,2,14.0,2019,10.0,6.8,5.0,14.0,6.611,5.0,-2,6.34,2022,2.0,3.0,1.0,-4.0,-7.2,7.901833333333332,2,2,1,2022
RA-433,2,12.0,2022,8.5,7.3,5.0,12.0,5.778,5.0,-1,5.557,2022,2.0,0.0,1.0,-3.5,-4.7,7.262999999999999,3,2,1,2022
RA-434,2,11.0,2022,9.0,8.1,7.5,11.0,6.778,10.0,0,7.403,2022,2.0,0.0,0.0,-2.0,-2.9000000000000004,8.729666666666667,0,2,1,2022
RA-436,2,11.0,2022,9.5,8.1,7.5,11.0,6.611,10.0,0,6.687,2022,2.0,0.0,0.0,-1.5,-2.9000000000000004,8.785166666666667,0,2,1,2022
RA-437,2,13.0,2022,8.5,8.3,7.5,13.0,6.611,5.0,-1,6.875,2022,2.0,0.0,1.0,-4.5,-4.699999999999999,8.151833333333332,1,2,1,2022
RA-438,2,10.0,2022,8.0,8.7,7.5,10.0,6.889,10.0,0,7.764,2022,2.0,0.0,0.0,-2.0,-1.3000000000000007,8.514833333333334,0,2,0,2022
RA-440,2,11.0,2022,9.5,9.0,6.9,11.0,5.833,10.0,0,7.329,2022,2.0,0.0,0.0,-1.5,-2.0,8.705499999999999,1,2,0,2022
RA-442,2,11.0,2022,10.0,8.2,7.5,11.0,8.222,10.0,0,8.226,2022,2.0,0.0,0.0,-1.0,-2.8000000000000007,9.153666666666668,0,2,0,2022
RA-443,2,13.0,2019,9.0,9.1,7.5,13.0,8.5,5.0,-1,7.482,2022,2.0,3.0,1.0,-4.0,-3.9000000000000004,8.683333333333334,1,2,1,2022
RA-444,2,11.0,2018,9.0,7.2,5.0,11.0,7.778,10.0,0,6.665,2022,2.0,4.0,0.0,-2.0,-3.8,8.329666666666666,1,2,0,2022
RA-445,2,12.0,2022,9.0,9.4,7.5,12.0,7.5,5.0,-1,6.924,2022,2.0,0.0,1.0,-3.0,-2.5999999999999996,8.4,1,2,1,2022
RA-449,2,12.0,2022,0.0,6.0,7.5,12.0,8.111,5.0,-1,6.143,2022,2.0,0.0,1.0,-12.0,-6.0,6.435166666666667,2,2,0,2022
RA-450,2,13.0,2021,10.0,9.1,7.5,13.0,8.111,5.0,-1,7.843,2022,2.0,1.0,1.0,-3.0,-3.9000000000000004,8.785166666666667,1,2,1,2022
RA-451,2,13.0,2019,9.0,6.0,6.3,13.0,6.889,5.0,-1,6.434,2022,2.0,3.0,1.0,-4.0,-7.0,7.698166666666666,1,2,1,2022
RA-454,2,14.0,2018,9.5,8.6,5.0,14.0,5.444,5.0,-2,5.561,2022,2.0,4.0,1.0,-4.5,-5.4,7.924,3,2,1,2022
RA-456,2,12.0,2022,6.4,8.2,6.3,12.0,8.389,5.0,-1,7.193,2022,2.0,0.0,1.0,-5.6,-3.8000000000000007,7.714833333333334,1,2,1,2022
RA-457,2,12.0,2022,8.0,8.8,7.5,12.0,7.667,5.0,-1,7.68,2022,2.0,0.0,1.0,-4.0,-3.1999999999999993,8.161166666666666,1,2,0,2022
RA-458,2,13.0,2019,8.0,7.7,7.5,13.0,5.833,5.0,-1,6.512,2022,2.0,3.0,1.0,-5.0,-5.3,7.8388333333333335,2,2,1,2022
RA-459,2,12.0,2019,7.0,9.1,8.1,12.0,7.222,5.0,-1,7.28,2022,2.0,3.0,1.0,-5.0,-2.9000000000000004,8.070333333333334,1,2,0,2022
RA-461,2,12.0,2018,0.0,6.7,7.5,12.0,7.222,5.0,-1,5.451,2022,2.0,4.0,1.0,-12.0,-5.3,6.403666666666666,2,2,1,2022
RA-462,2,14.0,2022,10.0,8.5,7.5,14.0,6.778,5.0,-2,6.626,2022,2.0,0.0,1.0,-4.0,-5.5,8.629666666666667,1,2,1,2022
RA-463,2,12.0,2020,10.0,7.8,7.5,12.0,7.389,5.0,-1,6.41,2022,2.0,2.0,1.0,-2.0,-4.2,8.2815,1,2,0,2022
RA-464,2,13.0,2022,7.5,8.0,7.5,13.0,7.722,5.0,-1,6.745,2022,2.0,0.0,1.0,-5.5,-5.0,8.120333333333333,1,2,1,2022
RA-465,2,11.0,2019,8.0,7.9,7.5,11.0,8.444,10.0,0,8.012,2022,2.0,3.0,0.0,-3.0,-3.0999999999999996,8.807333333333334,0,2,0,2022
RA-466,2,13.0,2022,8.5,9.7,7.5,13.0,7.556,5.0,-1,6.826,2022,2.0,0.0,1.0,-4.5,-3.3000000000000007,8.542666666666667,1,2,1,2022
RA-467,2,13.0,2022,5.8,8.4,5.0,13.0,7.111,5.0,-1,6.38,2022,2.0,0.0,1.0,-7.2,-4.6,7.385166666666667,3,2,1,2022
RA-468,2,13.0,2022,9.5,6.7,7.5,13.0,6.722,5.0,-1,6.313,2022,2.0,0.0,1.0,-3.5,-6.3,8.070333333333334,1,2,1,2022
RA-469,2,11.0,2022,9.0,9.6,5.0,11.0,7.833,10.0,0,7.624,2022,2.0,0.0,0.0,-2.0,-1.4000000000000004,8.738833333333334,1,2,1,2022
RA-470,2,13.0,2019,8.0,9.7,7.5,13.0,7.5,5.0,-1,7.378,2022,2.0,3.0,1.0,-5.0,-3.3000000000000007,8.450000000000001,1,2,1,2022
RA-471,2,13.0,2020,3.5,8.5,5.0,13.0,8.056,5.0,-1,6.535,2022,2.0,2.0,1.0,-9.5,-4.5,7.175999999999999,3,2,0,2022
RA-472,2,12.0,2022,9.0,7.0,7.5,12.0,7.056,5.0,-1,5.93,2022,2.0,0.0,1.0,-3.0,-5.0,7.925999999999999,1,2,1,2022
RA-474,2,13.0,2019,9.5,9.1,7.5,13.0,6.0,5.0,-1,6.446,2022,2.0,3.0,1.0,-3.5,-3.9000000000000004,8.35,1,2,1,2022
RA-476,2,12.0,2019,9.0,9.3,4.4,12.0,7.556,5.0,-1,6.931,2022,2.0,3.0,1.0,-3.0,-2.6999999999999993,7.876,2,2,0,2022
RA-478,2,12.0,2019,8.5,9.1,5.6,12.0,7.056,5.0,-1,6.709,2022,2.0,3.0,1.0,-3.5,-2.9000000000000004,7.876,2,2,0,2022
RA-479,1,10.0,2020,8.0,9.2,7.5,10.0,9.5,5.0,-1,8.465,2022,1.0,2.0,1.0,-2.0,-0.8000000000000007,8.200000000000001,1,1,0,2022
RA-480,1,10.0,2021,9.0,8.8,7.5,10.0,8.444,5.0,-1,7.502,2022,1.0,1.0,1.0,-1.0,-1.1999999999999993,8.124,1,1,1,2022
RA-483,1,11.0,2019,9.0,4.8,5.0,11.0,6.833,5.0,-1,5.263,2022,1.0,3.0,1.0,-2.0,-6.2,6.938833333333334,3,1,1,2022
RA-484,1,11.0,2022,9.5,8.7,5.0,11.0,6.389,5.0,-1,6.71,2022,1.0,0.0,1.0,-1.5,-2.3000000000000007,7.598166666666668,2,1,1,2022
RA-486,1,10.0,2020,10.0,9.9,7.5,10.0,7.222,5.0,-1,7.621,2022,1.0,2.0,1.0,0.0,-0.09999999999999964,8.270333333333333,1,1,0,2022
RA-487,1,10.0,2019,7.5,9.7,7.5,10.0,9.333,5.0,-1,8.417,2022,1.0,3.0,1.0,-2.5,-0.3000000000000007,8.172166666666667,1,1,0,2022
RA-490,1,10.0,2022,7.9,8.2,7.5,10.0,8.722,5.0,-1,7.576,2022,1.0,0.0,1.0,-2.0999999999999996,-1.8000000000000007,7.8870000000000005,1,1,0,2022
RA-491,1,11.0,2022,7.5,9.7,7.5,11.0,7.722,5.0,-1,7.461,2022,1.0,0.0,1.0,-3.5,-1.3000000000000007,8.070333333333334,1,1,0,2022
RA-493,1,9.0,2020,10.0,9.4,7.5,9.0,8.278,10.0,0,8.306,2022,1.0,2.0,0.0,1.0,0.40000000000000036,9.029666666666666,0,1,0,2022
RA-494,1,11.0,2022,6.4,8.3,5.0,11.0,6.944,5.0,-1,6.407,2022,1.0,0.0,1.0,-4.6,-2.6999999999999993,7.107333333333334,2,1,1,2022
RA-495,1,11.0,2022,9.0,8.9,7.5,11.0,8.056,5.0,-1,7.857,2022,1.0,0.0,1.0,-2.0,-2.0999999999999996,8.242666666666667,1,1,1,2022
RA-496,1,11.0,2018,8.5,6.8,7.5,11.0,7.556,5.0,-1,6.683,2022,1.0,4.0,1.0,-2.5,-4.2,7.725999999999999,1,1,1,2022
RA-497,1,13.0,2016,6.9,9.2,5.0,13.0,5.833,5.0,-2,6.323,2022,1.0,6.0,1.0,-6.1,-3.8000000000000007,7.488833333333333,3,1,1,2022
RA-499,1,10.0,2020,8.5,10.0,7.5,10.0,7.444,5.0,-1,7.826,2022,1.0,2.0,1.0,-1.5,0.0,8.074,1,1,0,2022
RA-500,1,10.0,2020,9.0,10.0,7.5,10.0,7.889,5.0,-1,8.232,2022,1.0,2.0,1.0,-1.0,0.0,8.2315,1,1,0,2022
RA-501,1,9.0,2021,8.5,8.8,7.5,9.0,7.333,10.0,0,7.794,2022,1.0,1.0,0.0,-0.5,-0.1999999999999993,8.522166666666665,0,1,1,2022
RA-502,1,8.0,2021,9.5,9.7,7.5,8.0,7.778,10.0,1,8.287,2022,1.0,1.0,0.0,1.5,1.6999999999999993,8.746333333333334,0,1,0,2022
RA-503,1,10.0,2020,8.5,10.0,7.5,10.0,7.5,5.0,-1,7.95,2022,1.0,2.0,1.0,-1.5,0.0,8.083333333333334,1,1,0,2022
RA-504,1,9.0,2021,8.5,8.9,7.5,9.0,7.556,10.0,0,8.072,2022,1.0,1.0,0.0,-0.5,-0.09999999999999964,8.575999999999999,0,1,0,2022
RA-506,1,12.0,2020,9.5,7.3,7.5,12.0,7.278,5.0,-2,7.132,2022,1.0,2.0,1.0,-2.5,-4.7,8.096333333333332,1,1,1,2022
RA-508,1,10.0,2022,8.0,7.4,7.5,10.0,7.556,5.0,-1,6.575,2022,1.0,0.0,1.0,-2.0,-2.5999999999999996,7.576,1,1,0,2022
RA-509,1,12.0,2018,9.0,8.2,7.5,12.0,7.833,5.0,-2,7.808,2022,1.0,4.0,1.0,-3.0,-3.8000000000000007,8.2555,1,1,1,2022
RA-513,1,9.0,2021,9.0,9.6,5.6,9.0,7.778,10.0,0,8.229,2022,1.0,1.0,0.0,0.0,0.5999999999999996,8.496333333333334,1,1,0,2022
RA-514,1,9.0,2022,8.0,9.7,7.5,9.0,5.889,10.0,0,7.039,2022,1.0,0.0,0.0,-1.0,0.6999999999999993,8.348166666666668,1,1,1,2022
RA-516,1,9.0,2019,10.0,9.7,7.5,9.0,8.056,10.0,0,8.903,2022,1.0,3.0,0.0,1.0,0.6999999999999993,9.042666666666667,0,1,0,2022
RA-517,1,12.0,2017,6.9,9.5,7.5,12.0,7.833,5.0,-2,7.604,2022,1.0,5.0,1.0,-5.1,-2.5,8.122166666666667,1,1,1,2022
RA-518,1,10.0,2022,9.0,9.4,7.5,10.0,7.5,5.0,-1,7.661,2022,1.0,0.0,1.0,-1.0,-0.5999999999999996,8.066666666666666,1,1,0,2022
RA-519,1,9.0,2022,7.4,9.6,7.5,9.0,7.333,10.0,0,8.0,2022,1.0,0.0,0.0,-1.5999999999999996,0.5999999999999996,8.472166666666666,0,1,1,2022
RA-521,1,9.0,2022,9.0,10.0,5.0,9.0,7.5,10.0,0,7.725,2022,1.0,0.0,0.0,0.0,1.0,8.416666666666666,1,1,1,2022
RA-522,1,9.0,2021,9.5,9.1,7.5,9.0,8.167,10.0,0,8.306,2022,1.0,1.0,0.0,0.5,0.09999999999999964,8.877833333333333,0,1,1,2022
RA-524,1,11.0,2019,0.0,9.4,5.0,11.0,8.056,5.0,-1,6.947,2022,1.0,3.0,1.0,-11.0,-1.5999999999999996,6.409333333333333,3,1,1,2022
RA-525,1,11.0,2021,9.0,9.3,7.5,11.0,8.167,5.0,-1,8.013,2022,1.0,1.0,1.0,-2.0,-1.6999999999999993,8.327833333333333,1,1,1,2022
RA-526,1,12.0,2022,10.0,9.9,7.5,12.0,8.167,5.0,-2,8.079,2022,1.0,0.0,1.0,-2.0,-2.0999999999999996,8.761166666666666,1,1,1,2022
RA-527,1,9.0,2022,8.5,10.0,7.5,9.0,7.5,10.0,0,8.025,2022,1.0,0.0,0.0,-0.5,1.0,8.75,0,1,1,2022
RA-528,1,11.0,2021,0.0,6.2,7.5,11.0,6.944,5.0,-1,5.335,2022,1.0,1.0,1.0,-11.0,-4.8,6.107333333333333,2,1,1,2022
RA-529,1,12.0,2020,8.5,8.9,5.0,12.0,6.556,5.0,-2,6.51,2022,1.0,2.0,1.0,-3.5,-3.0999999999999996,7.659333333333333,2,1,1,2022
RA-530,1,10.0,2019,10.0,9.0,7.5,10.0,9.056,5.0,-1,8.338,2022,1.0,3.0,1.0,0.0,-1.0,8.426,1,1,0,2022
RA-531,1,10.0,2022,9.5,9.8,7.5,10.0,8.167,5.0,-1,8.057,2022,1.0,0.0,1.0,-0.5,-0.1999999999999993,8.327833333333333,1,1,0,2022
RA-533,1,10.0,2022,8.5,8.8,5.6,10.0,7.333,5.0,-1,6.962,2022,1.0,0.0,1.0,-1.5,-1.1999999999999993,7.538833333333333,2,1,1,2022
RA-534,1,12.0,2021,9.0,7.4,7.5,12.0,7.333,5.0,-2,7.131,2022,1.0,1.0,1.0,-3.0,-4.6,8.038833333333333,1,1,1,2022
RA-535,1,10.0,2019,9.0,9.2,7.5,10.0,6.917,5.0,-1,6.953,2022,1.0,3.0,1.0,-1.0,-0.8000000000000007,7.936166666666668,1,1,0,2022
RA-536,1,10.0,2020,9.5,8.9,5.6,10.0,7.75,5.0,-1,7.106,2022,1.0,2.0,1.0,-0.5,-1.0999999999999996,7.791666666666667,2,1,0,2022
RA-538,1,13.0,2022,8.5,7.5,5.6,13.0,5.583,5.0,-2,6.309,2022,1.0,0.0,1.0,-4.5,-5.5,7.5305,3,1,1,2022
RA-539,1,11.0,2022,8.5,9.3,6.9,11.0,8.417,5.0,-1,7.665,2022,1.0,0.0,1.0,-2.5,-1.6999999999999993,8.186166666666667,1,1,1,2022
RA-540,1,10.0,2019,8.5,9.5,5.6,10.0,7.5,5.0,-1,7.303,2022,1.0,3.0,1.0,-1.5,-0.5,7.683333333333334,2,1,0,2022
RA-542,1,11.0,2019,8.0,9.8,6.3,11.0,7.417,5.0,-1,7.221,2022,1.0,3.0,1.0,-3.0,-1.1999999999999993,7.9195,1,1,1,2022
RA-543,1,10.0,2022,8.5,9.8,4.4,10.0,7.167,5.0,-1,7.05,2022,1.0,0.0,1.0,-1.5,-0.1999999999999993,7.477833333333334,2,1,0,2022
RA-546,1,11.0,2021,9.0,7.9,5.0,11.0,7.917,5.0,-1,6.77,2022,1.0,1.0,1.0,-2.0,-3.0999999999999996,7.636166666666667,2,1,1,2022
RA-547,1,11.0,2019,9.5,9.7,5.0,11.0,8.833,5.0,-1,7.745,2022,1.0,3.0,1.0,-1.5,-1.3000000000000007,8.172166666666667,2,1,1,2022
RA-548,1,12.0,2019,8.0,9.1,6.9,12.0,7.583,5.0,-2,7.292,2022,1.0,3.0,1.0,-4.0,-2.9000000000000004,8.097166666666666,1,1,1,2022
RA-549,1,10.0,2021,10.0,7.9,6.9,10.0,6.167,5.0,-1,6.301,2022,1.0,1.0,1.0,0.0,-2.0999999999999996,7.6611666666666665,1,1,1,2022
RA-551,1,12.0,2018,8.5,7.3,6.9,12.0,7.333,5.0,-2,6.853,2022,1.0,4.0,1.0,-3.5,-4.7,7.8388333333333335,1,1,1,2022
RA-552,1,11.0,2022,9.5,8.8,5.0,11.0,7.167,5.0,-1,6.625,2022,1.0,0.0,1.0,-1.5,-2.1999999999999993,7.7444999999999995,2,1,1,2022
RA-555,1,12.0,2019,9.5,8.1,5.0,12.0,5.167,5.0,-2,5.949,2022,1.0,3.0,1.0,-2.5,-3.9000000000000004,7.461166666666667,3,1,1,2022
RA-556,1,11.0,2018,9.0,8.8,5.0,11.0,8.25,5.0,-1,7.181,2022,1.0,4.0,1.0,-2.0,-2.1999999999999993,7.841666666666666,2,1,1,2022
RA-557,1,10.0,2019,10.0,8.4,7.5,10.0,9.333,5.0,-1,8.334,2022,1.0,3.0,1.0,0.0,-1.5999999999999996,8.372166666666667,1,1,0,2022
RA-558,1,14.0,2022,9.0,8.5,5.0,14.0,4.5,2.5,-3,5.539,2022,1.0,0.0,1.0,-5.0,-5.5,7.25,3,1,1,2022
RA-559,1,11.0,2021,9.5,9.2,7.5,11.0,8.083,5.0,-1,7.634,2022,1.0,1.0,1.0,-1.5,-1.8000000000000007,8.3805,1,1,1,2022
RA-560,1,11.0,2020,6.9,7.2,5.0,11.0,3.75,5.0,-1,4.949,2022,1.0,2.0,1.0,-4.1,-3.8,6.4750000000000005,3,1,1,2022
RA-562,1,11.0,2021,8.0,9.0,7.5,11.0,8.75,5.0,-1,7.855,2022,1.0,1.0,1.0,-3.0,-2.0,8.208333333333334,1,1,1,2022
RA-563,1,11.0,2020,10.0,9.2,7.5,11.0,8.833,5.0,-1,8.22,2022,1.0,2.0,1.0,-1.0,-1.8000000000000007,8.588833333333334,1,1,0,2022
RA-566,1,12.0,2022,9.5,8.4,7.5,12.0,7.917,5.0,-2,7.729,2022,1.0,0.0,1.0,-2.5,-3.5999999999999996,8.386166666666666,1,1,1,2022
RA-568,1,14.0,2018,8.0,8.6,6.9,14.0,7.944,2.5,-3,7.306,2022,1.0,4.0,1.0,-6.0,-5.4,7.990666666666667,1,1,1,2022
RA-570,1,10.0,2019,9.0,7.0,7.5,10.0,6.778,5.0,-1,5.722,2022,1.0,3.0,1.0,-1.0,-3.0,7.546333333333333,1,1,1,2022
RA-571,1,11.0,2019,8.5,8.8,7.5,11.0,6.944,5.0,-1,6.589,2022,1.0,3.0,1.0,-2.5,-2.1999999999999993,7.957333333333334,1,1,1,2022
RA-573,1,11.0,2020,9.5,9.9,7.5,11.0,8.944,5.0,-1,8.261,2022,1.0,2.0,1.0,-1.5,-1.0999999999999996,8.640666666666666,1,1,1,2022
RA-574,1,10.0,2022,9.5,7.2,5.0,10.0,6.944,5.0,-1,6.86,2022,1.0,0.0,1.0,-0.5,-2.8,7.274,2,1,0,2022
RA-576,1,10.0,2022,9.5,9.1,7.5,10.0,7.111,5.0,-1,7.59,2022,1.0,0.0,1.0,-0.5,-0.9000000000000004,8.035166666666667,1,1,1,2022
RA-577,1,10.0,2022,9.5,9.3,7.5,10.0,7.111,5.0,-1,7.862,2022,1.0,0.0,1.0,-0.5,-0.6999999999999993,8.068499999999998,1,1,1,2022
RA-578,1,10.0,2019,9.5,10.0,8.8,10.0,9.611,5.0,-1,8.814,2022,1.0,3.0,1.0,-0.5,0.0,8.8185,1,1,0,2022
RA-580,1,10.0,2020,8.0,9.6,7.5,10.0,7.167,5.0,-1,7.525,2022,1.0,2.0,1.0,-2.0,-0.40000000000000036,7.877833333333334,1,1,1,2022
RA-581,1,10.0,2019,7.5,8.9,7.5,10.0,5.889,5.0,-1,6.464,2022,1.0,3.0,1.0,-2.5,-1.0999999999999996,7.464833333333334,2,1,1,2022
RA-583,1,12.0,2019,8.5,9.4,7.5,12.0,7.333,5.0,-2,7.456,2022,1.0,3.0,1.0,-3.5,-2.5999999999999996,8.288833333333333,1,1,1,2022
RA-584,1,10.0,2019,8.0,8.5,7.5,10.0,7.333,5.0,-1,6.714,2022,1.0,3.0,1.0,-2.0,-1.5,7.722166666666666,1,1,0,2022
RA-586,1,10.0,2021,10.0,9.6,5.6,10.0,8.778,5.0,-1,7.988,2022,1.0,1.0,1.0,0.0,-0.40000000000000036,8.163,2,1,0,2022
RA-587,1,10.0,2022,9.5,9.3,7.5,10.0,6.167,5.0,-1,6.632,2022,1.0,0.0,1.0,-0.5,-0.6999999999999993,7.9111666666666665,1,1,1,2022
RA-588,1,9.0,2021,9.5,10.0,5.6,9.0,8.278,10.0,0,8.622,2022,1.0,1.0,0.0,0.5,1.0,8.729666666666667,1,1,0,2022
RA-590,1,10.0,2020,8.5,8.6,7.5,10.0,7.611,5.0,-1,7.435,2022,1.0,2.0,1.0,-1.5,-1.4000000000000004,7.8685,1,1,0,2022
RA-591,1,11.0,2021,9.5,9.3,7.5,11.0,7.389,5.0,-1,7.507,2022,1.0,1.0,1.0,-1.5,-1.6999999999999993,8.2815,1,1,1,2022
RA-592,1,10.0,2020,8.0,8.5,5.6,10.0,7.778,5.0,-1,7.381,2022,1.0,2.0,1.0,-2.0,-1.5,7.479666666666667,2,1,0,2022
RA-594,1,10.0,2022,8.0,9.4,7.5,10.0,6.889,5.0,-1,7.392,2022,1.0,0.0,1.0,-2.0,-0.5999999999999996,7.798166666666667,1,1,1,2022
RA-595,1,12.0,2018,8.5,5.5,7.5,12.0,6.0,5.0,-2,5.18,2022,1.0,4.0,1.0,-3.5,-6.5,7.416666666666667,2,1,1,2022
RA-597,1,9.0,2022,9.0,10.0,7.5,9.0,7.056,10.0,0,8.265,2022,1.0,0.0,0.0,0.0,1.0,8.759333333333332,0,1,1,2022
RA-599,1,10.0,2022,9.5,9.2,7.5,10.0,8.556,5.0,-1,8.2,2022,1.0,0.0,1.0,-0.5,-0.8000000000000007,8.292666666666667,1,1,0,2022
RA-600,1,9.0,2021,8.5,8.4,7.5,9.0,6.833,10.0,0,7.011,2022,1.0,1.0,0.0,-0.5,-0.5999999999999996,8.372166666666667,0,1,1,2022
RA-601,1,8.0,2021,9.0,9.7,7.5,8.0,7.167,10.0,1,7.713,2022,1.0,1.0,0.0,1.0,1.6999999999999993,8.561166666666667,0,1,0,2022
RA-602,1,11.0,2019,10.0,9.7,7.5,11.0,7.667,5.0,-1,8.041,2022,1.0,3.0,1.0,-1.0,-1.3000000000000007,8.477833333333335,1,1,1,2022
RA-603,1,11.0,2022,9.0,9.5,7.5,11.0,8.0,5.0,-1,7.78,2022,1.0,0.0,1.0,-2.0,-1.5,8.333333333333334,1,1,0,2022
RA-604,1,10.0,2021,9.0,9.0,7.5,10.0,8.333,5.0,-1,8.018,2022,1.0,1.0,1.0,-1.0,-1.0,8.138833333333332,1,1,0,2022
RA-605,1,12.0,2021,6.9,9.3,6.9,12.0,7.556,5.0,-2,7.276,2022,1.0,1.0,1.0,-5.1,-2.6999999999999993,7.942666666666667,1,1,1,2022
RA-606,1,10.0,2022,9.5,9.0,7.5,10.0,6.111,5.0,-1,6.127,2022,1.0,0.0,1.0,-0.5,-1.0,7.8518333333333326,1,1,1,2022
RA-607,1,10.0,2022,6.8,8.1,7.5,10.0,7.444,5.0,-1,6.44,2022,1.0,0.0,1.0,-3.2,-1.9000000000000004,7.474,1,1,1,2022
RA-608,1,10.0,2022,7.8,9.6,7.5,10.0,7.222,5.0,-1,7.216,2022,1.0,0.0,1.0,-2.2,-0.40000000000000036,7.853666666666666,1,1,1,2022
RA-609,1,11.0,2019,8.5,7.6,7.5,11.0,7.056,5.0,-1,6.794,2022,1.0,3.0,1.0,-2.5,-3.4000000000000004,7.776,1,1,1,2022
RA-610,1,9.0,2022,9.0,9.6,7.5,9.0,8.5,10.0,0,8.18,2022,1.0,0.0,0.0,0.0,0.5999999999999996,8.933333333333334,0,1,0,2022
RA-612,1,10.0,2021,9.0,9.2,7.5,10.0,7.167,5.0,-1,7.594,2022,1.0,1.0,1.0,-1.0,-0.8000000000000007,7.977833333333334,1,1,1,2022
RA-613,1,13.0,2020,9.0,9.2,7.5,13.0,8.556,5.0,-2,8.121,2022,1.0,2.0,1.0,-4.0,-3.8000000000000007,8.709333333333333,1,1,1,2022
RA-614,1,12.0,2021,9.5,9.7,7.5,12.0,8.278,5.0,-2,8.339,2022,1.0,1.0,1.0,-2.5,-2.3000000000000007,8.663,1,1,1,2022
RA-615,1,9.0,2020,9.5,9.7,7.5,9.0,6.889,10.0,0,8.086,2022,1.0,2.0,0.0,0.5,0.6999999999999993,8.764833333333334,0,1,1,2022
RA-616,1,12.0,2019,7.4,7.4,7.5,12.0,7.278,5.0,-2,7.303,2022,1.0,3.0,1.0,-4.6,-4.6,7.762999999999999,1,1,1,2022
RA-617,1,11.0,2021,8.5,8.9,7.5,11.0,6.778,5.0,-1,7.107,2022,1.0,1.0,1.0,-2.5,-2.0999999999999996,7.946333333333333,1,1,1,2022
RA-618,1,13.0,2020,8.9,8.3,7.5,13.0,7.333,5.0,-2,7.18,2022,1.0,2.0,1.0,-4.1,-4.699999999999999,8.338833333333334,1,1,1,2022
RA-619,1,11.0,2021,9.5,8.0,7.5,11.0,7.333,5.0,-1,7.693,2022,1.0,1.0,1.0,-1.5,-3.0,8.0555,1,1,0,2022
RA-620,1,12.0,2021,0.0,7.5,7.5,12.0,6.833,5.0,-2,6.018,2022,1.0,1.0,1.0,-12.0,-4.5,6.472166666666666,2,1,1,2022
RA-623,1,13.0,2022,7.5,9.0,7.5,13.0,7.389,5.0,-2,7.524,2022,1.0,0.0,1.0,-5.5,-4.0,8.2315,1,1,1,2022
RA-624,1,10.0,2022,9.0,8.9,7.5,10.0,7.722,5.0,-1,7.425,2022,1.0,0.0,1.0,-1.0,-1.0999999999999996,8.020333333333333,1,1,1,2022
RA-626,1,11.0,2021,7.4,7.6,7.5,11.0,7.278,5.0,-1,5.818,2022,1.0,1.0,1.0,-3.5999999999999996,-3.4000000000000004,7.629666666666666,1,1,1,2022
RA-628,1,11.0,2022,9.5,7.6,7.5,11.0,7.333,5.0,-1,7.577,2022,1.0,0.0,1.0,-1.5,-3.4000000000000004,7.988833333333333,1,1,1,2022
RA-629,1,9.0,2022,9.0,10.0,7.5,9.0,7.278,10.0,0,8.11,2022,1.0,0.0,0.0,0.0,1.0,8.796333333333333,0,1,1,2022
RA-630,1,9.0,2022,9.5,9.2,7.5,9.0,7.278,10.0,0,8.064,2022,1.0,0.0,0.0,0.5,0.1999999999999993,8.746333333333334,0,1,1,2022
RA-631,1,12.0,2022,8.5,6.8,7.5,12.0,7.222,5.0,-2,6.928,2022,1.0,0.0,1.0,-3.5,-5.2,7.837,1,1,1,2022
RA-632,1,10.0,2022,8.5,9.3,6.9,10.0,6.722,5.0,-1,6.996,2022,1.0,0.0,1.0,-1.5,-0.6999999999999993,7.737000000000001,1,1,0,2022
RA-633,1,11.0,2020,7.3,8.9,7.5,11.0,7.833,5.0,-1,7.476,2022,1.0,2.0,1.0,-3.7,-2.0999999999999996,7.922166666666667,1,1,1,2022
RA-636,1,10.0,2022,8.5,8.0,6.9,10.0,7.389,5.0,-1,7.189,2022,1.0,0.0,1.0,-1.5,-2.0,7.6315,1,1,1,2022
RA-637,1,10.0,2021,8.5,9.0,7.5,10.0,7.0,5.0,-1,7.039,2022,1.0,1.0,1.0,-1.5,-1.0,7.833333333333333,1,1,1,2022
RA-638,1,9.0,2020,8.5,9.3,7.5,9.0,6.278,10.0,0,7.059,2022,1.0,2.0,0.0,-0.5,0.3000000000000007,8.429666666666666,0,1,1,2022
RA-639,1,10.0,2021,8.5,7.4,7.5,10.0,6.611,5.0,-1,6.613,2022,1.0,1.0,1.0,-1.5,-2.5999999999999996,7.501833333333333,1,1,0,2022
RA-640,1,11.0,2022,9.0,8.4,7.5,11.0,6.778,5.0,-1,6.73,2022,1.0,0.0,1.0,-2.0,-2.5999999999999996,7.946333333333333,1,1,1,2022
RA-642,1,10.0,2021,10.0,9.7,6.9,10.0,7.778,5.0,-1,7.75,2022,1.0,1.0,1.0,0.0,-0.3000000000000007,8.229666666666667,1,1,0,2022
RA-643,1,10.0,2022,9.0,8.0,7.5,10.0,6.722,5.0,-1,6.763,2022,1.0,0.0,1.0,-1.0,-2.0,7.703666666666667,1,1,1,2022
RA-644,1,11.0,2021,9.5,8.0,7.5,11.0,8.278,5.0,-1,7.83,2022,1.0,1.0,1.0,-1.5,-3.0,8.213,1,1,1,2022
RA-645,1,10.0,2022,8.5,8.1,7.5,10.0,6.833,5.0,-1,6.086,2022,1.0,0.0,1.0,-1.5,-1.9000000000000004,7.6555,1,1,1,2022
RA-646,1,13.0,2019,8.5,9.8,8.1,13.0,8.389,5.0,-2,8.181,2022,1.0,3.0,1.0,-4.5,-3.1999999999999993,8.798166666666667,1,1,1,2022
RA-647,1,10.0,2022,9.5,8.6,7.5,10.0,7.278,5.0,-1,6.606,2022,1.0,0.0,1.0,-0.5,-1.4000000000000004,7.979666666666667,1,1,1,2022
RA-649,1,12.0,2019,8.5,8.9,5.6,12.0,7.611,5.0,-2,7.302,2022,1.0,3.0,1.0,-3.5,-3.0999999999999996,7.9351666666666665,2,1,1,2022
RA-651,1,10.0,2022,8.5,9.3,7.5,10.0,8.333,5.0,-1,7.866,2022,1.0,0.0,1.0,-1.5,-0.6999999999999993,8.1055,1,1,0,2022
RA-652,1,9.0,2022,8.0,9.6,7.5,9.0,7.5,10.0,0,8.151,2022,1.0,0.0,0.0,-1.0,0.5999999999999996,8.6,0,1,1,2022
RA-653,1,11.0,2022,9.5,9.6,7.5,11.0,7.5,5.0,-1,8.101,2022,1.0,0.0,1.0,-1.5,-1.4000000000000004,8.35,1,1,1,2022
RA-655,1,12.0,2019,7.5,9.2,7.5,12.0,8.389,5.0,-2,7.785,2022,1.0,3.0,1.0,-4.5,-2.8000000000000007,8.264833333333334,1,1,1,2022
RA-656,1,11.0,2020,7.4,7.5,5.6,11.0,7.5,5.0,-1,6.652,2022,1.0,2.0,1.0,-3.5999999999999996,-3.5,7.333333333333333,2,1,1,2022
RA-657,1,12.0,2021,9.5,9.8,7.5,12.0,7.5,5.0,-2,8.093,2022,1.0,1.0,1.0,-2.5,-2.1999999999999993,8.549999999999999,1,1,1,2022
RA-658,1,10.0,2022,10.0,9.3,7.5,10.0,7.917,5.0,-1,7.407,2022,1.0,0.0,1.0,0.0,-0.6999999999999993,8.286166666666666,1,1,0,2022
RA-661,1,11.0,2022,9.0,8.3,7.5,11.0,7.917,5.0,-1,7.593,2022,1.0,0.0,1.0,-2.0,-2.6999999999999993,8.1195,1,1,0,2022
RA-662,1,11.0,2022,9.0,8.8,7.5,11.0,6.083,5.0,-1,7.044,2022,1.0,0.0,1.0,-2.0,-2.1999999999999993,7.897166666666666,1,1,1,2022
RA-663,1,10.0,2022,6.9,8.7,7.5,10.0,5.25,5.0,-1,6.376,2022,1.0,0.0,1.0,-3.0999999999999996,-1.3000000000000007,7.2250000000000005,2,1,1,2022
RA-664,1,10.0,2022,9.5,8.8,7.5,10.0,7.167,5.0,-1,7.277,2022,1.0,0.0,1.0,-0.5,-1.1999999999999993,7.9944999999999995,1,1,1,2022
RA-665,1,11.0,2022,9.0,7.4,7.5,11.0,7.25,5.0,-1,6.996,2022,1.0,0.0,1.0,-2.0,-3.5999999999999996,7.858333333333333,1,1,1,2022
RA-666,1,10.0,2022,9.5,9.1,7.5,10.0,8.833,5.0,-1,7.929,2022,1.0,0.0,1.0,-0.5,-0.9000000000000004,8.322166666666666,1,1,0,2022
RA-667,1,11.0,2021,8.5,5.6,7.5,11.0,5.833,5.0,-1,5.844,2022,1.0,1.0,1.0,-2.5,-5.4,7.238833333333333,3,1,1,2022
RA-668,1,11.0,2022,6.9,3.3,7.5,11.0,3.75,5.0,-1,4.365,2022,1.0,0.0,1.0,-4.1,-7.7,6.241666666666667,3,1,1,2022
RA-669,1,11.0,2022,9.0,9.7,7.5,11.0,7.833,5.0,-1,7.475,2022,1.0,0.0,1.0,-2.0,-1.3000000000000007,8.338833333333334,1,1,0,2022
RA-670,1,10.0,2022,8.0,8.8,7.5,10.0,8.167,5.0,-1,7.451,2022,1.0,0.0,1.0,-2.0,-1.1999999999999993,7.9111666666666665,1,1,0,2022
RA-671,0,9.0,2021,8.5,8.2,8.1,9.0,7.417,5.0,-1,7.617,2022,0.0,1.0,1.0,-0.5,-0.8000000000000007,7.702833333333333,1,ALFA,1,2022
RA-672,0,9.0,2021,8.5,8.5,8.1,9.0,6.75,5.0,-1,7.48,2022,0.0,1.0,1.0,-0.5,-0.5,7.641666666666667,1,ALFA,1,2022
RA-674,0,8.0,2022,9.5,8.7,8.1,8.0,6.333,10.0,0,7.862,2022,0.0,0.0,0.0,1.5,0.6999999999999993,8.438833333333333,0,ALFA,1,2022
RA-675,0,8.0,2022,10.0,6.6,8.1,8.0,7.083,10.0,0,7.576,2022,0.0,0.0,0.0,2.0,-1.4000000000000004,8.297166666666667,0,ALFA,0,2022
RA-677,0,8.0,2021,10.0,9.4,7.5,8.0,8.583,10.0,0,8.358,2022,0.0,1.0,0.0,2.0,1.4000000000000004,8.913833333333333,0,ALFA,1,2022
RA-678,0,9.0,2022,9.0,10.0,6.9,9.0,9.5,5.0,-1,8.0,2022,0.0,0.0,1.0,0.0,1.0,8.233333333333333,1,ALFA,1,2022
RA-679,0,10.0,2020,9.0,8.2,7.5,10.0,7.833,5.0,-2,7.172,2022,0.0,2.0,1.0,-1.0,-1.8000000000000007,7.922166666666667,1,ALFA,1,2022
RA-680,0,10.0,2019,9.5,8.8,7.5,10.0,7.75,5.0,-2,7.518,2022,0.0,3.0,1.0,-0.5,-1.1999999999999993,8.091666666666667,1,ALFA,1,2022
RA-681,0,10.0,2022,8.5,8.5,6.9,10.0,8.0,5.0,-2,7.204,2022,0.0,0.0,1.0,-1.5,-1.5,7.816666666666666,1,ALFA,1,2022
RA-684,0,7.0,2022,9.5,7.5,8.1,7.0,7.917,10.0,0,8.26,2022,0.0,0.0,0.0,2.5,0.5,8.336166666666667,0,ALFA,0,2022
RA-686,0,9.0,2022,7.5,8.6,8.1,9.0,8.083,5.0,-1,7.729,2022,0.0,0.0,1.0,-1.5,-0.40000000000000036,7.7138333333333335,1,ALFA,1,2022
RA-687,0,9.0,2022,8.5,9.0,8.1,9.0,8.0,5.0,-1,7.703,2022,0.0,0.0,1.0,-0.5,0.0,7.933333333333334,1,ALFA,1,2022
RA-688,0,9.0,2022,8.5,9.7,7.5,9.0,7.917,5.0,-1,7.771,2022,0.0,0.0,1.0,-0.5,0.6999999999999993,7.936166666666668,1,ALFA,1,2022
RA-690,0,9.0,2022,9.5,9.5,7.5,9.0,7.417,5.0,-1,7.541,2022,0.0,0.0,1.0,0.5,0.5,7.986166666666667,1,ALFA,1,2022
RA-692,0,9.0,2021,9.5,8.9,8.1,9.0,7.917,5.0,-1,7.569,2022,0.0,1.0,1.0,0.5,-0.09999999999999964,8.0695,1,ALFA,1,2022
RA-693,0,7.0,2022,9.5,9.8,8.1,7.0,7.667,10.0,0,7.944,2022,0.0,0.0,0.0,2.5,2.8000000000000007,8.677833333333334,0,ALFA,0,2022
RA-696,0,9.0,2021,8.5,9.0,7.5,9.0,8.167,5.0,-1,7.441,2022,0.0,1.0,1.0,-0.5,0.0,7.861166666666667,1,ALFA,0,2022
RA-698,0,9.0,2021,9.0,9.8,2.5,9.0,8.083,5.0,-1,7.44,2022,0.0,1.0,1.0,0.0,0.8000000000000007,7.2305,2,ALFA,0,2022
RA-699,0,9.0,2022,5.2,9.2,7.5,9.0,6.0,5.0,-1,6.658,2022,0.0,0.0,1.0,-3.8,0.1999999999999993,6.983333333333333,2,ALFA,1,2022
RA-700,0,9.0,2022,9.0,8.7,7.5,9.0,7.083,5.0,-1,7.738,2022,0.0,0.0,1.0,0.0,-0.3000000000000007,7.7138333333333335,1,ALFA,1,2022
RA-701,0,10.0,2021,9.0,9.3,7.5,10.0,7.417,5.0,-2,7.755,2022,0.0,1.0,1.0,-1.0,-0.6999999999999993,8.036166666666666,1,ALFA,1,2022
RA-702,0,8.0,2022,10.0,8.6,5.0,8.0,7.0,10.0,0,7.387,2022,0.0,0.0,0.0,2.0,0.5999999999999996,8.1,1,ALFA,1,2022
RA-703,0,10.0,2021,7.5,7.4,5.0,10.0,6.833,5.0,-2,6.099,2022,0.0,1.0,1.0,-2.5,-2.5999999999999996,6.9555,2,ALFA,1,2022
RA-704,0,10.0,2022,9.0,8.6,5.0,10.0,6.583,5.0,-2,6.741,2022,0.0,0.0,1.0,-1.0,-1.4000000000000004,7.363833333333333,2,ALFA,1,2022
RA-705,0,10.0,2022,9.5,6.2,7.5,10.0,6.333,5.0,-2,6.634,2022,0.0,0.0,1.0,-0.5,-3.8,7.422166666666667,1,ALFA,1,2022
RA-706,0,10.0,2021,9.5,6.7,7.5,10.0,8.417,5.0,-2,7.659,2022,0.0,1.0,1.0,-0.5,-3.3,7.852833333333334,1,ALFA,1,2022
RA-707,0,10.0,2020,10.0,8.1,6.9,10.0,8.083,5.0,-2,7.679,2022,0.0,2.0,1.0,0.0,-1.9000000000000004,8.013833333333332,1,ALFA,1,2022
RA-708,0,9.0,2022,8.0,8.4,7.5,9.0,7.583,5.0,-1,7.282,2022,0.0,0.0,1.0,-1.0,-0.5999999999999996,7.5805,1,ALFA,1,2022
RA-709,0,10.0,2022,9.5,3.5,7.5,10.0,7.083,5.0,-2,5.313,2022,0.0,0.0,1.0,-0.5,-6.5,7.097166666666666,2,ALFA,1,2022
RA-710,0,10.0,2020,9.5,8.9,5.0,10.0,8.0,5.0,-2,7.285,2022,0.0,2.0,1.0,-0.5,-1.0999999999999996,7.733333333333333,2,ALFA,1,2022
RA-712,0,11.0,2019,8.0,5.1,5.0,11.0,5.833,5.0,-2,6.026,2022,0.0,3.0,1.0,-3.0,-5.9,6.6555,4,ALFA,1,2022
RA-713,0,9.0,2021,10.0,8.7,7.5,9.0,7.25,5.0,-1,7.42,2022,0.0,1.0,1.0,1.0,-0.3000000000000007,7.908333333333334,1,ALFA,1,2022
RA-714,0,11.0,2019,9.0,6.9,5.6,11.0,7.25,5.0,-2,6.953,2022,0.0,3.0,1.0,-2.0,-4.1,7.458333333333333,2,ALFA,1,2022
RA-715,0,9.0,2022,8.5,8.7,4.4,9.0,7.917,5.0,-1,6.656,2022,0.0,0.0,1.0,-0.5,-0.3000000000000007,7.252833333333334,2,ALFA,1,2022
RA-716,0,9.0,2022,8.9,8.1,7.5,9.0,5.417,5.0,-1,6.525,2022,0.0,0.0,1.0,-0.09999999999999964,-0.9000000000000004,7.319500000000001,2,ALFA,1,2022
RA-717,0,10.0,2021,9.0,7.3,7.5,10.0,7.917,5.0,-2,6.832,2022,0.0,1.0,1.0,-1.0,-2.7,7.7861666666666665,1,ALFA,1,2022
RA-718,0,8.0,2022,8.0,8.9,6.3,8.0,7.417,10.0,0,8.093,2022,0.0,0.0,0.0,0.0,0.9000000000000004,8.102833333333333,0,ALFA,0,2022
RA-719,0,10.0,2021,9.0,4.6,7.5,10.0,6.083,5.0,-2,5.552,2022,0.0,1.0,1.0,-1.0,-5.4,7.0305,2,ALFA,1,2022
RA-721,0,8.0,2021,9.5,8.1,7.5,8.0,7.917,10.0,0,7.973,2022,0.0,1.0,0.0,1.5,0.09999999999999964,8.502833333333333,0,ALFA,0,2022
RA-722,0,9.0,2021,10.0,8.1,4.4,9.0,8.333,5.0,-1,7.41,2022,0.0,1.0,1.0,1.0,-0.9000000000000004,7.472166666666666,2,ALFA,1,2022
RA-725,0,8.0,2022,8.0,5.9,8.1,8.0,5.5,10.0,0,6.33,2022,0.0,0.0,0.0,0.0,-2.0999999999999996,7.583333333333333,2,ALFA,1,2022
RA-726,0,7.0,2022,10.0,7.5,7.5,7.0,6.583,10.0,0,6.985,2022,0.0,0.0,0.0,3.0,0.5,8.097166666666666,0,ALFA,0,2022
RA-727,0,8.0,2022,9.0,7.7,8.1,8.0,6.75,10.0,0,7.736,2022,0.0,0.0,0.0,1.0,-0.2999999999999998,8.258333333333333,0,ALFA,1,2022
RA-729,0,8.0,2022,10.0,8.7,8.1,8.0,7.25,10.0,0,8.155,2022,0.0,0.0,0.0,2.0,0.6999999999999993,8.674999999999999,0,ALFA,1,2022
RA-730,0,10.0,2021,10.0,8.2,8.8,10.0,8.25,5.0,-2,7.902,2022,0.0,1.0,1.0,0.0,-1.8000000000000007,8.375,1,ALFA,1,2022
RA-731,0,10.0,2019,9.0,8.5,6.9,10.0,7.083,5.0,-2,7.151,2022,0.0,3.0,1.0,-1.0,-1.5,7.747166666666666,1,ALFA,1,2022
RA-733,0,9.0,2022,9.5,8.5,5.6,9.0,6.917,5.0,-1,6.684,2022,0.0,0.0,1.0,0.5,-0.5,7.4195,2,ALFA,0,2022
RA-734,0,10.0,2022,9.5,7.2,5.6,10.0,7.417,5.0,-2,6.952,2022,0.0,0.0,1.0,-0.5,-2.8,7.452833333333333,2,ALFA,1,2022
RA-735,0,10.0,2021,9.0,9.0,5.6,10.0,8.583,5.0,-2,7.485,2022,0.0,1.0,1.0,-1.0,-1.0,7.863833333333333,2,ALFA,1,2022
RA-736,0,10.0,2022,9.0,8.5,5.6,10.0,7.0,5.0,-2,6.707,2022,0.0,0.0,1.0,-1.0,-1.5,7.516666666666667,2,ALFA,1,2022
RA-737,0,9.0,2022,9.5,9.2,5.6,9.0,9.167,5.0,-1,8.058,2022,0.0,0.0,1.0,0.5,0.1999999999999993,7.9111666666666665,2,ALFA,0,2022
RA-738,0,8.0,2022,8.5,8.1,5.6,8.0,7.5,10.0,0,7.227,2022,0.0,0.0,0.0,0.5,0.09999999999999964,7.95,1,ALFA,0,2022
RA-739,0,8.0,2022,6.4,7.3,5.6,8.0,7.083,10.0,0,6.82,2022,0.0,0.0,0.0,-1.5999999999999996,-0.7000000000000002,7.397166666666666,1,ALFA,1,2022
RA-740,0,9.0,2022,8.5,9.0,5.6,9.0,7.5,5.0,-1,7.218,2022,0.0,0.0,1.0,-0.5,0.0,7.433333333333334,2,ALFA,1,2022
RA-741,0,10.0,2022,9.5,8.4,5.6,10.0,7.417,5.0,-2,6.896,2022,0.0,0.0,1.0,-0.5,-1.5999999999999996,7.652833333333334,2,ALFA,1,2022
RA-742,0,9.0,2022,8.5,8.7,5.0,9.0,7.5,5.0,-1,7.097,2022,0.0,0.0,1.0,-0.5,-0.3000000000000007,7.283333333333334,2,ALFA,1,2022
RA-743,0,9.0,2022,10.0,7.9,5.6,9.0,7.5,5.0,-1,6.672,2022,0.0,0.0,1.0,1.0,-1.0999999999999996,7.5,2,ALFA,1,2022
RA-745,0,9.0,2021,9.0,8.5,5.6,9.0,7.75,5.0,-1,7.382,2022,0.0,1.0,1.0,0.0,-0.5,7.4750000000000005,2,ALFA,1,2022
RA-746,0,8.0,2022,8.0,9.1,5.6,8.0,7.417,10.0,0,7.656,2022,0.0,0.0,0.0,0.0,1.0999999999999996,8.0195,1,ALFA,0,2022
RA-747,0,11.0,2022,10.0,7.6,7.5,11.0,7.917,5.0,-2,7.676,2022,0.0,0.0,1.0,-1.0,-3.4000000000000004,8.169500000000001,1,ALFA,1,2022
RA-748,0,9.0,2022,10.0,9.0,7.5,9.0,8.25,5.0,-1,8.084,2022,0.0,0.0,1.0,1.0,0.0,8.125,1,ALFA,1,2022
RA-749,0,9.0,2022,9.5,7.7,7.5,9.0,7.25,5.0,-1,7.484,2022,0.0,0.0,1.0,0.5,-1.2999999999999998,7.658333333333334,1,ALFA,1,2022
RA-750,0,10.0,2019,9.5,8.9,4.4,10.0,5.167,5.0,-2,6.344,2022,0.0,3.0,1.0,-0.5,-1.0999999999999996,7.1611666666666665,3,ALFA,1,2022
RA-752,0,11.0,2022,10.0,9.0,7.5,11.0,8.417,5.0,-2,8.197,2022,0.0,0.0,1.0,-1.0,-2.0,8.486166666666668,1,ALFA,1,2022
RA-753,0,8.0,2022,9.5,8.6,7.5,8.0,8.417,10.0,0,8.481,2022,0.0,0.0,0.0,1.5,0.5999999999999996,8.669500000000001,0,ALFA,1,2022
RA-754,0,9.0,2022,10.0,5.8,4.4,9.0,6.917,5.0,-1,6.602,2022,0.0,0.0,1.0,1.0,-3.2,6.852833333333334,3,ALFA,1,2022
RA-755,0,8.0,2022,9.5,9.2,6.9,8.0,8.083,10.0,0,8.566,2022,0.0,0.0,0.0,1.5,1.1999999999999993,8.613833333333334,0,ALFA,1,2022
RA-756,0,9.0,2022,10.0,7.9,7.5,9.0,7.25,5.0,-1,6.976,2022,0.0,0.0,1.0,1.0,-1.0999999999999996,7.7749999999999995,1,ALFA,1,2022
RA-757,0,9.0,2022,9.5,9.3,7.5,9.0,8.5,5.0,-1,8.26,2022,0.0,0.0,1.0,0.5,0.3000000000000007,8.133333333333333,1,ALFA,1,2022
RA-760,0,11.0,2021,9.0,9.2,7.5,11.0,8.917,5.0,-2,8.172,2022,0.0,1.0,1.0,-2.0,-1.8000000000000007,8.436166666666667,1,ALFA,1,2022
RA-761,0,9.0,2022,10.0,9.4,7.5,9.0,8.25,5.0,-1,8.06,2022,0.0,0.0,1.0,1.0,0.40000000000000036,8.191666666666666,1,ALFA,1,2022
RA-762,0,12.0,2022,10.0,9.7,7.5,12.0,7.083,2.5,-3,7.28,2022,0.0,0.0,1.0,-2.0,-2.3000000000000007,8.1305,1,ALFA,1,2022
RA-763,0,10.0,2021,9.5,9.7,7.5,10.0,7.167,5.0,-2,7.402,2022,0.0,1.0,1.0,-0.5,-0.3000000000000007,8.1445,1,ALFA,1,2022
RA-764,0,8.0,2022,9.0,8.8,7.5,8.0,7.667,10.0,0,8.004,2022,0.0,0.0,0.0,1.0,0.8000000000000007,8.4945,0,ALFA,0,2022
RA-766,0,11.0,2020,10.0,9.5,7.5,11.0,8.333,5.0,-2,8.185,2022,0.0,2.0,1.0,-1.0,-1.5,8.5555,1,ALFA,1,2022
RA-767,0,10.0,2021,9.5,9.0,7.5,10.0,7.583,5.0,-2,7.511,2022,0.0,1.0,1.0,-0.5,-1.0,8.097166666666666,1,ALFA,1,2022
RA-768,0,10.0,2021,9.0,10.0,7.5,10.0,7.583,5.0,-2,7.646,2022,0.0,1.0,1.0,-1.0,0.0,8.1805,1,ALFA,1,2022
RA-769,0,9.0,2022,10.0,7.5,7.5,9.0,8.5,5.0,-1,7.598,2022,0.0,0.0,1.0,1.0,-1.5,7.916666666666667,1,ALFA,1,2022
RA-770,0,7.0,2022,9.5,8.9,7.5,7.0,7.333,10.0,0,8.143,2022,0.0,0.0,0.0,2.5,1.9000000000000004,8.372166666666667,0,ALFA,0,2022
RA-771,0,7.0,2022,10.0,8.3,7.5,7.0,7.5,10.0,0,7.873,2022,0.0,0.0,0.0,3.0,1.3000000000000007,8.383333333333333,0,ALFA,0,2022
RA-772,0,11.0,2021,9.0,5.4,7.5,11.0,7.25,5.0,-2,6.994,2022,0.0,1.0,1.0,-2.0,-5.6,7.5249999999999995,2,ALFA,1,2022
RA-773,0,9.0,2022,10.0,6.8,5.0,9.0,7.083,5.0,-1,6.922,2022,0.0,0.0,1.0,1.0,-2.2,7.147166666666667,2,ALFA,1,2022
RA-774,0,8.0,2022,10.0,7.8,7.5,8.0,7.417,10.0,0,7.587,2022,0.0,0.0,0.0,2.0,-0.20000000000000018,8.452833333333333,0,ALFA,1,2022
RA-776,0,9.0,2022,0.0,4.3,4.4,9.0,6.333,5.0,-1,3.898,2022,0.0,0.0,1.0,-9.0,-4.7,4.8388333333333335,4,ALFA,1,2022
RA-777,0,8.0,2022,8.0,7.7,7.5,8.0,7.0,10.0,0,7.096,2022,0.0,0.0,0.0,0.0,-0.2999999999999998,8.033333333333333,0,ALFA,0,2022
RA-778,0,9.0,2021,10.0,6.7,7.5,9.0,8.833,5.0,-1,7.432,2022,0.0,1.0,1.0,1.0,-2.3,7.8388333333333335,1,ALFA,1,2022
RA-780,0,9.0,2022,8.0,7.6,7.5,9.0,7.167,5.0,-1,6.955,2022,0.0,0.0,1.0,-1.0,-1.4000000000000004,7.377833333333334,1,ALFA,1,2022
RA-781,0,9.0,2021,10.0,8.9,7.5,9.0,7.75,5.0,-1,7.786,2022,0.0,1.0,1.0,1.0,-0.09999999999999964,8.025,1,ALFA,1,2022
RA-782,0,8.0,2022,9.5,8.4,7.5,8.0,7.0,10.0,0,7.485,2022,0.0,0.0,0.0,1.5,0.40000000000000036,8.4,0,ALFA,1,2022
RA-783,0,8.0,2021,9.5,5.8,7.5,8.0,6.917,10.0,0,6.996,2022,0.0,1.0,0.0,1.5,-2.2,7.952833333333333,1,ALFA,1,2022
RA-784,0,9.0,2022,9.5,10.0,7.5,9.0,9.25,5.0,-1,8.34,2022,0.0,0.0,1.0,0.5,1.0,8.375,1,ALFA,1,2022
RA-785,0,9.0,2022,9.0,8.6,7.5,9.0,7.667,5.0,-1,7.642,2022,0.0,0.0,1.0,0.0,-0.40000000000000036,7.7945,1,ALFA,1,2022
RA-787,0,8.0,2022,8.5,9.5,7.5,8.0,7.25,10.0,0,7.205,2022,0.0,0.0,0.0,0.5,1.5,8.458333333333334,0,ALFA,1,2022
RA-788,0,8.0,2021,10.0,9.3,5.6,8.0,8.667,10.0,0,8.264,2022,0.0,1.0,0.0,2.0,1.3000000000000007,8.5945,1,ALFA,0,2022
RA-789,0,7.0,2022,9.0,9.4,7.5,7.0,7.417,10.0,0,7.405,2022,0.0,0.0,0.0,2.0,2.4000000000000004,8.386166666666666,0,ALFA,0,2022
RA-790,0,11.0,2022,9.0,8.9,7.5,11.0,7.417,5.0,-2,7.504,2022,0.0,0.0,1.0,-2.0,-2.0999999999999996,8.136166666666666,1,ALFA,1,2022
RA-791,0,11.0,2022,9.5,8.7,7.5,11.0,8.5,5.0,-2,7.507,2022,0.0,0.0,1.0,-1.5,-2.3000000000000007,8.366666666666667,1,ALFA,1,2022
RA-792,0,9.0,2022,9.5,8.0,7.5,9.0,7.167,5.0,-1,7.025,2022,0.0,0.0,1.0,0.5,-1.0,7.694500000000001,1,ALFA,1,2022
RA-794,0,8.0,2022,9.5,8.9,7.5,8.0,7.333,10.0,0,7.335,2022,0.0,0.0,0.0,1.5,0.9000000000000004,8.538833333333333,0,ALFA,1,2022
RA-795,0,8.0,2022,9.0,9.7,7.5,8.0,7.333,10.0,0,8.064,2022,0.0,0.0,0.0,1.0,1.6999999999999993,8.588833333333334,0,ALFA,1,2022
RA-796,0,10.0,2022,9.5,9.3,7.5,10.0,7.667,5.0,-2,7.232,2022,0.0,0.0,1.0,-0.5,-0.6999999999999993,8.161166666666666,1,ALFA,1,2022
RA-797,0,10.0,2021,9.0,8.5,7.5,10.0,7.5,5.0,-2,7.217,2022,0.0,1.0,1.0,-1.0,-1.5,7.916666666666667,1,ALFA,1,2022
RA-798,0,10.0,2022,8.0,8.3,7.5,10.0,7.667,5.0,-2,7.049,2022,0.0,0.0,1.0,-2.0,-1.6999999999999993,7.7444999999999995,1,ALFA,1,2022
RA-799,0,10.0,2022,8.0,9.6,7.5,10.0,7.917,5.0,-2,7.676,2022,0.0,0.0,1.0,-2.0,-0.40000000000000036,8.002833333333333,1,ALFA,1,2022
RA-801,0,9.0,2022,7.0,6.6,7.5,9.0,7.5,5.0,-1,6.644,2022,0.0,0.0,1.0,-2.0,-2.4000000000000004,7.1000000000000005,1,ALFA,0,2022
RA-802,0,9.0,2021,9.0,9.0,7.5,9.0,8.333,5.0,-1,7.831,2022,0.0,1.0,1.0,0.0,0.0,7.972166666666666,1,ALFA,1,2022
RA-804,0,10.0,2022,10.0,8.4,6.3,10.0,7.667,5.0,-2,6.848,2022,0.0,0.0,1.0,0.0,-1.5999999999999996,7.894500000000001,1,ALFA,1,2022
RA-805,0,8.0,2021,9.5,9.0,7.5,8.0,7.333,10.0,0,8.279,2022,0.0,1.0,0.0,1.5,1.0,8.5555,0,ALFA,1,2022
RA-806,0,8.0,2022,9.5,7.3,7.5,8.0,7.917,10.0,0,7.561,2022,0.0,0.0,0.0,1.5,-0.7000000000000002,8.3695,0,ALFA,1,2022
RA-807,0,8.0,2022,9.5,8.7,6.3,8.0,7.5,10.0,0,8.121,2022,0.0,0.0,0.0,1.5,0.6999999999999993,8.333333333333334,0,ALFA,1,2022
RA-808,0,8.0,2022,10.0,9.1,6.3,8.0,8.0,10.0,0,8.361,2022,0.0,0.0,0.0,2.0,1.0999999999999996,8.566666666666668,0,ALFA,1,2022
RA-810,0,8.0,2021,8.5,9.1,5.0,8.0,7.25,10.0,0,7.887,2022,0.0,1.0,0.0,0.5,1.0999999999999996,7.9750000000000005,1,ALFA,0,2022
RA-812,0,8.0,2022,9.0,8.1,5.6,8.0,7.333,10.0,0,7.497,2022,0.0,0.0,0.0,1.0,0.09999999999999964,8.0055,1,ALFA,0,2022
RA-813,0,8.0,2022,9.5,6.5,6.9,8.0,7.417,10.0,0,7.093,2022,0.0,0.0,0.0,1.5,-1.5,8.052833333333334,0,ALFA,0,2022
RA-814,0,9.0,2022,8.9,9.0,6.9,9.0,8.417,5.0,-1,7.592,2022,0.0,0.0,1.0,-0.09999999999999964,0.0,7.8694999999999995,1,ALFA,1,2022
RA-815,0,9.0,2022,10.0,7.9,5.6,9.0,7.0,5.0,-1,6.81,2022,0.0,0.0,1.0,1.0,-1.0999999999999996,7.416666666666667,2,ALFA,1,2022
RA-816,0,9.0,2022,10.0,9.3,7.5,9.0,9.417,5.0,-1,8.513,2022,0.0,0.0,1.0,1.0,0.3000000000000007,8.3695,1,ALFA,1,2022
RA-817,0,8.0,2022,10.0,8.7,6.3,8.0,7.417,10.0,0,7.819,2022,0.0,0.0,0.0,2.0,0.6999999999999993,8.402833333333334,0,ALFA,0,2022
RA-818,0,7.0,2022,9.5,7.3,7.5,7.0,7.5,10.0,0,7.483,2022,0.0,0.0,0.0,2.5,0.2999999999999998,8.133333333333333,0,ALFA,0,2022
RA-819,0,8.0,2022,10.0,7.9,7.5,8.0,7.333,10.0,0,7.741,2022,0.0,0.0,0.0,2.0,-0.09999999999999964,8.455499999999999,0,ALFA,0,2022
RA-820,0,9.0,2022,9.5,10.0,6.9,9.0,7.583,5.0,-1,7.417,2022,0.0,0.0,1.0,0.5,1.0,7.997166666666666,1,ALFA,1,2022
RA-822,0,10.0,2022,8.0,8.4,7.5,10.0,7.083,5.0,-2,6.922,2022,0.0,0.0,1.0,-2.0,-1.5999999999999996,7.663833333333333,1,ALFA,1,2022
RA-826,0,8.0,2022,9.5,9.6,7.5,8.0,7.5,10.0,0,7.776,2022,0.0,0.0,0.0,1.5,1.5999999999999996,8.683333333333334,0,ALFA,1,2022
RA-827,0,10.0,2022,9.5,7.0,7.5,10.0,8.667,5.0,-2,7.412,2022,0.0,0.0,1.0,-0.5,-3.0,7.944500000000001,1,ALFA,1,2022
RA-829,0,8.0,2022,9.0,8.6,7.5,8.0,7.5,10.0,0,8.003,2022,0.0,0.0,0.0,1.0,0.5999999999999996,8.433333333333334,0,ALFA,0,2022
RA-830,0,9.0,2022,10.0,8.6,7.5,9.0,7.5,5.0,-1,7.234,2022,0.0,0.0,1.0,1.0,-0.40000000000000036,7.933333333333334,1,ALFA,1,2022
RA-831,0,9.0,2022,9.5,9.2,7.5,9.0,7.167,5.0,-1,7.41,2022,0.0,0.0,1.0,0.5,0.1999999999999993,7.894500000000001,1,ALFA,1,2022
RA-832,0,9.0,2022,10.0,9.2,7.5,9.0,8.833,5.0,-1,8.179,2022,0.0,0.0,1.0,1.0,0.1999999999999993,8.2555,1,ALFA,1,2022
RA-833,0,9.0,2022,10.0,9.5,7.5,9.0,7.583,5.0,-1,7.791,2022,0.0,0.0,1.0,1.0,0.5,8.097166666666666,1,ALFA,1,2022
RA-834,0,9.0,2022,9.0,9.0,7.5,9.0,9.083,5.0,-1,8.136,2022,0.0,0.0,1.0,0.0,0.0,8.097166666666666,1,ALFA,1,2022
RA-835,0,8.0,2022,6.9,7.3,7.5,8.0,6.667,10.0,0,7.263,2022,0.0,0.0,0.0,-1.0999999999999996,-0.7000000000000002,7.727833333333333,0,ALFA,0,2022
RA-836,0,9.0,2022,8.5,8.3,7.5,9.0,7.583,5.0,-1,7.665,2022,0.0,0.0,1.0,-0.5,-0.6999999999999993,7.647166666666666,1,ALFA,1,2022
RA-837,0,8.0,2022,8.5,9.0,7.5,8.0,7.5,10.0,0,8.207,2022,0.0,0.0,0.0,0.5,1.0,8.416666666666666,0,ALFA,0,2022
RA-840,0,8.0,2022,9.0,8.2,7.5,8.0,7.5,10.0,0,7.875,2022,0.0,0.0,0.0,1.0,0.1999999999999993,8.366666666666667,0,ALFA,1,2022
RA-841,0,11.0,2022,8.5,8.5,7.5,11.0,7.5,5.0,-2,7.3,2022,0.0,0.0,1.0,-2.5,-2.5,8.0,1,ALFA,1,2022
RA-842,0,8.0,2022,7.5,8.3,7.5,8.0,8.25,10.0,0,7.952,2022,0.0,0.0,0.0,-0.5,0.3000000000000007,8.258333333333333,0,ALFA,1,2022
RA-846,0,7.0,2022,9.0,7.2,7.5,7.0,7.917,10.0,0,7.412,2022,0.0,0.0,0.0,2.0,0.20000000000000018,8.102833333333333,0,ALFA,0,2022
RA-847,0,9.0,2022,7.9,8.2,4.4,9.0,7.417,5.0,-1,6.839,2022,0.0,0.0,1.0,-1.0999999999999996,-0.8000000000000007,6.986166666666667,2,ALFA,1,2022
RA-850,0,8.0,2022,10.0,7.3,7.5,8.0,7.167,10.0,0,7.641,2022,0.0,0.0,0.0,2.0,-0.7000000000000002,8.327833333333333,0,ALFA,1,2022
RA-851,0,8.0,2022,9.0,7.9,7.5,8.0,6.583,10.0,0,7.515,2022,0.0,0.0,0.0,1.0,-0.09999999999999964,8.163833333333333,0,ALFA,1,2022
RA-853,0,8.0,2022,10.0,9.6,7.5,8.0,8.5,10.0,0,8.616,2022,0.0,0.0,0.0,2.0,1.5999999999999996,8.933333333333334,0,ALFA,1,2022
RA-854,0,8.0,2022,8.0,9.0,7.5,8.0,7.167,10.0,0,8.098,2022,0.0,0.0,0.0,0.0,1.0,8.277833333333334,0,ALFA,0,2022
RA-855,0,9.0,2022,10.0,9.6,7.5,9.0,9.0,5.0,-1,8.453,2022,0.0,0.0,1.0,1.0,0.5999999999999996,8.35,1,ALFA,0,2022
RA-856,0,7.0,2022,10.0,9.1,7.5,7.0,8.0,10.0,0,8.398,2022,0.0,0.0,0.0,3.0,2.0999999999999996,8.6,0,ALFA,0,2022
RA-857,0,9.0,2022,8.5,8.9,7.5,9.0,9.083,5.0,-1,8.154,2022,0.0,0.0,1.0,-0.5,-0.09999999999999964,7.997166666666666,1,ALFA,1,2022
RA-858,0,7.0,2022,10.0,7.1,5.6,7.0,7.333,10.0,0,7.523,2022,0.0,0.0,0.0,3.0,0.09999999999999964,7.8388333333333335,1,ALFA,0,2022
RA-859,0,7.0,2022,8.5,8.7,7.5,7.0,8.25,10.0,0,8.325,2022,0.0,0.0,0.0,1.5,1.6999999999999993,8.325000000000001,0,ALFA,0,2022
RA-860,0,7.0,2022,9.5,8.5,7.5,7.0,7.75,10.0,0,8.136,2022,0.0,0.0,0.0,2.5,1.5,8.375,0,ALFA,0,2022
RA-861,ALFA,8.0,2023,9.5,10.0,8.13,8.0,8.92,10.0,0,9.31095,2023,0.0,0.0,0.0,1.5,2.0,9.091666666666667,0,ALFA,1,2023
RA-862,ALFA,9.0,2023,8.5,9.1,8.14,9.0,8.585,5.0,-1,8.2212,2023,0.0,0.0,1.0,-0.5,0.09999999999999964,8.054166666666667,1,ALFA,1,2023
RA-863,ALFA,7.0,2023,0.0,7.6,3.14,7.0,6.26,10.0,0,5.92975,2023,0.0,0.0,0.0,-7.0,0.5999999999999996,5.666666666666667,2,ALFA,1,2023
RA-867,ALFA,8.0,2023,9.0,8.6,8.76,8.0,8.415,10.0,0,8.6992,2023,0.0,0.0,0.0,1.0,0.5999999999999996,8.795833333333333,0,ALFA,1,2023
RA-868,ALFA,,2023,10.0,9.5,8.76,,8.67,10.0,0,8.63895,2023,0.0,0.0,0.0,,,9.386,0,ALFA,1,2023
RA-871,ALFA,9.0,2023,9.0,9.5,3.76,9.0,6.84,5.0,-1,6.8617,2023,0.0,0.0,1.0,0.0,0.5,7.183333333333333,2,ALFA,0,2023
RA-873,ALFA,,2023,8.5,9.7,7.52,,8.67,5.0,-2,7.8012,2023,0.0,0.0,1.0,,,7.878,1,ALFA,1,2023
RA-874,ALFA,9.0,2023,0.0,8.2,7.52,9.0,6.67,5.0,-1,5.811,2023,0.0,0.0,1.0,-9.0,-0.8000000000000007,6.065,2,ALFA,1,2023
RA-876,ALFA,,2023,10.0,9.4,7.52,,8.835,10.0,0,8.6492,2023,0.0,0.0,0.0,,,9.151,0,ALFA,0,2023
RA-878,ALFA,10.0,2023,0.0,9.5,2.52,10.0,7.34,5.0,-2,6.24,2023,0.0,0.0,1.0,-10.0,-0.5,5.726666666666667,3,ALFA,1,2023
RA-879,ALFA,,2023,0.0,9.8,2.52,,8.915,5.0,-1,6.8225,2023,0.0,0.0,1.0,,,5.247,3,ALFA,1,2023
RA-880,ALFA,7.0,2023,0.0,9.4,2.52,7.0,8.585,10.0,0,6.724,2023,0.0,0.0,0.0,-7.0,2.4000000000000004,6.2508333333333335,2,ALFA,1,2023
RA-884,ALFA,,2023,9.0,9.7,4.39,,8.66,10.0,0,8.4587,2023,0.0,0.0,0.0,,,8.35,1,ALFA,1,2023
RA-885,ALFA,7.0,2023,9.0,9.8,7.52,7.0,8.665,10.0,0,8.8252,2023,0.0,0.0,0.0,2.0,2.8000000000000007,8.664166666666667,0,ALFA,1,2023
RA-886,ALFA,,2023,8.5,9.4,7.52,,9.0,10.0,0,8.6422,2023,0.0,0.0,0.0,,,8.884,0,ALFA,1,2023
RA-888,ALFA,,2023,9.0,10.0,7.52,,8.83,10.0,0,8.9182,2023,0.0,0.0,0.0,,,9.07,0,ALFA,1,2023
RA-889,ALFA,,2023,8.5,9.5,6.89,,9.0,10.0,0,8.8092,2023,0.0,0.0,0.0,,,8.778,0,ALFA,1,2023
RA-891,ALFA,,2023,9.5,9.5,6.89,,7.995,5.0,-1,7.8882,2023,0.0,0.0,1.0,,,7.776999999999999,1,ALFA,1,2023
RA-684,ALFA,8.0,2022,9.0,8.1,7.52,8.0,5.84,10.0,0,7.4277,2023,0.0,1.0,0.0,1.0,0.09999999999999964,8.076666666666668,1,ALFA,0,2023
RA-892,ALFA,8.0,2023,8.0,9.6,6.89,8.0,10.01,10.0,0,8.8112,2023,0.0,0.0,0.0,0.0,1.5999999999999996,8.75,0,ALFA,0,2023
RA-893,ALFA,,2023,9.5,10.0,7.52,,10.01,5.0,-1,8.8042,2023,0.0,0.0,1.0,,,8.406,1,ALFA,0,2023
RA-894,ALFA,9.0,2023,9.5,9.9,7.52,9.0,10.01,5.0,-1,8.8142,2023,0.0,0.0,1.0,0.5,0.9000000000000004,8.488333333333333,1,ALFA,1,2023
RA-690,ALFA,,2022,9.0,9.8,6.89,,10.01,5.0,-2,8.6112,2023,0.0,1.0,1.0,,,8.14,1,ALFA,1,2023
RA-895,ALFA,8.0,2023,9.5,9.5,7.52,8.0,9.5,10.0,0,8.5397,2023,0.0,0.0,0.0,1.5,1.5,9.003333333333332,0,ALFA,1,2023
RA-896,ALFA,7.0,2023,9.5,10.0,6.89,7.0,10.01,10.0,0,9.0912,2023,0.0,0.0,0.0,2.5,3.0,8.9,0,ALFA,0,2023
RA-693,ALFA,,2022,10.0,9.4,6.89,,10.01,10.0,0,9.0112,2023,0.0,1.0,0.0,,,9.26,0,ALFA,0,2023
RA-850,ALFA,9.0,2022,0.0,7.9,6.26,9.0,6.265,5.0,-1,6.06525,2023,0.0,1.0,1.0,-9.0,-1.0999999999999996,5.7375,2,ALFA,1,2023
RA-897,ALFA,,2023,0.0,8.1,7.52,,3.32,5.0,-1,5.48225,2023,0.0,0.0,1.0,,,4.787999999999999,3,ALFA,1,2023
RA-842,ALFA,9.0,2022,9.0,8.5,3.77,9.0,8.01,5.0,-1,7.2117,2023,0.0,1.0,1.0,0.0,-0.5,7.213333333333334,2,ALFA,1,2023
RA-898,ALFA,,2023,9.0,9.8,3.77,,10.01,5.0,-1,8.4217,2023,0.0,0.0,1.0,,,7.516,2,ALFA,1,2023
RA-899,ALFA,8.0,2023,10.0,9.8,3.77,8.0,9.34,10.0,0,8.8452,2023,0.0,0.0,0.0,2.0,1.8000000000000007,8.485,1,ALFA,0,2023
RA-900,ALFA,8.0,2023,9.0,9.8,9.38,8.0,8.67,10.0,0,8.8947,2023,0.0,0.0,0.0,1.0,1.8000000000000007,9.141666666666667,0,ALFA,0,2023
RA-743,ALFA,10.0,2022,0.0,9.1,3.77,10.0,9.01,5.0,-2,6.659,2023,0.0,1.0,1.0,-10.0,-0.9000000000000004,6.146666666666666,3,ALFA,1,2023
RA-681,ALFA,10.0,2022,0.0,7.8,3.77,10.0,8.18,5.0,-2,6.2955,2023,0.0,1.0,1.0,-10.0,-2.2,5.791666666666667,3,ALFA,1,2023
RA-903,ALFA,,2023,10.0,9.6,5.02,,9.01,10.0,0,8.5242,2023,0.0,0.0,0.0,,,8.726,1,ALFA,0,2023
RA-851,ALFA,,2022,8.4,7.5,2.52,,6.01,5.0,-1,6.1683,2023,0.0,1.0,1.0,,,5.886,2,ALFA,1,2023
RA-847,ALFA,10.0,2022,7.9,9.1,2.52,10.0,5.84,5.0,-2,6.5418,2023,0.0,1.0,1.0,-2.0999999999999996,-0.9000000000000004,6.726666666666667,3,ALFA,1,2023
RA-904,ALFA,,2023,9.0,9.3,7.52,,7.836666667,10.0,0,8.140783333,2023,0.0,0.0,0.0,,,8.7313333334,0,ALFA,1,2023
RA-858,ALFA,,2022,0.0,8.1,3.77,,7.946666667,10.0,0,7.248833333,2023,0.0,1.0,0.0,,,5.9633333334,2,ALFA,1,2023
RA-905,ALFA,9.0,2023,9.5,9.4,7.52,9.0,7.056666667,5.0,-1,7.831033333,2023,0.0,0.0,1.0,0.5,0.40000000000000036,7.912777777833334,1,ALFA,1,2023
RA-702,ALFA,,2022,10.0,10.0,5.63,,7.833333333,5.0,-1,8.239866667,2023,0.0,1.0,1.0,,,7.6926666666,2,ALFA,1,2023
RA-725,ALFA,9.0,2022,9.5,9.0,7.52,9.0,8.113333333,5.0,-1,8.117366667,2023,0.0,1.0,1.0,0.5,0.0,8.022222222166667,1,ALFA,1,2023
RA-907,ALFA,8.0,2023,9.5,9.6,7.52,8.0,8.336666667,10.0,0,8.962033333,2023,0.0,0.0,0.0,1.5,1.5999999999999996,8.826111111166668,0,ALFA,1,2023
RA-908,ALFA,,2023,9.0,9.0,7.52,,8.223333333,10.0,0,8.479366667,2023,0.0,0.0,0.0,,,8.748666666599998,0,ALFA,1,2023
RA-909,ALFA,10.0,2023,10.0,9.9,7.52,10.0,8.056666667,5.0,-2,8.486033333,2023,0.0,0.0,1.0,0.0,-0.09999999999999964,8.412777777833334,1,ALFA,1,2023
RA-910,ALFA,8.0,2023,0.0,8.8,7.52,8.0,8.17,10.0,0,7.801,2023,0.0,0.0,0.0,-8.0,0.8000000000000007,7.081666666666667,1,ALFA,0,2023
RA-836,ALFA,,2022,9.5,9.6,6.27,,8.085,5.0,-2,7.6417,2023,0.0,1.0,1.0,,,7.691,1,ALFA,1,2023
RA-911,ALFA,11.0,2023,9.0,6.7,2.52,11.0,7.01,5.0,-2,5.59545,2023,0.0,0.0,1.0,-2.0,-4.3,6.871666666666666,2,ALFA,1,2023
RA-860,ALFA,,2022,7.0,9.8,6.89,,8.34,10.0,0,8.2372,2023,0.0,1.0,0.0,,,8.406,0,ALFA,0,2023
RA-727,ALFA,,2022,9.5,8.8,2.52,,9.34,5.0,-1,7.6802,2023,0.0,1.0,1.0,,,7.031999999999999,2,ALFA,0,2023
RA-740,ALFA,10.0,2022,0.0,8.7,7.52,10.0,8.925,5.0,-2,7.2845,2023,0.0,1.0,1.0,-10.0,-1.3000000000000007,6.690833333333333,2,ALFA,1,2023
RA-912,ALFA,9.0,2023,7.0,9.4,7.52,9.0,7.175,5.0,-1,7.0797,2023,0.0,0.0,1.0,-2.0,0.40000000000000036,7.515833333333333,1,ALFA,1,2023
RA-706,ALFA,,2021,9.0,7.8,4.39,,8.08,5.0,-2,7.1527,2023,0.0,2.0,1.0,,,6.854000000000001,2,ALFA,0,2023
RA-840,ALFA,,2022,9.5,9.0,4.38,,8.59,5.0,-1,7.7862,2023,0.0,1.0,1.0,,,7.294,2,ALFA,0,2023
RA-841,ALFA,11.0,2022,0.0,7.2,7.52,11.0,9.84,5.0,-2,6.78,2023,0.0,1.0,1.0,-11.0,-3.8,6.760000000000001,2,ALFA,1,2023
RA-709,ALFA,11.0,2022,10.0,7.9,7.52,11.0,6.59,5.0,-2,6.6927,2023,0.0,1.0,1.0,-1.0,-3.0999999999999996,8.001666666666667,1,ALFA,1,2023
RA-916,ALFA,9.0,2023,9.5,9.7,2.52,9.0,9.005,5.0,-1,7.3882,2023,0.0,0.0,1.0,0.5,0.6999999999999993,7.454166666666667,2,ALFA,1,2023
RA-918,ALFA,7.0,2023,10.0,8.7,2.52,7.0,7.01,10.0,0,7.4967,2023,0.0,0.0,0.0,3.0,1.6999999999999993,7.538333333333333,1,ALFA,1,2023
RA-919,ALFA,9.0,2023,0.0,8.4,7.52,9.0,8.09,5.0,-1,6.225,2023,0.0,0.0,1.0,-9.0,-0.5999999999999996,6.335000000000001,2,ALFA,1,2023
RA-920,ALFA,8.0,2023,9.0,6.3,7.52,8.0,6.35,10.0,0,6.9647,2023,0.0,0.0,0.0,1.0,-1.7000000000000002,7.861666666666667,0,ALFA,1,2023
RA-921,ALFA,7.0,2023,9.0,9.7,7.52,7.0,6.68,10.0,0,7.7407,2023,0.0,0.0,0.0,2.0,2.6999999999999993,8.316666666666666,0,ALFA,1,2023
RA-922,ALFA,,2023,8.5,9.7,3.14,,10.01,10.0,0,8.5262,2023,0.0,0.0,0.0,,,8.27,1,ALFA,0,2023
RA-715,ALFA,,2022,0.0,9.5,3.14,,7.675,5.0,-2,5.8915,2023,0.0,1.0,1.0,,,5.063000000000001,3,ALFA,0,2023
RA-822,ALFA,,2022,8.5,8.4,2.52,,5.925,5.0,-2,6.4497,2023,0.0,1.0,1.0,,,6.069,3,ALFA,1,2023
RA-923,ALFA,,2023,9.5,9.9,7.52,,10.01,10.0,0,8.8842,2023,0.0,0.0,0.0,,,9.386,0,ALFA,0,2023
RA-924,ALFA,,2023,9.0,5.6,7.52,,5.93,10.0,0,6.5207,2023,0.0,0.0,0.0,,,7.609999999999999,2,ALFA,1,2023
RA-925,ALFA,,2023,9.0,8.9,7.52,,5.595,10.0,0,7.1837,2023,0.0,0.0,0.0,,,8.203,1,ALFA,1,2023
RA-853,ALFA,9.0,2022,10.0,9.5,3.77,9.0,9.84,5.0,-1,7.8402,2023,0.0,1.0,1.0,1.0,0.5,7.851666666666667,2,ALFA,0,2023
RA-854,ALFA,,2022,0.0,9.5,3.77,,8.01,10.0,0,6.6415,2023,0.0,1.0,0.0,,,6.256,2,ALFA,0,2023
RA-700,ALFA,9.0,2022,9.5,9.7,7.52,9.0,9.84,5.0,-1,8.2852,2023,0.0,1.0,1.0,0.5,0.6999999999999993,8.426666666666668,1,ALFA,1,2023
RA-672,ALFA,10.0,2021,7.9,9.5,2.52,10.0,6.43,5.0,-2,6.5623,2023,0.0,2.0,1.0,-2.0999999999999996,-0.5,6.891666666666666,2,ALFA,1,2023
RA-859,ALFA,8.0,2022,8.0,9.2,7.52,8.0,10.01,10.0,0,8.6042,2023,0.0,1.0,0.0,0.0,1.1999999999999993,8.788333333333332,0,ALFA,0,2023
RA-704,ALFA,,2022,10.0,9.9,3.14,,6.265,5.0,-2,6.8297,2023,0.0,1.0,1.0,,,6.861,2,ALFA,1,2023
RA-741,ALFA,11.0,2022,9.5,6.9,4.39,11.0,7.095,5.0,-2,6.2707,2023,0.0,1.0,1.0,-1.5,-4.1,7.314166666666666,2,ALFA,1,2023
RA-719,ALFA,,2021,9.5,5.3,7.52,,7.095,5.0,-2,6.4137,2023,0.0,2.0,1.0,,,6.883,2,ALFA,1,2023
RA-926,ALFA,9.0,2023,9.0,10.0,3.77,9.0,9.51,5.0,-1,7.7792,2023,0.0,0.0,1.0,0.0,1.0,7.713333333333334,2,ALFA,1,2023
RA-927,ALFA,,2023,9.0,9.7,3.77,,9.255,5.0,-1,7.5982,2023,0.0,0.0,1.0,,,7.345000000000001,2,ALFA,0,2023
RA-928,ALFA,8.0,2023,8.5,10.0,7.52,8.0,9.67,10.0,0,9.3712,2023,0.0,0.0,0.0,0.5,2.0,8.948333333333332,0,ALFA,0,2023
RA-929,ALFA,8.0,2023,8.5,9.8,7.52,8.0,9.67,10.0,0,9.1312,2023,0.0,0.0,0.0,0.5,1.8000000000000007,8.915000000000001,0,ALFA,1,2023
RA-930,ALFA,8.0,2023,9.0,8.8,7.52,8.0,9.0,10.0,0,8.8872,2023,0.0,0.0,0.0,1.0,0.8000000000000007,8.72,0,ALFA,1,2023
RA-931,ALFA,,2023,8.5,8.2,2.52,,7.6,10.0,0,7.3747,2023,0.0,0.0,0.0,,,7.364,1,ALFA,1,2023
RA-934,ALFA,8.0,2023,9.0,9.6,7.52,8.0,9.67,10.0,0,9.1737,2023,0.0,0.0,0.0,1.0,1.5999999999999996,8.965000000000002,0,ALFA,1,2023
RA-935,ALFA,9.0,2023,0.0,9.8,7.52,9.0,9.67,5.0,-1,7.9535,2023,0.0,0.0,1.0,-9.0,0.8000000000000007,6.831666666666667,2,ALFA,1,2023
RA-937,ALFA,,2023,9.5,9.6,7.52,,9.67,10.0,0,9.3237,2023,0.0,0.0,0.0,,,9.258,0,ALFA,1,2023
RA-756,ALFA,,2022,10.0,8.7,7.52,,6.59,5.0,-2,7.0927,2023,0.0,1.0,1.0,,,7.562,1,ALFA,1,2023
RA-938,ALFA,,2023,8.5,8.4,7.52,,7.5,5.0,-1,6.7372,2023,0.0,0.0,1.0,,,7.384,1,ALFA,1,2023
RA-939,ALFA,,2023,9.0,10.0,7.52,,10.01,5.0,-2,7.9742,2023,0.0,0.0,1.0,,,8.306000000000001,1,ALFA,1,2023
RA-789,ALFA,8.0,2022,0.0,9.5,7.52,8.0,10.01,10.0,0,7.974,2023,0.0,1.0,0.0,-8.0,1.5,7.505,1,ALFA,0,2023
RA-792,ALFA,10.0,2022,9.0,7.7,7.52,10.0,9.085,5.0,-2,7.6267,2023,0.0,1.0,1.0,-1.0,-2.3,8.050833333333333,1,ALFA,1,2023
RA-941,ALFA,,2023,8.0,10.0,7.52,,8.175,10.0,0,7.6872,2023,0.0,0.0,0.0,,,8.739,0,ALFA,1,2023
RA-943,ALFA,,2023,9.5,9.4,7.52,,9.925,10.0,0,8.9172,2023,0.0,0.0,0.0,,,9.269,0,ALFA,0,2023
RA-782,ALFA,9.0,2022,8.5,9.8,2.52,9.0,9.345,5.0,-1,7.6812,2023,0.0,1.0,1.0,-0.5,0.8000000000000007,7.360833333333333,2,ALFA,0,2023
RA-768,ALFA,,2021,10.0,9.1,7.52,,10.01,5.0,-2,8.4042,2023,0.0,2.0,1.0,,,8.326,1,ALFA,1,2023
RA-794,ALFA,,2022,9.0,9.2,7.52,,10.01,5.0,-1,7.9842,2023,0.0,1.0,1.0,,,8.145999999999999,1,ALFA,0,2023
RA-795,ALFA,9.0,2022,9.0,9.6,7.52,9.0,10.01,5.0,-1,8.4642,2023,0.0,1.0,1.0,0.0,0.5999999999999996,8.355,1,ALFA,1,2023
RA-944,ALFA,9.0,2023,9.0,7.6,7.52,9.0,6.67,5.0,-1,7.0687,2023,0.0,0.0,1.0,0.0,-1.4000000000000004,7.465000000000001,1,ALFA,1,2023
RA-945,ALFA,,2023,8.5,9.2,7.52,,6.84,10.0,0,8.0777,2023,0.0,0.0,0.0,,,8.412,0,ALFA,1,2023
RA-946,ALFA,,2023,9.5,9.4,7.52,,7.0,10.0,0,8.5822,2023,0.0,0.0,0.0,,,8.684000000000001,0,ALFA,1,2023
RA-754,ALFA,,2022,9.5,6.1,2.52,,6.67,5.0,-2,6.0537,2023,0.0,1.0,1.0,,,5.958,2,ALFA,1,2023
RA-947,ALFA,,2023,9.0,7.9,7.52,,5.08,10.0,0,6.3457,2023,0.0,0.0,0.0,,,7.9,1,ALFA,1,2023
RA-949,ALFA,,2023,9.5,8.1,7.52,,6.5,10.0,0,8.0172,2023,0.0,0.0,0.0,,,8.324000000000002,0,ALFA,1,2023
RA-950,ALFA,8.0,2023,9.0,10.0,7.52,8.0,8.17,10.0,0,8.8862,2023,0.0,0.0,0.0,1.0,2.0,8.781666666666666,0,ALFA,1,2023
RA-773,ALFA,9.0,2022,10.0,7.5,2.52,9.0,7.67,5.0,-1,6.9287,2023,0.0,1.0,1.0,1.0,-1.5,6.948333333333333,2,ALFA,1,2023
RA-951,ALFA,7.0,2023,9.5,9.7,7.52,7.0,9.09,10.0,0,8.8902,2023,0.0,0.0,0.0,2.5,2.6999999999999993,8.801666666666668,0,ALFA,1,2023
RA-769,ALFA,10.0,2022,10.0,9.3,3.77,10.0,8.675,5.0,-2,7.85345,2023,0.0,1.0,1.0,0.0,-0.6999999999999993,7.790833333333334,2,ALFA,1,2023
RA-952,ALFA,8.0,2023,9.5,9.2,3.77,8.0,8.425,10.0,0,8.37095,2023,0.0,0.0,0.0,1.5,1.1999999999999993,8.149166666666666,1,ALFA,0,2023
RA-826,ALFA,,2022,10.0,10.0,3.77,,8.34,5.0,-1,7.77645,2023,0.0,1.0,1.0,,,7.422,2,ALFA,1,2023
RA-953,ALFA,,2023,7.4,8.8,3.14,,7.09,10.0,0,7.54005,2023,0.0,0.0,0.0,,,7.286000000000001,1,ALFA,0,2023
RA-954,ALFA,8.0,2023,0.0,8.3,3.14,8.0,8.005,10.0,0,6.82375,2023,0.0,0.0,0.0,-8.0,0.3000000000000007,6.240833333333334,2,ALFA,0,2023
RA-780,ALFA,10.0,2022,9.5,8.8,3.14,10.0,8.675,5.0,-2,7.7842,2023,0.0,1.0,1.0,-0.5,-1.1999999999999993,7.519166666666667,2,ALFA,1,2023
RA-955,ALFA,10.0,2023,9.0,8.8,3.14,10.0,7.09,5.0,-2,7.1297,2023,0.0,0.0,1.0,-1.0,-1.1999999999999993,7.171666666666667,2,ALFA,1,2023
RA-831,ALFA,9.0,2022,8.0,9.4,3.77,9.0,8.59,5.0,-1,7.71645,2023,0.0,1.0,1.0,-1.0,0.40000000000000036,7.293333333333333,2,ALFA,1,2023
RA-774,ALFA,,2022,0.0,9.5,3.14,,6.34,5.0,-1,5.852,2023,0.0,1.0,1.0,,,4.796,3,ALFA,1,2023
RA-748,ALFA,,2022,9.5,9.7,7.52,,10.01,5.0,-2,8.7142,2023,0.0,1.0,1.0,,,8.346,1,ALFA,1,2023
RA-749,ALFA,9.0,2022,10.0,9.0,7.52,9.0,8.425,5.0,-1,7.7597,2023,0.0,1.0,1.0,1.0,0.0,8.157499999999999,1,ALFA,1,2023
RA-956,ALFA,11.0,2023,8.0,7.5,7.52,11.0,9.345,5.0,-2,7.7312,2023,0.0,0.0,1.0,-3.0,-3.5,8.060833333333333,1,ALFA,1,2023
RA-787,ALFA,,2022,9.0,9.8,7.52,,8.34,5.0,-1,7.5227,2023,0.0,1.0,1.0,,,7.9319999999999995,1,ALFA,1,2023
RA-753,ALFA,,2022,9.0,9.9,7.52,,9.925,5.0,-1,8.6672,2023,0.0,1.0,1.0,,,8.269,1,ALFA,1,2023
RA-958,ALFA,,2023,10.0,9.8,7.52,,9.84,10.0,0,9.2902,2023,0.0,0.0,0.0,,,9.431999999999999,0,ALFA,0,2023
RA-755,ALFA,9.0,2022,10.0,9.5,7.52,9.0,10.01,5.0,-1,8.7442,2023,0.0,1.0,1.0,1.0,0.5,8.504999999999999,1,ALFA,1,2023
RA-763,ALFA,10.0,2021,0.0,9.2,3.14,10.0,9.0,5.0,-2,6.7215,2023,0.0,2.0,1.0,-10.0,-0.8000000000000007,6.0566666666666675,3,ALFA,1,2023
RA-757,ALFA,10.0,2022,9.0,9.6,7.52,10.0,10.01,5.0,-2,8.6742,2023,0.0,1.0,1.0,-1.0,-0.40000000000000036,8.521666666666667,1,ALFA,1,2023
RA-959,ALFA,8.0,2023,10.0,9.6,7.52,8.0,8.84,10.0,0,8.6677,2023,0.0,0.0,0.0,2.0,1.5999999999999996,8.993333333333334,0,ALFA,1,2023
RA-960,ALFA,10.0,2023,8.5,10.0,7.52,10.0,5.85,5.0,-2,7.0847,2023,0.0,0.0,1.0,-1.5,0.0,7.8116666666666665,2,ALFA,1,2023
RA-961,ALFA,9.0,2023,0.0,8.7,2.52,9.0,8.665,5.0,-1,5.99625,2023,0.0,0.0,1.0,-9.0,-0.3000000000000007,5.6475,3,ALFA,1,2023
RA-805,ALFA,9.0,2021,0.0,9.1,7.52,9.0,7.175,5.0,-1,6.492,2023,0.0,2.0,1.0,-9.0,0.09999999999999964,6.2991666666666655,2,ALFA,1,2023
RA-806,ALFA,9.0,2022,8.5,8.3,6.27,9.0,7.095,5.0,-1,7.2937,2023,0.0,1.0,1.0,-0.5,-0.6999999999999993,7.360833333333333,1,ALFA,1,2023
RA-807,ALFA,9.0,2022,9.5,9.1,7.52,9.0,8.08,5.0,-1,7.8632,2023,0.0,1.0,1.0,0.5,0.09999999999999964,8.033333333333333,1,ALFA,0,2023
RA-963,ALFA,,2023,9.5,9.8,7.52,,10.01,5.0,-1,8.6142,2023,0.0,0.0,1.0,,,8.366,1,ALFA,0,2023
RA-964,ALFA,9.0,2023,8.5,9.4,7.52,9.0,8.5,5.0,-1,7.7997,2023,0.0,0.0,1.0,-0.5,0.40000000000000036,7.986666666666667,1,ALFA,1,2023
RA-965,ALFA,9.0,2023,8.5,8.2,6.27,9.0,7.18,5.0,-1,6.4832,2023,0.0,0.0,1.0,-0.5,-0.8000000000000007,7.358333333333333,1,ALFA,1,2023
RA-966,ALFA,,2023,10.0,10.0,7.52,,7.675,5.0,-1,7.44345,2023,0.0,0.0,1.0,,,8.039,1,ALFA,1,2023
RA-967,ALFA,,2023,9.5,8.0,7.52,,7.35,5.0,-2,7.1347,2023,0.0,0.0,1.0,,,7.473999999999999,1,ALFA,1,2023
RA-968,ALFA,,2023,9.0,9.7,7.52,,10.01,5.0,-1,8.4942,2023,0.0,0.0,1.0,,,8.245999999999999,1,ALFA,1,2023
RA-969,ALFA,8.0,2023,8.5,9.7,7.52,8.0,7.51,10.0,0,7.7692,2023,0.0,0.0,0.0,0.5,1.6999999999999993,8.538333333333332,0,ALFA,1,2023
RA-971,ALFA,,2023,7.8,6.4,3.77,,8.17,10.0,0,7.0169,2023,0.0,0.0,0.0,,,7.228,1,ALFA,1,2023
RA-972,ALFA,8.0,2023,9.0,9.1,3.77,8.0,7.84,10.0,0,7.5427,2023,0.0,0.0,0.0,1.0,1.0999999999999996,7.951666666666667,1,ALFA,1,2023
RA-973,ALFA,,2023,0.0,8.6,3.77,,7.415,5.0,-1,5.82875,2023,0.0,0.0,1.0,,,4.957,3,ALFA,1,2023
RA-974,ALFA,,2023,9.0,9.1,3.77,,9.34,10.0,0,8.4752,2023,0.0,0.0,0.0,,,8.242,1,ALFA,1,2023
RA-975,ALFA,,2023,7.9,9.2,7.52,,7.67,10.0,0,7.7803,2023,0.0,0.0,0.0,,,8.458,0,ALFA,1,2023
RA-977,ALFA,7.0,2023,8.5,7.4,5.02,7.0,8.085,10.0,0,7.1717,2023,0.0,0.0,0.0,1.5,0.40000000000000036,7.6675,1,ALFA,1,2023
RA-978,ALFA,,2023,9.0,9.8,3.77,,9.34,10.0,0,8.3877,2023,0.0,0.0,0.0,,,8.382,1,ALFA,1,2023
RA-979,ALFA,8.0,2023,9.5,9.6,6.27,8.0,9.51,10.0,0,8.1617,2023,0.0,0.0,0.0,1.5,1.5999999999999996,8.813333333333334,0,ALFA,1,2023
RA-980,ALFA,8.0,2023,0.0,9.8,5.02,8.0,9.34,10.0,0,7.1425,2023,0.0,0.0,0.0,-8.0,1.8000000000000007,7.026666666666666,2,ALFA,0,2023
RA-808,ALFA,9.0,2022,10.0,10.0,2.52,9.0,9.755,5.0,-1,8.1932,2023,0.0,1.0,1.0,1.0,1.0,7.7124999999999995,2,ALFA,0,2023
RA-981,ALFA,7.0,2023,9.5,9.1,2.52,7.0,9.01,10.0,0,7.5367,2023,0.0,0.0,0.0,2.5,2.0999999999999996,7.855,1,ALFA,1,2023
RA-982,ALFA,7.0,2023,0.0,9.1,2.52,7.0,8.835,10.0,0,7.1215,2023,0.0,0.0,0.0,-7.0,2.0999999999999996,6.2425,2,ALFA,0,2023
RA-984,ALFA,8.0,2023,8.0,9.8,7.52,8.0,9.84,10.0,0,8.8177,2023,0.0,0.0,0.0,0.0,1.8000000000000007,8.86,0,ALFA,0,2023
RA-985,ALFA,8.0,2023,9.0,9.3,2.52,8.0,8.5,10.0,0,7.6247,2023,0.0,0.0,0.0,1.0,1.3000000000000007,7.886666666666667,1,ALFA,0,2023
RA-986,ALFA,8.0,2023,9.5,9.1,2.52,8.0,8.83,10.0,0,8.0107,2023,0.0,0.0,0.0,1.5,1.0999999999999996,7.991666666666667,1,ALFA,0,2023
RA-987,ALFA,8.0,2023,0.0,9.8,6.27,8.0,9.76,10.0,0,7.6765,2023,0.0,0.0,0.0,-8.0,1.8000000000000007,7.305,1,ALFA,0,2023
RA-988,ALFA,,2023,7.9,8.1,7.52,,9.84,5.0,-1,7.9568,2023,0.0,0.0,1.0,,,7.672,1,ALFA,1,2023
RA-989,ALFA,9.0,2023,9.5,8.1,2.52,9.0,10.01,5.0,-1,7.7242,2023,0.0,0.0,1.0,0.5,-0.9000000000000004,7.355,2,ALFA,0,2023
RA-990,ALFA,,2023,0.0,8.5,7.52,,10.01,5.0,-1,7.254,2023,0.0,0.0,1.0,,,6.206,2,ALFA,1,2023
RA-991,ALFA,9.0,2023,10.0,9.1,3.14,9.0,9.585,5.0,-1,7.7687,2023,0.0,0.0,1.0,1.0,0.09999999999999964,7.6375,2,ALFA,1,2023
RA-994,ALFA,8.0,2023,9.5,9.4,3.77,8.0,7.265,10.0,0,7.4127,2023,0.0,0.0,0.0,1.5,1.4000000000000004,7.989166666666666,1,ALFA,1,2023
RA-995,ALFA,,2023,9.5,7.9,3.77,,7.18,5.0,-2,6.4782,2023,0.0,0.0,1.0,,,6.669999999999999,2,ALFA,1,2023
RA-750,ALFA,,2019,9.5,7.7,3.14,,6.32,5.0,-2,5.6857,2023,0.0,4.0,1.0,,,6.332,2,ALFA,1,2023
RA-770,ALFA,,2022,0.0,8.3,3.77,,8.92,10.0,0,6.6785,2023,0.0,1.0,0.0,,,6.198,2,ALFA,1,2023
RA-771,ALFA,,2022,0.0,8.8,3.14,,8.585,10.0,0,7.056,2023,0.0,1.0,0.0,,,6.105,2,ALFA,1,2023
RA-1000,ALFA,8.0,2023,8.5,9.4,3.77,8.0,8.92,10.0,0,7.9162,2023,0.0,0.0,0.0,0.5,1.4000000000000004,8.098333333333333,1,ALFA,0,2023
RA-830,ALFA,9.0,2022,0.0,8.9,3.14,9.0,9.505,5.0,-1,6.78,2023,0.0,1.0,1.0,-9.0,-0.09999999999999964,5.924166666666667,3,ALFA,1,2023
RA-1001,ALFA,9.0,2023,9.0,9.1,7.52,9.0,9.17,5.0,-1,8.1162,2023,0.0,0.0,1.0,0.0,0.09999999999999964,8.131666666666668,1,ALFA,1,2023
RA-1002,ALFA,9.0,2023,9.0,9.7,7.52,9.0,8.92,5.0,-1,7.9012,2023,0.0,0.0,1.0,0.0,0.6999999999999993,8.19,1,ALFA,1,2023
RA-1003,ALFA,8.0,2023,9.0,8.5,7.52,8.0,8.75,10.0,0,7.6522,2023,0.0,0.0,0.0,1.0,0.5,8.628333333333332,0,ALFA,1,2023
RA-1004,ALFA,8.0,2023,9.0,9.6,7.52,8.0,7.42,10.0,0,8.3137,2023,0.0,0.0,0.0,1.0,1.5999999999999996,8.590000000000002,0,ALFA,1,2023
RA-1006,ALFA,8.0,2023,9.0,9.3,7.52,8.0,8.0,10.0,0,8.5922,2023,0.0,0.0,0.0,1.0,1.3000000000000007,8.636666666666667,0,ALFA,1,2023
RA-705,ALFA,10.0,2022,0.0,8.3,6.89,10.0,8.165,5.0,-2,6.982,2023,0.0,1.0,1.0,-10.0,-1.6999999999999993,6.392500000000001,2,ALFA,1,2023
RA-1008,ALFA,8.0,2023,9.0,8.6,7.52,8.0,7.5,10.0,0,8.13595,2023,0.0,0.0,0.0,1.0,0.5999999999999996,8.436666666666667,0,ALFA,1,2023
RA-729,ALFA,,2022,8.0,9.1,3.77,,7.01,5.0,-1,7.26545,2023,0.0,1.0,1.0,,,6.5760000000000005,2,ALFA,1,2023
RA-1009,ALFA,8.0,2023,0.0,9.0,3.77,8.0,7.84,10.0,0,7.245,2023,0.0,0.0,0.0,-8.0,1.0,6.435,2,ALFA,1,2023
RA-1012,ALFA,8.0,2023,10.0,9.9,3.77,8.0,7.845,10.0,0,7.96495,2023,0.0,0.0,0.0,2.0,1.9000000000000004,8.2525,1,ALFA,1,2023
RA-1013,ALFA,7.0,2023,9.0,9.6,4.39,7.0,5.76,10.0,0,7.6237,2023,0.0,0.0,0.0,2.0,2.5999999999999996,7.625,2,ALFA,1,2023
RA-1014,ALFA,,2023,9.0,9.7,3.77,,8.255,10.0,0,8.2582,2023,0.0,0.0,0.0,,,8.145,1,ALFA,1,2023
RA-1015,FASE 1,10.0,2023,10.0,9.3,6.27,10.0,7.786666667,5.0,-1,7.538908333,2023,1.0,0.0,1.0,0.0,-0.6999999999999993,8.0594444445,1,1,0,2023
RA-687,FASE 1,10.0,2022,8.0,9.0,7.52,10.0,8.226666667,5.0,-1,7.617533333,2023,1.0,1.0,1.0,-2.0,-1.0,7.957777777833333,1,1,0,2023
RA-1017,FASE 1,,2023,0.0,8.0,5.02,,8.116666667,5.0,-1,6.505333333,2023,1.0,0.0,1.0,,,5.2273333334,3,1,0,2023
RA-688,FASE 1,10.0,2022,8.5,9.3,7.52,10.0,8.06,5.0,-1,8.0442,2023,1.0,1.0,1.0,-1.5,-0.6999999999999993,8.063333333333334,1,1,0,2023
RA-1018,FASE 1,,2023,0.0,8.5,5.02,,8.06,10.0,0,6.824,2023,1.0,0.0,0.0,,,6.316,2,1,1,2023
RA-696,FASE 1,,2021,0.0,9.4,5.02,,8.503333333,10.0,0,7.172666667,2023,1.0,2.0,0.0,,,6.5846666666,2,1,0,2023
RA-1019,FASE 1,8.0,2023,7.5,9.1,5.02,8.0,7.836666667,10.0,1,7.177033333,2023,1.0,0.0,0.0,-0.5,1.0999999999999996,7.9094444445,1,1,0,2023
RA-514,FASE 1,,2022,7.9,7.5,2.52,,5.896666667,5.0,-1,5.823133333,2023,1.0,1.0,1.0,,,5.7633333334,3,1,0,2023
RA-1020,FASE 1,9.0,2023,10.0,9.1,2.52,9.0,8.056666667,10.0,0,7.612283333,2023,1.0,0.0,0.0,1.0,0.09999999999999964,8.112777777833333,1,1,0,2023
RA-1021,FASE 1,,2023,8.0,9.2,3.77,,7.893333333,10.0,0,6.964616667,2023,1.0,0.0,0.0,,,7.7726666666,1,1,1,2023
RA-1022,FASE 1,9.0,2023,8.5,8.5,3.77,9.0,7.893333333,10.0,0,7.164616667,2023,1.0,0.0,0.0,-0.5,-0.5,7.9438888888333326,1,1,1,2023
RA-1023,FASE 1,,2023,10.0,10.0,6.27,,9.06,10.0,0,9.1342,2023,1.0,0.0,0.0,,,9.065999999999999,0,1,0,2023
RA-699,FASE 1,10.0,2022,8.5,8.3,3.77,10.0,6.173333333,5.0,-1,6.389991667,2023,1.0,1.0,1.0,-1.5,-1.6999999999999993,6.957222222166667,2,1,1,2023
RA-480,FASE 1,11.0,2021,10.0,9.7,7.52,11.0,8.336666667,5.0,-1,8.226408333,2023,1.0,2.0,1.0,-1.0,-1.3000000000000007,8.592777777833334,1,1,0,2023
RA-1024,FASE 1,10.0,2023,0.0,10.0,6.27,10.0,8.95,5.0,-1,7.788875,2023,1.0,0.0,1.0,-10.0,0.0,6.703333333333333,2,1,1,2023
RA-502,FASE 1,9.0,2021,8.5,9.8,7.52,9.0,8.95,10.0,0,8.749075,2023,1.0,2.0,0.0,-0.5,0.8000000000000007,8.961666666666666,0,1,0,2023
RA-1025,FASE 1,9.0,2023,8.5,8.9,7.52,9.0,7.836666667,10.0,0,8.215158333,2023,1.0,0.0,0.0,-0.5,-0.09999999999999964,8.626111111166667,0,1,1,2023
RA-680,FASE 1,,2019,0.0,9.1,7.52,,7.78,5.0,-1,6.5855,2023,1.0,4.0,1.0,,,5.88,2,1,1,2023
RA-698,FASE 1,9.0,2021,8.5,9.9,2.52,9.0,8.113333333,10.0,0,7.553616667,2023,1.0,2.0,0.0,-0.5,0.9000000000000004,8.0055555555,1,1,0,2023
RA-1027,FASE 1,10.0,2023,9.5,9.7,7.52,10.0,8.333333333,5.0,-1,7.748866667,2023,1.0,0.0,1.0,-0.5,-0.3000000000000007,8.342222222166667,1,1,0,2023
RA-529,FASE 1,,2020,8.0,9.6,7.52,,6.893333333,5.0,-2,7.278991667,2023,1.0,3.0,1.0,,,7.4026666666,1,1,1,2023
RA-1028,FASE 1,11.0,2023,0.0,9.2,7.52,11.0,7.946666667,5.0,-1,6.415708333,2023,1.0,0.0,1.0,-11.0,-1.8000000000000007,6.777777777833333,2,1,1,2023
RA-686,FASE 1,10.0,2022,8.5,9.0,7.52,10.0,8.56,5.0,-1,7.9642,2023,1.0,1.0,1.0,-1.5,-1.0,8.096666666666666,1,1,0,2023
RA-1029,FASE 1,9.0,2023,10.0,6.3,3.77,9.0,8.006666667,10.0,0,7.058533333,2023,1.0,0.0,0.0,1.0,-2.7,7.846111111166667,1,1,1,2023
RA-1030,FASE 1,,2023,8.5,9.7,3.77,,8.39,5.0,-1,7.4027,2023,1.0,0.0,1.0,,,7.072,2,1,0,2023
RA-522,FASE 1,,2021,7.5,9.2,7.52,,8.45,5.0,-1,7.890533333,2023,1.0,2.0,1.0,,,7.534000000000001,1,1,0,2023
RA-501,FASE 1,10.0,2021,7.0,8.4,7.52,10.0,9.396666667,5.0,-1,8.1357,2023,1.0,2.0,1.0,-3.0,-1.5999999999999996,7.886111111166667,1,1,0,2023
RA-527,FASE 1,,2022,9.0,9.1,7.52,,7.78,5.0,-1,7.5682,2023,1.0,1.0,1.0,,,7.68,1,1,0,2023
RA-1031,FASE 1,10.0,2023,8.0,8.8,7.52,10.0,7.006666667,5.0,-1,7.0602,2023,1.0,0.0,1.0,-2.0,-1.1999999999999993,7.721111111166667,1,1,1,2023
RA-1032,FASE 1,,2023,8.5,9.5,7.52,,7.563333333,5.0,-1,7.434033333,2023,1.0,0.0,1.0,,,7.6166666666,1,1,1,2023
RA-1034,FASE 1,10.0,2023,7.5,9.0,7.52,10.0,8.393333333,5.0,-1,7.9642,2023,1.0,0.0,1.0,-2.5,-1.0,7.9022222221666665,1,1,0,2023
RA-1035,FASE 1,9.0,2023,0.0,8.3,7.52,9.0,7.78,10.0,0,6.888833333,2023,1.0,0.0,0.0,-9.0,-0.6999999999999993,7.1000000000000005,1,1,1,2023
RA-730,FASE 1,10.0,2021,10.0,8.7,5.02,10.0,8.67,5.0,-1,7.979325,2023,1.0,2.0,1.0,0.0,-1.3000000000000007,7.898333333333333,2,1,0,2023
RA-855,FASE 1,9.0,2022,9.5,10.0,7.52,9.0,8.67,10.0,0,8.62995,2023,1.0,1.0,0.0,0.5,1.0,9.115,0,1,0,2023
RA-820,FASE 1,10.0,2022,7.9,7.4,7.52,10.0,8.28,5.0,-1,7.85605,2023,1.0,1.0,1.0,-2.0999999999999996,-2.5999999999999996,7.683333333333334,1,1,0,2023
RA-738,FASE 1,,2022,8.0,9.3,7.52,,8.336666667,10.0,0,8.123283333,2023,1.0,1.0,0.0,,,8.631333333399999,0,1,1,2023
RA-1036,FASE 1,11.0,2023,0.0,9.6,3.77,11.0,8.336666667,5.0,-1,6.970583333,2023,1.0,0.0,1.0,-11.0,-1.4000000000000004,6.284444444499999,3,1,0,2023
RA-576,FASE 1,11.0,2022,9.0,9.3,5.02,11.0,8.503333333,5.0,-1,7.984741667,2023,1.0,1.0,1.0,-2.0,-1.6999999999999993,7.9705555555,2,1,0,2023
RA-1038,FASE 1,10.0,2023,8.0,9.3,7.52,10.0,8.17,5.0,-1,7.736825,2023,1.0,0.0,1.0,-2.0,-0.6999999999999993,7.998333333333334,1,1,0,2023
RA-1039,FASE 1,,2023,8.0,9.9,7.52,,8.056666667,5.0,-2,7.686033333,2023,1.0,0.0,1.0,,,7.695333333399999,1,1,1,2023
RA-1040,FASE 1,,2023,10.0,9.3,7.52,,8.06,5.0,-1,7.81545,2023,1.0,0.0,1.0,,,7.976000000000001,1,1,1,2023
RA-733,FASE 1,9.0,2022,10.0,8.7,7.52,9.0,8.893333333,10.0,0,8.3342,2023,1.0,1.0,0.0,1.0,-0.3000000000000007,9.018888888833333,0,1,1,2023
RA-837,FASE 1,,2022,9.0,9.3,7.52,,7.836666667,10.0,0,8.2712,2023,1.0,1.0,0.0,,,8.7313333334,0,1,0,2023
RA-521,FASE 1,,2022,0.0,9.9,3.77,,8.166666667,5.0,-1,6.768666667,2023,1.0,1.0,1.0,,,5.3673333333999995,3,1,0,2023
RA-713,FASE 1,10.0,2021,8.0,9.6,3.77,10.0,8.166666667,5.0,-1,7.408033333,2023,1.0,2.0,1.0,-2.0,-0.40000000000000036,7.422777777833333,2,1,0,2023
RA-1043,FASE 1,10.0,2023,10.0,7.9,6.27,10.0,7.833333333,5.0,-1,6.5447,2023,1.0,0.0,1.0,0.0,-2.0999999999999996,7.833888888833333,1,1,1,2023
RA-716,FASE 1,10.0,2022,9.0,8.7,3.77,10.0,7.443333333,5.0,-1,6.813366667,2023,1.0,1.0,1.0,-1.0,-1.3000000000000007,7.3188888888333326,2,1,1,2023
RA-1044,FASE 1,10.0,2023,8.0,9.7,7.52,10.0,8.336666667,5.0,-1,7.629533333,2023,1.0,0.0,1.0,-2.0,-0.3000000000000007,8.092777777833334,1,1,0,2023
RA-745,FASE 1,,2021,9.5,9.3,3.77,,8.893333333,5.0,-1,7.668366667,2023,1.0,2.0,1.0,,,7.292666666600001,2,1,0,2023
RA-718,FASE 1,,2022,9.5,9.1,3.77,,8.39,10.0,0,8.166866667,2023,1.0,1.0,0.0,,,8.152000000000001,1,1,0,2023
RA-721,FASE 1,9.0,2021,8.5,9.5,7.52,9.0,8.443333333,10.0,0,8.683366667,2023,1.0,2.0,0.0,-0.5,0.5,8.827222222166666,0,1,0,2023
RA-746,FASE 1,,2022,0.0,8.0,3.77,,7.113333333,10.0,0,6.517166667,2023,1.0,1.0,0.0,,,5.7766666666,2,1,0,2023
RA-483,FASE 1,12.0,2019,9.0,6.0,2.52,12.0,8.166666667,5.0,-2,6.3972,2023,1.0,4.0,1.0,-3.0,-6.0,7.114444444499999,2,1,1,2023
RA-570,FASE 1,,2019,8.5,7.3,3.77,,8.056666667,5.0,-1,6.781033333,2023,1.0,4.0,1.0,,,6.525333333400001,2,1,1,2023
RA-1048,FASE 1,10.0,2023,8.5,9.5,3.77,10.0,8.5,5.0,-1,7.811366667,2023,1.0,0.0,1.0,-1.5,-0.5,7.544999999999999,2,1,0,2023
RA-1049,FASE 1,10.0,2023,10.0,7.7,7.52,10.0,7.943333333,5.0,-1,7.443366667,2023,1.0,0.0,1.0,0.0,-2.3,8.027222222166666,1,1,1,2023
RA-707,FASE 1,,2020,0.0,9.8,3.77,,7.946666667,5.0,-1,6.518,2023,1.0,3.0,1.0,,,5.3033333333999995,3,1,1,2023
RA-1052,FASE 1,,2023,0.0,9.0,7.52,,7.833333333,10.0,0,6.960333333,2023,1.0,0.0,0.0,,,6.870666666599999,1,1,1,2023
RA-580,FASE 1,11.0,2020,8.5,9.8,7.52,11.0,8.67,5.0,-1,8.4712,2023,1.0,3.0,1.0,-2.5,-1.1999999999999993,8.415000000000001,1,1,1,2023
RA-581,FASE 1,11.0,2019,8.0,9.8,7.52,11.0,7.393333333,5.0,-1,7.7167,2023,1.0,4.0,1.0,-3.0,-1.1999999999999993,8.118888888833334,1,1,1,2023
RA-735,FASE 1,11.0,2021,0.0,9.0,7.52,11.0,8.393333333,5.0,-1,7.184,2023,1.0,2.0,1.0,-11.0,-2.0,6.8188888888333326,2,1,1,2023
RA-710,FASE 1,,2020,9.5,9.0,3.77,,7.113333333,5.0,-1,7.0582,2023,1.0,3.0,1.0,,,6.876666666599999,2,1,1,2023
RA-712,FASE 1,12.0,2019,9.5,5.6,3.14,12.0,6.836666667,5.0,-2,6.331533333,2023,1.0,4.0,1.0,-2.5,-6.4,7.012777777833333,3,1,1,2023
RA-549,FASE 1,,2021,9.5,8.1,5.02,,7.5,5.0,-1,7.0297,2023,1.0,2.0,1.0,,,7.024000000000001,2,1,1,2023
RA-571,FASE 1,12.0,2019,9.0,7.9,3.77,12.0,7.616666667,5.0,-2,6.6097,2023,1.0,4.0,1.0,-3.0,-4.1,7.547777777833333,2,1,1,2023
RA-714,FASE 1,12.0,2019,0.0,8.0,3.14,12.0,7.223333333,5.0,-2,6.078666667,2023,1.0,4.0,1.0,-12.0,-4.0,5.893888888833334,3,1,1,2023
RA-737,FASE 1,9.0,2022,9.5,7.8,7.52,9.0,7.783333333,10.0,0,8.048033333,2023,1.0,1.0,0.0,0.5,-1.2000000000000002,8.6005555555,0,1,0,2023
RA-577,FASE 1,11.0,2022,10.0,8.2,3.77,11.0,7.673333333,5.0,-1,7.219366667,2023,1.0,1.0,1.0,-1.0,-2.8000000000000007,7.6072222221666665,2,1,1,2023
RA-731,FASE 1,11.0,2019,8.5,7.6,3.14,11.0,7.45,5.0,-1,6.7742,2023,1.0,4.0,1.0,-2.5,-3.4000000000000004,7.115000000000001,2,1,1,2023
RA-1054,FASE 1,,2023,8.5,8.6,7.52,,7.836666667,5.0,-2,7.459533333,2023,1.0,0.0,1.0,,,7.4913333334,1,1,1,2023
RA-1055,FASE 1,11.0,2023,0.0,7.2,7.52,11.0,7.276666667,5.0,-1,5.9765,2023,1.0,0.0,1.0,-11.0,-3.8,6.332777777833333,2,1,1,2023
RA-597,FASE 1,10.0,2022,10.0,9.6,7.52,10.0,8.56,5.0,-1,8.49045,2023,1.0,1.0,1.0,0.0,-0.40000000000000036,8.446666666666667,1,1,0,2023
RA-624,FASE 1,,2022,9.0,9.2,7.52,,8.39,5.0,-1,8.270825,2023,1.0,1.0,1.0,,,7.822,1,1,0,2023
RA-776,FASE 1,,2022,0.0,7.0,7.52,,7.223333333,5.0,-1,5.567916667,2023,1.0,1.0,1.0,,,5.3486666666,2,1,1,2023
RA-600,FASE 1,10.0,2021,8.5,8.4,7.52,10.0,8.056666667,5.0,-1,7.651658333,2023,1.0,2.0,1.0,-1.5,-1.5999999999999996,7.912777777833334,1,1,0,2023
RA-1056,FASE 1,9.0,2023,8.5,9.6,7.52,9.0,8.113333333,10.0,0,8.551741667,2023,1.0,0.0,0.0,-0.5,0.5999999999999996,8.788888888833334,0,1,1,2023
RA-601,FASE 1,9.0,2021,9.0,10.0,7.52,9.0,8.336666667,10.0,0,8.955783333,2023,1.0,2.0,0.0,0.0,1.0,8.976111111166666,0,1,1,2023
RA-762,FASE 1,13.0,2022,10.0,9.1,3.14,13.0,7.67,5.0,-2,7.09945,2023,1.0,1.0,1.0,-3.0,-3.9000000000000004,7.985,2,1,1,2023
RA-778,FASE 1,,2021,8.5,7.9,7.52,,8.62,5.0,-1,7.926825,2023,1.0,2.0,1.0,,,7.508,1,1,0,2023
RA-628,FASE 1,12.0,2022,9.5,8.9,7.52,12.0,8.45,5.0,-2,8.370325,2023,1.0,1.0,1.0,-2.5,-3.0999999999999996,8.561666666666667,1,1,1,2023
RA-606,FASE 1,10.0,2022,8.5,8.5,7.52,10.0,8.223333333,5.0,-1,7.402491667,2023,1.0,1.0,1.0,-1.5,-1.5,7.957222222166666,1,1,0,2023
RA-607,FASE 1,11.0,2022,8.0,7.5,7.52,11.0,8.17,5.0,-1,7.333075,2023,1.0,1.0,1.0,-3.0,-3.5,7.864999999999999,1,1,0,2023
RA-608,FASE 1,10.0,2022,10.0,7.5,7.52,10.0,8.113333333,5.0,-1,7.401741667,2023,1.0,1.0,1.0,0.0,-2.5,8.022222222166667,1,1,0,2023
RA-788,FASE 1,,2021,7.9,9.8,2.52,,8.283333333,10.0,0,7.806091667,2023,1.0,2.0,0.0,,,7.7006666666,1,1,0,2023
RA-784,FASE 1,10.0,2022,10.0,9.5,7.52,10.0,8.783333333,5.0,-1,8.171366667,2023,1.0,1.0,1.0,0.0,-0.5,8.467222222166667,1,1,0,2023
RA-785,FASE 1,10.0,2022,9.0,8.5,7.52,10.0,8.67,5.0,-1,8.137866667,2023,1.0,1.0,1.0,-1.0,-1.5,8.115,1,1,0,2023
RA-587,FASE 1,,2022,8.5,7.0,7.52,,6.72,5.0,-1,6.032033333,2023,1.0,1.0,1.0,,,6.947999999999999,1,1,1,2023
RA-790,FASE 1,,2022,0.0,8.1,7.52,,8.286666667,5.0,-2,6.707666667,2023,1.0,1.0,1.0,,,5.7813333334,2,1,1,2023
RA-663,FASE 1,11.0,2022,6.9,7.4,7.52,11.0,7.393333333,5.0,-1,6.969133333,2023,1.0,1.0,1.0,-4.1,-3.5999999999999996,7.5355555555,1,1,1,2023
RA-664,FASE 1,11.0,2022,9.0,9.6,7.52,11.0,8.116666667,5.0,-1,8.0872,2023,1.0,1.0,1.0,-2.0,-1.4000000000000004,8.372777777833335,1,1,0,2023
RA-761,FASE 1,10.0,2022,9.0,9.7,7.52,10.0,8.12,5.0,-1,8.219533333,2023,1.0,1.0,1.0,-1.0,-0.3000000000000007,8.223333333333333,1,1,0,2023
RA-1057,FASE 1,9.0,2023,10.0,10.0,7.52,9.0,8.34,10.0,0,8.4827,2023,1.0,0.0,0.0,1.0,1.0,9.143333333333333,0,1,1,2023
RA-629,FASE 1,10.0,2022,10.0,9.4,7.52,10.0,7.95,5.0,-1,8.013866667,2023,1.0,1.0,1.0,0.0,-0.5999999999999996,8.311666666666667,1,1,0,2023
RA-832,FASE 1,10.0,2022,10.0,9.5,7.52,10.0,8.283333333,5.0,-1,8.2697,2023,1.0,1.0,1.0,0.0,-0.5,8.383888888833333,1,1,0,2023
RA-594,FASE 1,11.0,2022,8.5,7.1,6.27,11.0,7.336666667,5.0,-1,6.702033333,2023,1.0,1.0,1.0,-2.5,-3.9000000000000004,7.5344444445,1,1,0,2023
RA-767,FASE 1,11.0,2021,10.0,8.3,7.52,11.0,7.446666667,5.0,-1,7.3807,2023,1.0,2.0,1.0,-1.0,-2.6999999999999993,8.211111111166668,1,1,1,2023
RA-1058,FASE 1,,2023,10.0,8.7,3.14,,7.62,10.0,0,7.356533333,2023,1.0,0.0,0.0,,,7.892,1,1,1,2023
RA-747,FASE 1,11.0,2022,10.0,8.0,3.14,11.0,6.94,5.0,-1,6.026366667,2023,1.0,1.0,1.0,-1.0,-3.0,7.346666666666667,2,1,1,2023
RA-827,FASE 1,,2022,7.9,8.1,3.14,,8.73,5.0,-1,7.419925,2023,1.0,1.0,1.0,,,6.574000000000001,2,1,0,2023
RA-1059,FASE 1,,2023,10.0,9.8,2.52,,8.673333333,5.0,-1,7.763741667,2023,1.0,0.0,1.0,,,7.1986666666,2,1,0,2023
RA-612,FASE 1,11.0,2021,9.0,9.7,3.77,11.0,9.286666667,5.0,-1,8.410783333,2023,1.0,2.0,1.0,-2.0,-1.3000000000000007,7.9594444445,2,1,0,2023
RA-1060,FASE 1,,2023,9.0,8.6,3.14,,8.673333333,5.0,-1,7.095741667,2023,1.0,0.0,1.0,,,6.8826666666000005,2,1,0,2023
RA-665,FASE 1,,2022,9.5,4.9,2.52,,8.226666667,5.0,-1,6.185658333,2023,1.0,1.0,1.0,,,6.0293333334,3,1,1,2023
RA-829,FASE 1,9.0,2022,9.0,9.4,3.14,9.0,9.23,10.0,0,8.532075,2023,1.0,1.0,0.0,0.0,0.40000000000000036,8.295,1,1,0,2023
RA-1061,FASE 1,10.0,2023,9.5,9.7,3.14,10.0,8.836666667,5.0,-1,8.196533333,2023,1.0,0.0,1.0,-0.5,-0.3000000000000007,7.696111111166668,2,1,0,2023
RA-1062,FASE 1,,2023,7.4,7.7,3.77,,8.503333333,10.0,0,7.448841667,2023,1.0,0.0,0.0,,,7.474666666600001,1,1,1,2023
RA-833,FASE 1,,2022,10.0,9.5,3.77,,8.56,5.0,-1,7.81295,2023,1.0,1.0,1.0,,,7.366,2,1,0,2023
RA-630,FASE 1,10.0,2022,9.0,8.6,3.77,10.0,8.673333333,5.0,-1,7.199991667,2023,1.0,1.0,1.0,-1.0,-1.4000000000000004,7.507222222166667,2,1,0,2023
RA-752,FASE 1,11.0,2022,9.5,9.9,7.52,11.0,9.23,5.0,-1,8.073825,2023,1.0,1.0,1.0,-1.5,-1.0999999999999996,8.691666666666668,1,1,1,2023
RA-777,FASE 1,,2022,0.0,9.3,7.52,,8.84,10.0,0,7.468125,2023,1.0,1.0,0.0,,,7.132,1,1,0,2023
RA-1063,FASE 1,,2023,9.5,9.5,7.52,,7.89,5.0,-1,7.490825,2023,1.0,0.0,1.0,,,7.882,1,1,1,2023
RA-764,FASE 1,,2022,0.0,9.2,7.52,,8.56,10.0,0,7.682125,2023,1.0,1.0,0.0,,,7.056,1,1,0,2023
RA-1064,FASE 1,10.0,2023,8.5,9.8,7.52,10.0,8.84,5.0,-1,8.4777,2023,1.0,0.0,1.0,-1.5,-0.1999999999999993,8.276666666666666,1,1,0,2023
RA-1065,FASE 1,,2023,8.5,9.6,7.52,,8.84,5.0,-1,8.03395,2023,1.0,0.0,1.0,,,7.892,1,1,0,2023
RA-781,FASE 1,10.0,2021,7.5,9.8,7.52,10.0,9.116666667,5.0,-1,8.209283333,2023,1.0,2.0,1.0,-2.5,-0.1999999999999993,8.156111111166666,1,1,0,2023
RA-1066,FASE 1,10.0,2023,8.5,6.6,7.52,10.0,8.783333333,5.0,-1,7.262616667,2023,1.0,0.0,1.0,-1.5,-3.4000000000000004,7.7338888888333335,1,1,0,2023
RA-1067,FASE 1,10.0,2023,0.0,7.9,7.52,10.0,9.006666667,5.0,-1,6.541458333,2023,1.0,0.0,1.0,-10.0,-2.0999999999999996,6.571111111166666,2,1,1,2023
RA-834,FASE 1,,2022,9.0,9.9,6.27,,9.283333333,5.0,-1,8.662616667,2023,1.0,1.0,1.0,,,7.8906666666,1,1,0,2023
RA-1068,FASE 1,,2023,8.5,9.3,6.89,,9.283333333,5.0,-1,8.472533333,2023,1.0,0.0,1.0,,,7.7946666665999995,1,1,0,2023
RA-796,FASE 1,11.0,2022,9.0,9.8,6.27,11.0,8.336666667,5.0,-1,7.462866667,2023,1.0,1.0,1.0,-2.0,-1.1999999999999993,8.2344444445,1,1,1,2023
RA-1069,FASE 1,11.0,2023,9.0,7.8,7.52,11.0,8.226666667,5.0,-1,7.590033333,2023,1.0,0.0,1.0,-2.0,-3.2,8.091111111166667,1,1,0,2023
RA-797,FASE 1,11.0,2021,8.5,8.6,7.52,11.0,7.233333333,5.0,-1,7.373033333,2023,1.0,2.0,1.0,-2.5,-2.4000000000000004,7.975555555500001,1,1,1,2023
RA-814,FASE 1,10.0,2022,9.5,9.6,6.89,10.0,9.226666667,5.0,-1,8.367866667,2023,1.0,1.0,1.0,-0.5,-0.40000000000000036,8.3694444445,1,1,0,2023
RA-652,FASE 1,,2022,9.0,9.4,6.89,,8.446666667,5.0,-1,7.871033333,2023,1.0,1.0,1.0,,,7.7473333334,1,1,0,2023
RA-816,FASE 1,,2022,7.5,9.8,7.52,,9.283333333,5.0,-1,8.5572,2023,1.0,1.0,1.0,,,7.8206666666,1,1,0,2023
RA-810,FASE 1,9.0,2021,8.0,8.5,7.52,9.0,7.836666667,10.0,0,7.782866667,2023,1.0,2.0,0.0,-1.0,-0.5,8.476111111166666,0,1,1,2023
RA-643,FASE 1,,2022,9.5,8.2,7.52,,7.613333333,5.0,-1,7.389033333,2023,1.0,1.0,1.0,,,7.5666666666,1,1,1,2023
RA-819,FASE 1,9.0,2022,0.0,8.3,7.52,9.0,8.893333333,10.0,0,7.944833333,2023,1.0,1.0,0.0,-9.0,-0.6999999999999993,7.2855555555,1,1,0,2023
RA-1070,FASE 1,11.0,2023,9.0,7.8,3.14,11.0,8.67,5.0,-1,6.939033333,2023,1.0,0.0,1.0,-2.0,-3.2,7.435,2,1,1,2023
RA-636,FASE 1,11.0,2022,0.0,8.3,5.64,11.0,7.446666667,5.0,-1,6.836666667,2023,1.0,1.0,1.0,-11.0,-2.6999999999999993,6.231111111166666,3,1,0,2023
RA-798,FASE 1,,2022,9.0,8.1,7.52,,6.95,5.0,-1,7.018033333,2023,1.0,1.0,1.0,,,7.314,1,1,1,2023
RA-799,FASE 1,,2022,9.5,9.6,5.64,,8.17,5.0,-1,8.061533333,2023,1.0,1.0,1.0,,,7.582000000000001,2,1,0,2023
RA-637,FASE 1,11.0,2021,8.0,9.5,7.52,11.0,8.17,5.0,-1,8.109533333,2023,1.0,2.0,1.0,-3.0,-1.5,8.198333333333332,1,1,0,2023
RA-638,FASE 1,,2020,9.0,9.4,7.52,,7.946666667,5.0,-1,7.754866667,2023,1.0,3.0,1.0,,,7.773333333399999,1,1,0,2023
RA-801,FASE 1,,2022,0.0,7.5,7.52,,7.12,10.0,0,6.8735,2023,1.0,1.0,0.0,,,6.428,1,1,1,2023
RA-802,FASE 1,10.0,2021,8.0,9.3,7.52,10.0,7.506666667,5.0,-1,8.126866667,2023,1.0,2.0,1.0,-2.0,-0.6999999999999993,7.887777777833333,1,1,0,2023
RA-1071,FASE 1,11.0,2023,9.0,8.6,7.52,11.0,6.396666667,5.0,-1,6.414033333,2023,1.0,0.0,1.0,-2.0,-2.4000000000000004,7.919444444500001,1,1,1,2023
RA-645,FASE 1,11.0,2022,9.0,8.5,6.27,11.0,8.116666667,5.0,-1,7.613033333,2023,1.0,1.0,1.0,-2.0,-2.5,7.981111111166666,1,1,0,2023
RA-479,FASE 2,,2020,9.0,10.0,2.52,,9.6375,10.0,0,8.988866667,2023,2.0,3.0,0.0,,,8.2315,1,2,0,2023
RA-493,FASE 2,10.0,2020,9.5,9.6,2.52,10.0,8.84,10.0,0,7.934366667,2023,2.0,3.0,0.0,-0.5,-0.40000000000000036,8.41,1,2,0,2023
RA-1072,FASE 2,11.0,2023,9.0,8.6,5.0,11.0,8.7125,10.0,0,8.0152,2023,2.0,0.0,0.0,-2.0,-2.4000000000000004,8.71875,1,2,0,2023
RA-536,FASE 2,10.0,2020,8.0,9.3,2.52,10.0,9.17,10.0,0,7.759533333,2023,2.0,3.0,0.0,-2.0,-0.6999999999999993,8.165000000000001,1,2,0,2023
RA-1073,FASE 2,,2023,0.0,8.8,2.52,,9.045,5.0,-1,6.384333333,2023,2.0,0.0,1.0,,,5.073,3,2,0,2023
RA-494,FASE 2,12.0,2022,6.9,9.0,2.52,12.0,8.71,5.0,-1,7.116633333,2023,2.0,1.0,1.0,-5.1,-3.0,7.355,2,2,0,2023
RA-496,FASE 2,,2018,0.0,7.1,5.0,,8.71,5.0,-1,6.603666667,2023,2.0,5.0,1.0,,,5.162000000000001,3,2,0,2023
RA-497,FASE 2,,2016,5.3,8.7,2.52,,6.885,5.0,-2,5.7191,2023,2.0,7.0,1.0,,,5.681,3,2,1,2023
RA-1075,FASE 2,12.0,2023,0.0,9.6,5.0,12.0,9.0025,5.0,-1,6.591333333,2023,2.0,0.0,1.0,-12.0,-2.4000000000000004,6.767083333333333,3,2,1,2023
RA-578,FASE 2,11.0,2019,9.0,10.0,2.52,11.0,9.7625,10.0,0,9.013866667,2023,2.0,4.0,0.0,-2.0,-1.0,8.71375,1,2,0,2023
RA-513,FASE 2,10.0,2021,9.5,9.7,2.52,10.0,9.0075,10.0,0,8.297866667,2023,2.0,2.0,0.0,-0.5,-0.3000000000000007,8.454583333333334,1,2,0,2023
RA-487,FASE 2,11.0,2019,8.5,9.9,5.0,11.0,9.26,10.0,0,8.988866667,2023,2.0,4.0,0.0,-2.5,-1.0999999999999996,8.943333333333333,1,2,0,2023
RA-1076,FASE 2,,2023,9.0,9.7,2.52,,8.8775,5.0,-1,7.901033333,2023,2.0,0.0,1.0,,,7.019499999999999,2,2,0,2023
RA-490,FASE 2,,2022,7.9,7.9,2.52,,9.0075,10.0,0,7.429466667,2023,2.0,1.0,0.0,,,7.4655000000000005,1,2,0,2023
RA-491,FASE 2,,2022,9.5,9.6,2.52,,8.3375,10.0,0,7.560533333,2023,2.0,1.0,0.0,,,7.9915,1,2,1,2023
RA-1077,FASE 2,,2023,0.0,9.7,2.52,,8.4225,10.0,0,7.2115,2023,2.0,0.0,0.0,,,6.1285,2,2,0,2023
RA-484,FASE 2,12.0,2022,6.4,7.5,2.52,12.0,6.8,5.0,-1,5.515466667,2023,2.0,1.0,1.0,-5.6,-4.5,6.703333333333333,2,2,0,2023
RA-508,FASE 2,10.0,2022,6.4,8.6,2.52,10.0,8.6725,10.0,0,7.671633333,2023,2.0,1.0,0.0,-3.5999999999999996,-1.4000000000000004,7.6987499999999995,1,2,0,2023
RA-340,FASE 2,,2017,0.0,9.6,2.52,,8.505,5.0,-1,7.059666667,2023,2.0,6.0,1.0,,,5.125,3,2,0,2023
RA-1079,FASE 2,,2023,9.0,8.1,2.52,,7.13,5.0,-1,6.916533333,2023,2.0,0.0,1.0,,,6.35,2,2,0,2023
RA-1081,FASE 2,14.0,2023,10.0,10.0,2.52,14.0,8.59,5.0,-2,7.666033333,2023,2.0,0.0,1.0,-4.0,-4.0,8.351666666666667,2,2,0,2023
RA-1082,FASE 2,,2023,9.5,9.5,2.52,,8.4225,5.0,-1,7.1617,2023,2.0,0.0,1.0,,,6.988499999999999,2,2,1,2023
RA-531,FASE 2,11.0,2022,9.5,10.0,2.52,11.0,8.59,10.0,0,8.3252,2023,2.0,1.0,0.0,-1.5,-1.0,8.601666666666667,1,2,0,2023
RA-1084,FASE 2,11.0,2023,8.4,10.0,2.52,11.0,8.38,10.0,0,7.9948,2023,2.0,0.0,0.0,-2.5999999999999996,-1.0,8.383333333333333,1,2,0,2023
RA-516,FASE 2,10.0,2019,10.0,9.8,2.52,10.0,8.7175,10.0,0,8.6807,2023,2.0,4.0,0.0,0.0,-0.1999999999999993,8.50625,1,2,0,2023
RA-1087,FASE 2,12.0,2023,10.0,9.5,2.52,12.0,8.0475,5.0,-1,7.2067,2023,2.0,0.0,1.0,-2.0,-2.5,7.844583333333333,2,2,0,2023
RA-509,FASE 2,12.0,2018,8.5,8.1,2.52,12.0,8.84,5.0,-1,7.606033333,2023,2.0,5.0,1.0,-3.5,-3.9000000000000004,7.493333333333333,2,2,0,2023
RA-499,FASE 2,11.0,2020,7.9,10.0,2.52,11.0,8.2975,10.0,0,7.8883,2023,2.0,3.0,0.0,-3.0999999999999996,-1.0,8.28625,1,2,0,2023
RA-500,FASE 2,11.0,2020,9.5,10.0,2.52,11.0,8.7975,10.0,0,8.427533333,2023,2.0,3.0,0.0,-1.5,-1.0,8.636249999999999,1,2,0,2023
RA-1089,FASE 2,,2023,9.0,9.5,2.52,,8.3375,10.0,0,7.9947,2023,2.0,0.0,0.0,,,7.8715,1,2,0,2023
RA-1090,FASE 2,13.0,2023,9.0,9.6,2.52,13.0,7.88,5.0,-1,7.844033333,2023,2.0,0.0,1.0,-4.0,-3.4000000000000004,7.833333333333335,2,2,0,2023
RA-503,FASE 2,,2020,9.5,10.0,2.52,,8.255,10.0,0,8.4682,2023,2.0,3.0,0.0,,,8.055,1,2,0,2023
RA-1093,FASE 2,11.0,2023,7.0,9.3,2.52,11.0,8.2975,10.0,0,8.197533333,2023,2.0,0.0,0.0,-4.0,-1.6999999999999993,8.019583333333333,1,2,0,2023
RA-1094,FASE 2,11.0,2023,7.8,9.5,2.52,11.0,8.3375,10.0,0,8.1779,2023,2.0,0.0,0.0,-3.2,-1.5,8.192916666666667,1,2,0,2023
RA-1095,FASE 2,,2023,0.0,9.8,2.52,,8.005,5.0,-1,6.238,2023,2.0,0.0,1.0,,,5.065,3,2,0,2023
RA-517,FASE 2,13.0,2017,4.1,9.0,2.52,13.0,6.7125,5.0,-1,6.3104,2023,2.0,6.0,1.0,-8.9,-4.0,6.722083333333333,3,2,0,2023
RA-325,FASE 2,11.0,2022,0.0,7.1,5.0,11.0,7.0025,10.0,0,6.243,2023,2.0,1.0,0.0,-11.0,-3.9000000000000004,6.683750000000001,2,2,0,2023
RA-518,FASE 2,11.0,2022,8.5,8.5,5.0,11.0,6.9175,10.0,0,7.5762,2023,2.0,1.0,0.0,-2.5,-2.5,8.319583333333334,1,2,0,2023
RA-530,FASE 2,11.0,2019,10.0,8.8,5.0,11.0,7.46,10.0,0,7.653033333,2023,2.0,4.0,0.0,-1.0,-2.1999999999999993,8.709999999999999,1,2,0,2023
RA-524,FASE 2,,2019,6.4,9.2,2.52,,7.42,5.0,-1,7.331133333,2023,2.0,4.0,1.0,,,6.108,2,2,0,2023
RA-1096,FASE 2,,2023,9.5,9.9,2.52,,8.0875,10.0,0,8.615533333,2023,2.0,0.0,0.0,,,8.0015,1,2,0,2023
RA-526,FASE 2,,2022,9.5,9.8,5.0,,7.7525,5.0,-1,8.0957,2023,2.0,1.0,1.0,,,7.410500000000001,2,2,1,2023
RA-528,FASE 2,,2021,9.0,8.5,5.0,,7.92,5.0,-1,7.6892,2023,2.0,2.0,1.0,,,7.0840000000000005,2,2,0,2023
RA-534,FASE 2,13.0,2021,0.0,8.1,2.52,13.0,7.92,5.0,-1,5.8385,2023,2.0,2.0,1.0,-13.0,-4.9,6.09,3,2,0,2023
RA-1097,FASE 2,,2023,9.5,8.6,5.0,,6.96,5.0,-2,6.9547,2023,2.0,0.0,1.0,,,7.0120000000000005,2,2,1,2023
RA-1098,FASE 2,13.0,2023,9.5,9.5,2.52,13.0,7.92,5.0,-1,7.2787,2023,2.0,0.0,1.0,-3.5,-3.5,7.906666666666666,2,2,0,2023
RA-1099,FASE 2,13.0,2023,9.0,9.6,2.52,13.0,8.34,5.0,-1,7.113533333,2023,2.0,0.0,1.0,-4.0,-3.4000000000000004,7.910000000000001,2,2,0,2023
RA-1100,FASE 2,,2023,10.0,9.2,5.0,,8.283333333,10.0,0,8.261033333,2023,2.0,0.0,0.0,,,8.4966666666,1,2,0,2023
RA-1102,FASE 2,,2023,9.5,9.5,5.0,,7.56,10.0,0,8.123033333,2023,2.0,0.0,0.0,,,8.312000000000001,1,2,0,2023
RA-363,FASE 2,13.0,2022,0.0,9.9,2.52,13.0,8.673333333,5.0,-1,6.680833333,2023,2.0,1.0,1.0,-13.0,-3.0999999999999996,6.515555555500001,3,2,0,2023
RA-1103,FASE 2,10.0,2023,9.0,8.7,5.0,10.0,8.006666667,10.0,0,7.574866667,2023,2.0,0.0,0.0,-1.0,-1.3000000000000007,8.451111111166666,1,2,0,2023
RA-539,FASE 2,,2022,9.5,8.6,2.52,,8.84,5.0,-1,7.796866667,2023,2.0,1.0,1.0,,,6.892,2,2,0,2023
RA-369,FASE 2,,2022,10.0,4.1,5.0,,7.726666667,5.0,-1,6.0197,2023,2.0,1.0,1.0,,,6.365333333400001,3,2,0,2023
RA-375,FASE 2,12.0,2019,0.0,9.9,5.0,12.0,8.283333333,5.0,-1,7.070833333,2023,2.0,4.0,1.0,-12.0,-2.0999999999999996,6.697222222166666,3,2,0,2023
RA-376,FASE 2,,2019,8.5,9.6,2.52,,8.226666667,5.0,-1,7.1392,2023,2.0,4.0,1.0,,,6.7693333334000005,2,2,1,2023
RA-535,FASE 2,,2019,9.0,9.4,5.0,,8.95,10.0,0,8.0027,2023,2.0,4.0,0.0,,,8.469999999999999,1,2,0,2023
RA-547,FASE 2,12.0,2019,0.0,9.1,2.52,12.0,8.95,5.0,-1,6.467,2023,2.0,4.0,1.0,-12.0,-2.9000000000000004,6.261666666666666,3,2,0,2023
RA-548,FASE 2,12.0,2019,9.0,9.1,2.52,12.0,8.283333333,5.0,-1,7.4322,2023,2.0,4.0,1.0,-3.0,-2.9000000000000004,7.650555555500001,2,2,0,2023
RA-538,FASE 2,13.0,2022,7.4,8.6,2.52,13.0,7.39,5.0,-1,6.413466667,2023,2.0,1.0,1.0,-5.6,-4.4,7.3183333333333325,2,2,1,2023
RA-365,FASE 2,10.0,2022,10.0,9.9,2.52,10.0,8.953333333,10.0,0,8.6587,2023,2.0,1.0,0.0,0.0,-0.09999999999999964,8.562222222166668,1,2,0,2023
RA-559,FASE 2,,2021,10.0,9.4,5.0,,8.506666667,5.0,-1,7.947366667,2023,2.0,2.0,1.0,,,7.581333333399999,2,2,0,2023
RA-563,FASE 2,11.0,2020,6.4,9.7,2.52,11.0,8.726666667,10.0,0,7.684133333,2023,2.0,3.0,0.0,-4.6,-1.3000000000000007,8.057777777833333,1,2,0,2023
RA-573,FASE 2,,2020,9.5,9.8,5.0,,8.45,5.0,-1,7.774366667,2023,2.0,3.0,1.0,,,7.55,2,2,0,2023
RA-555,FASE 2,,2019,7.4,8.1,2.52,,6.946666667,5.0,-1,5.898133333,2023,2.0,4.0,1.0,,,5.9933333334,2,2,1,2023
RA-546,FASE 2,,2021,0.0,7.2,2.52,,9.173333333,5.0,-1,6.031666667,2023,2.0,2.0,1.0,,,4.7786666666,3,2,0,2023
RA-557,FASE 2,,2019,10.0,8.2,5.0,,9.62,10.0,0,8.7717,2023,2.0,4.0,0.0,,,8.564,1,2,0,2023
RA-1106,FASE 2,12.0,2023,8.5,9.3,5.0,12.0,8.003333333,5.0,-1,7.1642,2023,2.0,0.0,1.0,-3.5,-2.6999999999999993,7.967222222166666,2,2,0,2023
RA-558,FASE 2,,2022,7.8,9.4,5.0,,6.78,2.5,-3,6.615333333,2023,2.0,1.0,1.0,,,6.296,2,2,1,2023
RA-1107,FASE 2,12.0,2023,9.0,9.4,5.0,12.0,8.783333333,5.0,-1,7.9327,2023,2.0,0.0,1.0,-3.0,-2.5999999999999996,8.197222222166667,2,2,0,2023
RA-1108,FASE 2,12.0,2023,0.0,9.3,5.0,12.0,8.283333333,5.0,-1,6.310833333,2023,2.0,0.0,1.0,-12.0,-2.6999999999999993,6.597222222166667,3,2,0,2023
RA-542,FASE 2,12.0,2019,9.5,9.7,5.0,12.0,9.006666667,5.0,-1,7.816533333,2023,2.0,4.0,1.0,-2.5,-2.3000000000000007,8.367777777833334,2,2,0,2023
RA-543,FASE 2,11.0,2022,7.8,9.8,2.52,11.0,9.006666667,10.0,0,7.971833333,2023,2.0,1.0,0.0,-3.2,-1.1999999999999993,8.3544444445,1,2,0,2023
RA-556,FASE 2,,2018,8.5,9.6,2.52,,9.396666667,5.0,-1,7.7482,2023,2.0,5.0,1.0,,,7.0033333334000005,2,2,0,2023
RA-389,FASE 2,,2019,0.0,8.2,2.52,,8.95,5.0,-1,6.687,2023,2.0,4.0,1.0,,,4.933999999999999,3,2,0,2023
RA-568,FASE 2,,2018,7.0,7.9,5.0,,8.01,2.5,-3,6.9647,2023,2.0,5.0,1.0,,,6.081999999999999,2,2,1,2023
RA-562,FASE 2,12.0,2021,0.0,8.5,2.52,12.0,8.893333333,5.0,-1,6.824833333,2023,2.0,2.0,1.0,-12.0,-3.5,6.1522222221666665,3,2,0,2023
RA-1111,FASE 2,,2023,0.0,8.9,2.52,,8.173333333,10.0,0,6.559166667,2023,2.0,0.0,0.0,,,5.9186666666,2,2,0,2023
RA-1112,FASE 2,12.0,2023,9.5,7.9,2.52,12.0,8.616666667,5.0,-1,7.088866667,2023,2.0,0.0,1.0,-2.5,-4.1,7.5894444445,2,2,0,2023
RA-357,FASE 2,13.0,2022,8.5,9.6,7.52,13.0,8.23,5.0,-1,8.2832,2023,2.0,1.0,1.0,-4.5,-3.4000000000000004,8.641666666666667,1,2,1,2023
RA-583,FASE 2,,2019,9.0,9.4,7.52,,8.616666667,5.0,-1,7.838866667,2023,2.0,4.0,1.0,,,7.9073333333999996,1,2,0,2023
RA-584,FASE 2,11.0,2019,9.5,9.0,2.52,11.0,8.56,10.0,0,7.697533333,2023,2.0,4.0,0.0,-1.5,-2.0,8.43,1,2,0,2023
RA-586,FASE 2,10.0,2021,8.0,10.0,2.52,10.0,9.343333333,10.0,0,8.4242,2023,2.0,2.0,0.0,-2.0,0.0,8.3105555555,1,2,0,2023
RA-599,FASE 2,10.0,2022,10.0,9.5,2.52,10.0,9.286666667,10.0,0,8.532866667,2023,2.0,1.0,0.0,0.0,-0.5,8.551111111166666,1,2,0,2023
RA-1114,FASE 2,11.0,2023,8.5,9.8,2.52,11.0,8.56,10.0,0,7.5667,2023,2.0,0.0,0.0,-2.5,-1.1999999999999993,8.396666666666667,1,2,0,2023
RA-401,FASE 2,12.0,2021,4.0,8.1,2.52,12.0,7.116666667,5.0,-1,6.363666667,2023,2.0,2.0,1.0,-8.0,-3.9000000000000004,6.456111111166666,3,2,0,2023
RA-1115,FASE 2,,2023,0.0,8.3,7.52,,7.56,10.0,0,6.474,2023,2.0,0.0,0.0,,,6.675999999999999,1,2,0,2023
RA-1116,FASE 2,13.0,2023,9.5,9.2,5.0,13.0,7.39,5.0,-1,6.956533333,2023,2.0,0.0,1.0,-3.5,-3.8000000000000007,8.181666666666667,2,2,1,2023
RA-604,FASE 2,,2021,9.0,9.3,7.52,,8.616666667,10.0,0,8.548033333,2023,2.0,2.0,0.0,,,8.887333333399999,0,2,0,2023
RA-605,FASE 2,12.0,2021,9.0,9.5,7.52,12.0,7.84,5.0,-1,7.709366667,2023,2.0,2.0,1.0,-3.0,-2.5,8.476666666666667,1,2,0,2023
RA-1117,FASE 2,,2023,9.0,9.6,7.52,,7.946666667,10.0,0,8.382366667,2023,2.0,0.0,0.0,,,8.8133333334,0,2,0,2023
RA-1118,FASE 2,,2023,5.3,8.8,7.52,,8.28,5.0,-1,7.163833333,2023,2.0,0.0,1.0,,,6.9799999999999995,2,2,0,2023
RA-610,FASE 2,,2022,10.0,10.0,2.52,,8.896666667,10.0,0,8.2857,2023,2.0,1.0,0.0,,,8.2833333334,1,2,0,2023
RA-409,FASE 2,,2022,8.4,9.5,2.52,,8.73,5.0,-1,7.621466667,2023,2.0,1.0,1.0,,,6.83,2,2,0,2023
RA-466,FASE 2,14.0,2022,9.5,7.6,6.89,14.0,7.056666667,5.0,-2,6.595533333,2023,2.0,1.0,1.0,-4.5,-6.4,8.341111111166667,1,2,1,2023
RA-760,FASE 2,,2021,0.0,8.8,7.52,,7.84,5.0,-1,6.548333333,2023,2.0,2.0,1.0,,,5.832,2,2,0,2023
RA-404,FASE 2,,2020,7.9,8.3,5.02,,6.89,5.0,-1,6.7093,2023,2.0,3.0,1.0,,,6.622,2,2,0,2023
RA-590,FASE 2,11.0,2020,6.3,9.7,3.77,11.0,8.34,10.0,0,7.647666667,2023,2.0,3.0,0.0,-4.7,-1.3000000000000007,8.185,1,2,1,2023
RA-469,FASE 2,,2022,7.5,9.3,2.52,,8.843333333,5.0,-1,7.482533333,2023,2.0,1.0,1.0,,,6.6326666666,2,2,0,2023
RA-1119,FASE 2,13.0,2023,7.3,9.7,3.77,13.0,8.453333333,5.0,-1,7.192,2023,2.0,0.0,1.0,-5.7,-3.3000000000000007,7.8705555555,2,2,1,2023
RA-472,FASE 2,,2022,5.1,7.1,7.52,,8.223333333,5.0,-1,6.6858,2023,2.0,1.0,1.0,,,6.5886666666,2,2,1,2023
RA-1121,FASE 2,,2023,0.0,9.9,6.26,,9.84,10.0,0,8.049,2023,2.0,0.0,0.0,,,7.2,1,2,0,2023
RA-1122,FASE 2,11.0,2023,0.0,9.3,6.89,11.0,8.616666667,10.0,0,7.3715,2023,2.0,0.0,0.0,-11.0,-1.6999999999999993,7.634444444500001,1,2,0,2023
RA-438,FASE 2,,2022,6.9,7.5,6.26,,7.223333333,10.0,0,6.9883,2023,2.0,1.0,0.0,,,7.5766666665999995,0,2,1,2023
RA-408,FASE 2,13.0,2022,7.9,8.5,3.77,13.0,8.45,5.0,-1,7.242133333,2023,2.0,1.0,1.0,-5.1,-4.5,7.7700000000000005,2,2,0,2023
RA-623,FASE 2,14.0,2022,10.0,9.5,7.52,14.0,7.446666667,5.0,-2,7.8307,2023,2.0,1.0,1.0,-4.0,-4.5,8.911111111166667,1,2,1,2023
RA-626,FASE 2,12.0,2021,9.0,9.2,4.39,12.0,7.613333333,5.0,-1,7.231033333,2023,2.0,2.0,1.0,-3.0,-2.8000000000000007,7.867222222166667,2,2,0,2023
RA-433,FASE 2,,2022,8.5,7.2,7.52,,7.613333333,5.0,-1,6.5982,2023,2.0,1.0,1.0,,,7.166666666599999,1,2,0,2023
RA-614,FASE 2,13.0,2021,9.0,9.1,7.52,13.0,8.563333333,5.0,-1,8.2282,2023,2.0,2.0,1.0,-4.0,-3.9000000000000004,8.697222222166667,1,2,1,2023
RA-434,FASE 2,12.0,2022,6.3,8.0,7.52,12.0,7.613333333,5.0,-1,7.069766667,2023,2.0,1.0,1.0,-5.7,-4.0,7.738888888833333,1,2,0,2023
RA-603,FASE 2,11.0,2022,0.0,8.9,2.52,11.0,7.78,10.0,0,6.748833333,2023,2.0,1.0,0.0,-11.0,-2.0999999999999996,6.7,2,2,0,2023
RA-616,FASE 2,,2019,0.0,6.6,5.02,,6.783333333,5.0,-1,5.612,2023,2.0,4.0,1.0,,,4.6806666666,3,2,0,2023
RA-620,FASE 2,13.0,2021,6.8,8.4,7.52,13.0,7.503333333,5.0,-1,7.043666667,2023,2.0,2.0,1.0,-6.2,-4.6,8.037222222166667,1,2,0,2023
RA-1127,FASE 2,,2023,8.5,9.9,5.02,,9.01,10.0,0,8.3167,2023,2.0,0.0,0.0,,,8.486,1,2,0,2023
RA-1129,FASE 2,11.0,2023,0.0,9.2,6.27,11.0,7.503333333,10.0,0,7.309333333,2023,2.0,0.0,0.0,-11.0,-1.8000000000000007,7.328888888833333,1,2,0,2023
RA-1130,FASE 2,11.0,2023,8.5,8.4,7.52,11.0,7.503333333,10.0,0,8.0037,2023,2.0,0.0,0.0,-2.5,-2.5999999999999996,8.8205555555,0,2,0,2023
RA-1131,FASE 2,12.0,2023,7.9,9.9,5.02,12.0,9.286666667,5.0,-1,8.316133333,2023,2.0,0.0,1.0,-4.1,-2.0999999999999996,8.1844444445,2,2,0,2023
RA-1133,FASE 2,10.0,2023,9.5,10.0,6.27,10.0,9.343333333,10.0,0,8.600033333,2023,2.0,0.0,0.0,-0.5,0.0,9.1855555555,0,2,0,2023
RA-1134,FASE 2,11.0,2023,8.0,9.7,3.76,11.0,7.56,10.0,0,7.769866667,2023,2.0,0.0,0.0,-3.0,-1.3000000000000007,8.336666666666668,1,2,0,2023
RA-618,FASE 2,,2020,0.0,9.2,5.02,,7.95,5.0,-2,6.4745,2023,2.0,3.0,1.0,,,5.433999999999999,3,2,1,2023
RA-631,FASE 2,13.0,2022,0.0,6.4,6.27,13.0,6.78,5.0,-1,5.954666667,2023,2.0,1.0,1.0,-13.0,-6.6,6.241666666666667,2,2,0,2023
RA-646,FASE 2,13.0,2019,10.0,8.9,7.52,13.0,8.783333333,5.0,-1,8.3547,2023,2.0,4.0,1.0,-3.0,-4.1,8.867222222166667,1,2,1,2023
RA-649,FASE 2,,2019,9.0,9.3,3.77,,8.836666667,5.0,-1,7.579533333,2023,2.0,4.0,1.0,,,7.1813333334,2,2,0,2023
RA-651,FASE 2,,2022,0.0,8.2,3.77,,7.95,10.0,0,7.332,2023,2.0,1.0,0.0,,,5.984,2,2,0,2023
RA-1136,FASE 2,13.0,2023,6.8,8.1,2.52,13.0,7.723333333,5.0,-1,6.7351,2023,2.0,0.0,1.0,-6.2,-4.9,7.1905555555000005,2,2,1,2023
RA-653,FASE 2,12.0,2022,0.0,9.8,6.27,12.0,9.06,5.0,-1,7.385666667,2023,2.0,1.0,1.0,-12.0,-2.1999999999999993,7.021666666666667,2,2,0,2023
RA-456,FASE 2,12.0,2022,0.0,8.3,4.39,12.0,9.953333333,5.0,-1,7.518,2023,2.0,1.0,1.0,-12.0,-3.6999999999999993,6.6072222221666665,3,2,0,2023
RA-655,FASE 2,13.0,2019,7.4,9.9,7.52,13.0,8.896666667,5.0,-1,8.3198,2023,2.0,4.0,1.0,-5.6,-3.0999999999999996,8.6194444445,1,2,0,2023
RA-656,FASE 2,12.0,2020,0.0,8.9,7.52,12.0,7.173333333,5.0,-1,6.780833333,2023,2.0,3.0,1.0,-12.0,-3.0999999999999996,6.765555555500001,2,2,0,2023
RA-657,FASE 2,,2021,8.5,10.0,7.52,,8.73,5.0,-1,8.3532,2023,2.0,2.0,1.0,,,7.95,1,2,0,2023
RA-461,FASE 2,12.0,2018,7.3,7.9,3.77,12.0,8.616666667,5.0,-1,7.2379,2023,2.0,5.0,1.0,-4.7,-4.1,7.4311111111666674,2,2,0,2023
RA-632,FASE 2,11.0,2022,4.7,9.1,5.64,11.0,8.563333333,10.0,0,7.8768,2023,2.0,1.0,0.0,-6.3,-1.9000000000000004,8.167222222166666,2,2,0,2023
RA-633,FASE 2,,2020,1.7,8.1,6.27,,7.286666667,5.0,-1,6.6552,2023,2.0,3.0,1.0,,,5.6713333334,2,2,0,2023
RA-1137,FASE 2,10.0,2023,9.5,9.8,6.27,10.0,9.843333333,10.0,0,8.743366667,2023,2.0,0.0,0.0,-0.5,-0.1999999999999993,9.2355555555,0,2,0,2023
RA-1139,FASE 2,11.0,2023,8.5,9.1,5.64,11.0,7.79,10.0,0,7.6647,2023,2.0,0.0,0.0,-2.5,-1.9000000000000004,8.671666666666667,1,2,0,2023
RA-1140,FASE 2,11.0,2023,4.7,8.7,7.52,11.0,7.62,10.0,0,7.703533333,2023,2.0,0.0,0.0,-6.3,-2.3000000000000007,8.256666666666666,1,2,0,2023
RA-445,FASE 2,13.0,2022,8.0,8.8,6.89,13.0,8.176666667,5.0,-1,7.9087,2023,2.0,1.0,1.0,-5.0,-4.199999999999999,8.311111111166666,1,2,0,2023
RA-1141,FASE 2,12.0,2023,9.0,8.8,7.52,12.0,7.113333333,5.0,-1,7.2757,2023,2.0,0.0,1.0,-3.0,-3.1999999999999993,8.238888888833333,1,2,0,2023
RA-639,FASE 2,11.0,2021,7.4,8.1,6.27,11.0,7.62,10.0,0,7.5853,2023,2.0,2.0,0.0,-3.5999999999999996,-2.9000000000000004,8.398333333333332,0,2,0,2023
RA-1142,FASE 2,11.0,2023,9.0,10.0,7.52,11.0,8.343333333,10.0,0,9.175033333,2023,2.0,0.0,0.0,-2.0,-1.0,9.3105555555,0,2,0,2023
RA-642,FASE 2,,2021,9.5,9.2,6.27,,9.173333333,10.0,0,8.416866667,2023,2.0,2.0,0.0,,,8.8286666666,0,2,0,2023
RA-658,FASE 2,10.0,2022,9.5,9.5,7.52,10.0,9.173333333,10.0,0,8.438533333,2023,2.0,1.0,0.0,-0.5,-0.5,9.282222222166666,0,2,0,2023
RA-588,FASE 2,10.0,2021,8.0,9.6,2.52,10.0,9.673333333,10.0,0,8.3527,2023,2.0,2.0,0.0,-2.0,-0.40000000000000036,8.298888888833334,1,2,0,2023
RA-662,FASE 2,12.0,2022,6.8,7.6,6.27,12.0,6.72,5.0,-1,6.733566667,2023,2.0,1.0,1.0,-5.2,-4.4,7.398333333333333,1,2,0,2023
RA-403,FASE 2,,2020,8.5,8.8,6.27,,8.45,5.0,-1,7.716366667,2023,2.0,3.0,1.0,,,7.403999999999999,1,2,0,2023
RA-591,FASE 2,,2021,9.0,8.5,6.27,,7.333333333,5.0,-1,7.1472,2023,2.0,2.0,1.0,,,7.220666666599999,1,2,1,2023
RA-592,FASE 2,11.0,2020,6.2,9.2,3.77,11.0,8.95,10.0,0,7.935466667,2023,2.0,3.0,0.0,-4.8,-1.8000000000000007,8.186666666666666,1,2,0,2023
RA-602,FASE 2,12.0,2019,10.0,9.6,7.52,12.0,9.51,5.0,-1,8.5592,2023,2.0,4.0,1.0,-2.0,-2.4000000000000004,8.938333333333334,1,2,0,2023
RA-666,FASE 2,,2022,9.5,9.1,7.52,,9.62,10.0,0,8.720366667,2023,2.0,1.0,0.0,,,9.148,0,2,0,2023
RA-667,FASE 2,12.0,2021,9.0,6.9,6.89,12.0,7.836666667,5.0,-1,6.774866667,2023,2.0,2.0,1.0,-3.0,-5.1,7.937777777833333,1,2,0,2023
RA-422,FASE 2,,2022,0.0,7.8,7.52,,6.106666667,5.0,-1,5.57,2023,2.0,1.0,1.0,,,5.2853333334,2,2,1,2023
RA-423,FASE 2,13.0,2022,8.0,8.7,6.89,13.0,7.45,5.0,-1,6.607533333,2023,2.0,1.0,1.0,-5.0,-4.300000000000001,8.173333333333334,1,2,0,2023
RA-669,FASE 2,11.0,2022,8.5,7.8,7.52,11.0,7.06,10.0,0,7.345033333,2023,2.0,1.0,0.0,-2.5,-3.2,8.646666666666667,0,2,0,2023
RA-670,FASE 2,,2022,9.5,8.7,7.52,,9.343333333,10.0,0,8.6067,2023,2.0,1.0,0.0,,,9.012666666600001,0,2,0,2023
RA-326,FASE 3,13.0,2022,9.6,9.4,3.14,13.0,9.76,10.0,0,8.65075,2023,3.0,1.0,0.0,-3.4000000000000004,-3.5999999999999996,9.15,1,3,0,2023
RA-179,FASE 3,12.0,2022,8.8,9.4,7.52,12.0,8.9225,10.0,0,8.437641667,2023,3.0,1.0,0.0,-3.1999999999999993,-2.5999999999999996,9.440416666666666,0,3,0,2023
RA-1143,FASE 3,15.0,2023,8.8,7.0,6.26,15.0,6.2075,5.0,-2,6.445933333,2023,3.0,0.0,1.0,-6.199999999999999,-8.0,8.044583333333334,1,3,1,2023
RA-332,FASE 3,,2017,9.2,8.4,8.76,,9.175,5.0,-1,8.002591667,2023,3.0,6.0,1.0,,,8.107,1,3,0,2023
RA-199,FASE 3,,2022,9.2,7.6,7.51,,8.505,5.0,-1,7.892341667,2023,3.0,1.0,1.0,,,7.563,1,3,1,2023
RA-352,FASE 3,12.0,2019,9.2,8.1,6.26,12.0,7.17,10.0,0,7.840341667,2023,3.0,4.0,0.0,-2.8000000000000007,-3.9000000000000004,8.788333333333332,0,3,0,2023
RA-1146,FASE 3,14.0,2023,9.6,8.8,6.26,14.0,6.965,5.0,-1,6.689583333,2023,3.0,0.0,1.0,-4.4,-5.199999999999999,8.4375,1,3,1,2023
RA-331,FASE 3,13.0,2019,9.6,8.6,2.52,13.0,6.7975,10.0,0,7.039791667,2023,3.0,4.0,0.0,-3.4000000000000004,-4.4,8.419583333333334,1,3,1,2023
RA-227,FASE 3,,2022,9.6,7.5,5.63,,7.4625,10.0,0,7.722125,2023,3.0,1.0,0.0,,,8.0385,1,3,0,2023
RA-247,FASE 3,13.0,2021,0.0,8.5,7.52,13.0,7.5425,10.0,0,7.221958333,2023,3.0,2.0,0.0,-13.0,-4.5,7.760416666666667,1,3,0,2023
RA-1147,FASE 3,,2023,8.3,8.3,6.26,,7.0075,5.0,-1,7.072983333,2023,3.0,0.0,1.0,,,6.9735,1,3,1,2023
RA-336,FASE 3,14.0,2016,0.0,7.5,6.89,14.0,7.255,5.0,-1,5.887708333,2023,3.0,7.0,1.0,-14.0,-6.5,6.774166666666667,2,3,0,2023
RA-346,FASE 3,,2022,0.0,9.4,8.14,,7.84,10.0,1,7.305541667,2023,3.0,1.0,0.0,,,7.075999999999999,1,3,0,2023
RA-1149,FASE 3,,2023,8.3,9.8,2.52,,8.1725,5.0,-1,7.410108333,2023,3.0,0.0,1.0,,,6.758500000000001,2,3,1,2023
RA-1150,FASE 3,16.0,2023,9.2,9.8,2.52,16.0,7.835,2.5,-3,7.076008333,2023,3.0,0.0,1.0,-6.800000000000001,-6.199999999999999,7.975833333333333,2,3,1,2023
RA-1151,FASE 3,,2023,7.5,9.5,2.52,,7.545,10.0,0,7.829958333,2023,3.0,0.0,0.0,,,7.412999999999999,1,3,0,2023
RA-356,FASE 3,,2019,9.2,8.5,2.52,,6.5025,10.0,0,6.452008333,2023,3.0,4.0,0.0,,,7.344499999999999,1,3,0,2023
RA-359,FASE 3,13.0,2019,9.6,9.2,2.52,13.0,8.255,10.0,0,7.627125,2023,3.0,4.0,0.0,-3.4000000000000004,-3.8000000000000007,8.7625,1,3,0,2023
RA-360,FASE 3,13.0,2019,0.0,7.3,2.52,13.0,7.4225,10.0,0,5.790875,2023,3.0,4.0,0.0,-13.0,-5.7,6.707083333333333,2,3,1,2023
RA-338,FASE 3,,2019,8.3,9.1,7.52,,8.38,10.0,0,8.287441667,2023,3.0,4.0,0.0,,,8.66,0,3,0,2023
RA-339,FASE 3,,2019,0.0,8.9,7.52,,8.255,10.0,0,7.377583333,2023,3.0,4.0,0.0,,,6.9350000000000005,1,3,0,2023
RA-1153,FASE 3,14.0,2023,7.9,10.0,7.52,14.0,8.63,5.0,-1,7.968658333,2023,3.0,0.0,1.0,-6.1,-4.0,8.841666666666667,1,3,1,2023
RA-183,FASE 3,14.0,2022,7.9,9.7,2.52,14.0,8.795,5.0,-1,7.586241667,2023,3.0,1.0,1.0,-6.1,-4.300000000000001,7.985833333333335,2,3,0,2023
RA-342,FASE 3,15.0,2021,7.5,8.6,7.52,15.0,8.505,5.0,-2,7.539875,2023,3.0,2.0,1.0,-7.5,-6.4,8.687500000000002,1,3,1,2023
RA-187,FASE 3,13.0,2019,7.5,9.9,2.52,13.0,8.255,10.0,0,7.809875,2023,3.0,4.0,0.0,-5.5,-3.0999999999999996,8.529166666666667,1,3,0,2023
RA-347,FASE 3,13.0,2019,6.7,9.5,2.52,13.0,7.7925,10.0,0,7.61835,2023,3.0,4.0,0.0,-6.3,-3.5,8.252083333333333,1,3,0,2023
RA-1154,FASE 3,13.0,2023,9.6,9.3,5.63,13.0,7.67,10.0,0,7.701125,2023,3.0,0.0,0.0,-3.4000000000000004,-3.6999999999999993,9.200000000000001,1,3,1,2023
RA-249,FASE 3,,2017,0.0,8.2,5.0,,6.545,5.0,-2,5.444625,2023,3.0,6.0,1.0,,,4.949,3,3,1,2023
RA-250,FASE 3,13.0,2022,0.0,9.3,5.63,13.0,8.625,10.0,0,7.598208333,2023,3.0,1.0,0.0,-13.0,-3.6999999999999993,7.759166666666666,2,3,0,2023
RA-367,FASE 3,12.0,2018,8.8,8.7,2.52,12.0,7.7925,10.0,0,7.38685,2023,3.0,5.0,0.0,-3.1999999999999993,-3.3000000000000007,8.302083333333334,1,3,0,2023
RA-1155,FASE 3,14.0,2023,9.2,9.2,5.63,14.0,8.2925,5.0,-1,7.821633333,2023,3.0,0.0,1.0,-4.800000000000001,-4.800000000000001,8.55375,2,3,1,2023
RA-1156,FASE 3,12.0,2023,8.3,9.2,2.52,12.0,7.7925,10.0,0,7.340775,2023,3.0,0.0,0.0,-3.6999999999999993,-2.8000000000000007,8.302083333333334,1,3,0,2023
RA-368,FASE 3,,2018,0.0,7.7,2.52,,7.34,5.0,-1,5.796458333,2023,3.0,5.0,1.0,,,4.5120000000000005,3,3,1,2023
RA-387,FASE 3,14.0,2019,0.0,6.8,2.52,14.0,7.0075,5.0,-1,4.794333333,2023,3.0,4.0,1.0,-14.0,-7.2,5.8879166666666665,3,3,1,2023
RA-388,FASE 3,15.0,2019,0.0,7.4,5.63,15.0,7.835,5.0,-2,5.630833333,2023,3.0,4.0,1.0,-15.0,-7.6,6.810833333333334,3,3,1,2023
RA-377,FASE 3,13.0,2021,9.6,7.6,5.0,13.0,7.6275,10.0,0,7.205041667,2023,3.0,2.0,0.0,-3.4000000000000004,-5.4,8.804583333333333,1,3,0,2023
RA-236,FASE 3,13.0,2022,10.0,7.5,7.52,13.0,7.2975,10.0,0,7.337116667,2023,3.0,1.0,0.0,-3.0,-5.5,9.219583333333333,0,3,0,2023
RA-381,FASE 3,,2018,0.0,8.4,6.89,,6.84,5.0,-1,5.758041667,2023,3.0,5.0,1.0,,,5.426,2,3,1,2023
RA-364,FASE 3,,2019,8.8,9.0,6.89,,7.505,10.0,0,7.734891667,2023,3.0,4.0,0.0,,,8.439,0,3,0,2023
RA-382,FASE 3,15.0,2017,0.0,9.4,6.26,15.0,7.1725,5.0,-2,6.223833333,2023,3.0,6.0,1.0,-15.0,-5.6,7.138750000000001,2,3,1,2023
RA-383,FASE 3,12.0,2019,9.2,8.8,3.14,12.0,7.5,10.0,0,7.5408,2023,3.0,4.0,0.0,-2.8000000000000007,-3.1999999999999993,8.44,1,3,0,2023
RA-384,FASE 3,,2017,0.0,9.1,2.52,,7.335,10.0,0,6.757958333,2023,3.0,6.0,0.0,,,5.7909999999999995,2,3,0,2023
RA-1157,FASE 3,14.0,2023,9.2,8.8,6.26,14.0,7.0025,5.0,-1,7.086633333,2023,3.0,0.0,1.0,-4.800000000000001,-5.199999999999999,8.377083333333333,1,3,1,2023
RA-260,FASE 3,,2019,9.2,9.9,7.52,,7.4175,10.0,0,8.080008333,2023,3.0,4.0,0.0,,,8.807500000000001,0,3,0,2023
RA-390,FASE 3,,2022,7.9,8.8,2.52,,7.005,10.0,0,6.905741667,2023,3.0,1.0,0.0,,,7.245,1,3,0,2023
RA-392,FASE 3,15.0,2022,9.6,9.5,2.52,15.0,7.17,5.0,-2,6.567208333,2023,3.0,1.0,1.0,-5.4,-5.5,8.131666666666668,2,3,1,2023
RA-1160,FASE 3,,2023,9.6,8.7,2.52,,7.2575,10.0,0,6.636166667,2023,3.0,0.0,0.0,,,7.6155,1,3,1,2023
RA-395,FASE 3,12.0,2018,9.2,8.6,2.52,12.0,7.9175,10.0,0,7.469175,2023,3.0,5.0,0.0,-2.8000000000000007,-3.4000000000000004,8.372916666666667,1,3,0,2023
RA-450,FASE 3,14.0,2021,9.6,8.4,2.52,14.0,7.9175,5.0,-1,6.819625,2023,3.0,2.0,1.0,-4.4,-5.6,7.90625,2,3,1,2023
RA-464,FASE 3,,2022,9.2,7.7,2.52,,7.38,5.0,-1,6.081675,2023,3.0,1.0,1.0,,,6.359999999999999,2,3,1,2023
RA-442,FASE 3,,2022,0.0,7.6,7.52,,8.1275,10.0,0,6.814166667,2023,3.0,1.0,0.0,,,6.649500000000001,1,3,0,2023
RA-467,FASE 3,,2022,6.3,9.2,3.14,,7.5425,5.0,-1,6.552916667,2023,3.0,1.0,1.0,,,6.2365,2,3,0,2023
RA-1162,FASE 3,13.0,2023,8.3,8.5,3.77,13.0,7.7525,10.0,0,7.44215,2023,3.0,0.0,0.0,-4.699999999999999,-4.5,8.553749999999999,1,3,0,2023
RA-470,FASE 3,14.0,2019,8.8,9.2,5.0,14.0,7.71,5.0,-1,6.993766667,2023,3.0,4.0,1.0,-5.199999999999999,-4.800000000000001,8.285,2,3,0,2023
RA-474,FASE 3,14.0,2019,0.0,7.8,5.0,14.0,6.7575,5.0,-1,5.283583333,2023,3.0,4.0,1.0,-14.0,-6.2,6.4262500000000005,3,3,1,2023
RA-476,FASE 3,13.0,2019,7.9,7.0,2.52,13.0,7.505,10.0,0,6.492408333,2023,3.0,4.0,0.0,-5.1,-6.0,7.987500000000001,1,3,0,2023
RA-411,FASE 3,13.0,2019,6.2,9.0,7.52,13.0,7.5425,10.0,0,7.779983333,2023,3.0,4.0,0.0,-6.8,-4.0,8.877083333333333,0,3,0,2023
RA-412,FASE 3,13.0,2018,8.8,8.9,2.52,13.0,7.585,10.0,0,7.373891667,2023,3.0,5.0,0.0,-4.199999999999999,-4.1,8.4675,1,3,0,2023
RA-414,FASE 3,13.0,2021,0.0,9.5,7.52,13.0,7.585,10.0,0,7.25025,2023,3.0,2.0,0.0,-13.0,-3.5,7.934166666666666,1,3,0,2023
RA-1163,FASE 3,14.0,2023,8.8,9.3,7.52,14.0,7.75,5.0,-1,7.749391667,2023,3.0,0.0,1.0,-5.199999999999999,-4.699999999999999,8.728333333333333,1,3,0,2023
RA-273,FASE 3,14.0,2018,7.9,7.4,2.52,14.0,7.6275,5.0,-1,6.337116667,2023,3.0,5.0,1.0,-6.1,-6.6,7.407916666666666,2,3,1,2023
RA-471,FASE 3,,2020,0.0,9.0,6.27,,8.125,10.0,0,6.855541667,2023,3.0,3.0,0.0,,,6.678999999999999,1,3,0,2023
RA-416,FASE 3,13.0,2018,9.2,9.8,2.52,13.0,8.3375,10.0,0,8.144425,2023,3.0,5.0,0.0,-3.8000000000000007,-3.1999999999999993,8.809583333333332,1,3,0,2023
RA-417,FASE 3,,2022,5.4,9.7,7.52,,8.2125,10.0,0,8.257658333,2023,3.0,1.0,0.0,,,8.1665,1,3,0,2023
RA-305,FASE 3,15.0,2019,0.0,8.9,7.52,15.0,7.75,5.0,-2,6.394291667,2023,3.0,4.0,1.0,-15.0,-6.1,7.361666666666667,2,3,1,2023
RA-418,FASE 3,,2020,8.8,10.0,2.52,,8.045,10.0,1,8.1686,2023,3.0,3.0,0.0,,,7.873,1,3,0,2023
RA-419,FASE 3,,2019,6.7,9.5,2.52,,7.875,10.0,0,7.7261,2023,3.0,4.0,0.0,,,7.319,1,3,0,2023
RA-421,FASE 3,,2021,9.2,9.9,2.52,,8.17,10.0,0,8.030716667,2023,3.0,2.0,0.0,,,7.958,1,3,0,2023
RA-407,FASE 3,14.0,2022,9.6,8.6,7.52,14.0,7.5,5.0,-1,7.665083333,2023,3.0,1.0,1.0,-4.4,-5.4,8.703333333333333,1,3,0,2023
RA-425,FASE 3,13.0,2022,9.2,9.9,2.52,13.0,8.3775,10.0,0,8.10555,2023,3.0,1.0,0.0,-3.8000000000000007,-3.0999999999999996,8.832916666666668,1,3,0,2023
RA-426,FASE 3,,2022,5.4,7.6,5.0,,7.5425,5.0,-1,6.329158333,2023,3.0,1.0,1.0,,,6.1085,3,3,1,2023
RA-1165,FASE 3,12.0,2023,9.2,9.1,5.0,12.0,7.2925,10.0,0,7.880716667,2023,3.0,0.0,0.0,-2.8000000000000007,-2.9000000000000004,8.765416666666667,1,3,0,2023
RA-432,FASE 3,,2019,8.8,9.0,2.52,,8.0425,5.0,-2,6.850183333,2023,3.0,4.0,1.0,,,6.672499999999999,2,3,1,2023
RA-303,FASE 3,15.0,2019,0.0,7.3,7.52,15.0,7.05,5.0,-2,5.914291667,2023,3.0,4.0,1.0,-15.0,-7.7,6.978333333333333,2,3,1,2023
RA-420,FASE 3,,2019,8.3,9.3,2.52,,7.96,10.0,0,7.356358333,2023,3.0,4.0,0.0,,,7.616,1,3,0,2023
RA-1166,FASE 3,15.0,2023,8.3,9.6,7.52,15.0,7.9175,5.0,-2,7.307858333,2023,3.0,0.0,1.0,-6.699999999999999,-5.4,8.889583333333334,1,3,1,2023
RA-424,FASE 3,,2022,8.8,9.9,2.52,,7.7925,10.0,0,7.72685,2023,3.0,1.0,0.0,,,7.8025,1,3,0,2023
RA-398,FASE 3,,2022,6.7,8.1,2.52,,7.7925,10.0,1,7.153766667,2023,3.0,1.0,0.0,,,7.022499999999999,1,3,0,2023
RA-428,FASE 3,,2022,8.3,9.5,2.52,,8.0425,10.0,0,7.821816667,2023,3.0,1.0,0.0,,,7.672499999999999,1,3,0,2023
RA-315,FASE 3,,2022,0.0,6.8,5.0,,7.8375,5.0,-1,5.977708333,2023,3.0,1.0,1.0,,,4.9275,3,3,1,2023
RA-402,FASE 3,13.0,2019,9.2,7.3,2.52,13.0,6.88,10.0,0,6.632716667,2023,3.0,4.0,0.0,-3.8000000000000007,-5.7,8.15,1,3,0,2023
RA-1168,FASE 3,13.0,2023,0.0,8.8,2.52,13.0,7.045,10.0,0,5.886625,2023,3.0,0.0,0.0,-13.0,-4.199999999999999,6.894166666666667,2,3,1,2023
RA-613,FASE 3,14.0,2020,9.2,9.4,5.0,14.0,7.2125,5.0,-1,6.864508333,2023,3.0,3.0,1.0,-4.800000000000001,-4.6,8.302083333333334,2,3,1,2023
RA-304,FASE 3,,2020,0.0,8.8,5.0,,7.835,5.0,-2,6.241583333,2023,3.0,3.0,1.0,,,5.327,3,3,1,2023
RA-457,FASE 3,13.0,2022,7.5,8.6,7.52,13.0,8.045,10.0,0,8.256833333,2023,3.0,1.0,0.0,-5.5,-4.4,9.110833333333334,0,3,0,2023
RA-283,FASE 3,15.0,2020,8.3,9.5,7.52,15.0,7.5025,5.0,-2,7.549025,2023,3.0,3.0,1.0,-6.699999999999999,-5.5,8.803749999999999,1,3,1,2023
RA-459,FASE 3,13.0,2019,6.7,9.3,7.52,13.0,7.88,10.0,0,8.240016667,2023,3.0,4.0,0.0,-6.3,-3.6999999999999993,9.066666666666666,0,3,0,2023
RA-454,FASE 3,15.0,2018,0.0,7.5,5.0,15.0,5.54,5.0,-2,4.603416667,2023,3.0,5.0,1.0,-15.0,-7.5,6.34,4,3,1,2023
RA-444,FASE 3,11.0,2018,0.0,7.9,5.0,11.0,6.4575,10.0,1,5.958791667,2023,3.0,5.0,0.0,-11.0,-3.0999999999999996,6.72625,2,3,1,2023
RA-170,FASE 3,15.0,2018,8.8,8.9,2.52,15.0,7.6725,5.0,-2,7.062433333,2023,3.0,5.0,1.0,-6.199999999999999,-6.1,7.982083333333333,2,3,1,2023
RA-1169,FASE 3,,2023,7.5,9.5,5.0,,8.0025,5.0,-1,7.213625,2023,3.0,0.0,1.0,,,7.0005,2,3,1,2023
RA-458,FASE 3,,2019,9.6,6.9,7.52,,6.2475,5.0,-1,6.312083333,2023,3.0,4.0,1.0,,,7.0535,1,3,1,2023
RA-1170,FASE 3,,2023,8.8,7.7,7.52,,6.5775,5.0,-1,6.874683333,2023,3.0,0.0,1.0,,,7.1194999999999995,1,3,1,2023
RA-1171,FASE 3,14.0,2023,7.9,8.4,5.0,14.0,8.88,5.0,-1,7.856033333,2023,3.0,0.0,1.0,-6.1,-5.6,8.196666666666667,2,3,1,2023
RA-176,FASE 4,14.0,2018,9.6,9.5,2.52,14.0,9.0025,10.0,0,8.316833333,2023,4.0,5.0,0.0,-4.4,-4.5,9.10375,1,4,0,2023
RA-178,FASE 4,,2016,7.9,8.7,2.52,,8.42,10.0,0,7.406658333,2023,4.0,7.0,0.0,,,7.508,1,4,0,2023
RA-193,FASE 4,13.0,2016,8.3,9.4,2.52,13.0,8.17,10.0,1,7.718566667,2023,4.0,7.0,0.0,-4.699999999999999,-3.5999999999999996,8.565,1,4,0,2023
RA-1172,FASE 4,16.0,2023,8.3,7.8,2.52,16.0,8.46,5.0,-2,7.030108333,2023,4.0,0.0,1.0,-7.699999999999999,-8.2,8.013333333333334,2,4,1,2023
RA-180,FASE 4,13.0,2018,9.2,9.4,2.52,13.0,8.92,10.0,1,8.283216667,2023,4.0,5.0,0.0,-3.8000000000000007,-3.5999999999999996,8.840000000000002,1,4,0,2023
RA-181,FASE 4,,2019,9.6,8.3,2.52,,8.2525,10.0,0,7.671208333,2023,4.0,4.0,0.0,,,7.7345,1,4,0,2023
RA-195,FASE 4,,2017,7.1,9.2,2.52,,8.79,10.0,0,7.60205,2023,4.0,6.0,0.0,,,7.522,1,4,0,2023
RA-196,FASE 4,13.0,2018,7.9,9.0,2.52,13.0,8.2125,10.0,1,7.560991667,2023,4.0,5.0,0.0,-5.1,-4.0,8.43875,1,4,0,2023
RA-211,FASE 4,14.0,2021,9.6,9.4,2.52,14.0,8.71,10.0,0,8.024791667,2023,4.0,2.0,0.0,-4.4,-4.6,9.038333333333332,1,4,0,2023
RA-197,FASE 4,13.0,2021,8.3,9.8,2.52,13.0,8.46,10.0,1,7.967608333,2023,4.0,2.0,0.0,-4.699999999999999,-3.1999999999999993,8.680000000000001,1,4,0,2023
RA-229,FASE 4,,2022,9.2,9.8,2.52,,8.42,10.0,1,8.207591667,2023,4.0,1.0,0.0,,,7.9879999999999995,1,4,0,2023
RA-186,FASE 4,,2019,7.5,9.7,2.52,,8.46,10.0,0,7.817541667,2023,4.0,4.0,0.0,,,7.636,1,4,0,2023
RA-189,FASE 4,14.0,2018,7.9,9.4,2.52,14.0,8.3775,10.0,0,7.727325,2023,4.0,5.0,0.0,-6.1,-4.6,8.699583333333333,1,4,0,2023
RA-191,FASE 4,14.0,2019,0.0,9.7,2.52,14.0,8.4625,10.0,0,7.263666667,2023,4.0,4.0,0.0,-14.0,-4.300000000000001,7.447083333333333,2,4,0,2023
RA-1173,FASE 4,14.0,2023,8.8,9.7,2.52,14.0,8.1225,10.0,0,7.67285,2023,4.0,0.0,0.0,-5.199999999999999,-4.300000000000001,8.857083333333334,1,4,0,2023
RA-217,FASE 4,,2021,8.3,8.6,2.52,,8.5025,5.0,-1,6.96965,2023,4.0,2.0,1.0,,,6.5845,2,4,1,2023
RA-1174,FASE 4,15.0,2023,9.2,8.7,2.52,15.0,8.3375,5.0,-1,7.333591667,2023,4.0,0.0,1.0,-5.800000000000001,-6.300000000000001,8.12625,2,4,0,2023
RA-192,FASE 4,16.0,2021,8.8,6.2,5.0,16.0,7.3775,5.0,-2,6.616016667,2023,4.0,2.0,1.0,-7.199999999999999,-9.8,8.062916666666666,2,4,1,2023
RA-184,FASE 4,13.0,2019,7.9,9.5,7.52,13.0,8.5025,10.0,1,8.430241667,2023,4.0,4.0,0.0,-5.1,-3.5,9.40375,0,4,0,2023
RA-204,FASE 4,,2019,8.8,7.9,2.52,,8.045,10.0,0,7.557558333,2023,4.0,4.0,0.0,,,7.453,1,4,0,2023
RA-1176,FASE 4,13.0,2023,8.3,9.3,7.52,13.0,9.17,10.0,1,8.881483333,2023,4.0,0.0,0.0,-4.699999999999999,-3.6999999999999993,9.548333333333334,0,4,0,2023
RA-1177,FASE 4,14.0,2023,10.0,9.9,2.52,14.0,8.88,10.0,0,8.345491667,2023,4.0,0.0,0.0,-4.0,-4.1,9.216666666666667,1,4,0,2023
RA-215,FASE 4,14.0,2021,8.8,6.6,2.52,14.0,7.7125,10.0,0,7.166475,2023,4.0,2.0,0.0,-5.199999999999999,-7.4,8.272083333333333,1,4,0,2023
RA-1178,FASE 4,,2023,8.8,9.3,2.52,,8.2125,5.0,-2,7.066475,2023,4.0,0.0,1.0,,,6.766500000000001,2,4,1,2023
RA-149,FASE 4,,2022,8.8,4.2,2.52,,7.2925,5.0,-2,5.622266667,2023,4.0,1.0,1.0,,,5.5625,3,4,1,2023
RA-220,FASE 4,14.0,2022,8.8,7.6,2.52,14.0,7.5475,10.0,0,7.102016667,2023,4.0,1.0,0.0,-5.199999999999999,-6.4,8.41125,1,4,0,2023
RA-202,FASE 4,,2017,8.8,7.9,2.52,,8.005,5.0,-1,6.791641667,2023,4.0,6.0,1.0,,,6.445,2,4,1,2023
RA-1181,FASE 4,,2023,8.8,8.3,2.52,,7.3375,10.0,0,6.971266667,2023,4.0,0.0,0.0,,,7.391500000000001,1,4,0,2023
RA-237,FASE 4,15.0,2022,8.3,9.5,2.52,15.0,8.96,5.0,-1,7.436566667,2023,4.0,1.0,1.0,-6.699999999999999,-5.5,8.213333333333333,2,4,1,2023
RA-147,FASE 4,15.0,2022,0.0,7.0,5.63,15.0,7.46,5.0,-1,5.5425,2023,4.0,1.0,1.0,-15.0,-8.0,6.681666666666666,3,4,1,2023
RA-1184,FASE 4,,2023,8.3,8.3,5.0,,8.045,5.0,-2,7.381566667,2023,4.0,0.0,1.0,,,6.929,2,4,1,2023
RA-241,FASE 4,,2016,0.0,9.9,2.52,,9.545,5.0,-1,7.016,2023,4.0,7.0,1.0,,,5.393,3,4,0,2023
RA-242,FASE 4,14.0,2018,7.1,9.7,2.52,14.0,9.3775,10.0,0,8.221841667,2023,4.0,5.0,0.0,-6.9,-4.300000000000001,8.782916666666665,1,4,0,2023
RA-138,FASE 4,16.0,2016,10.0,7.9,6.26,16.0,7.4175,5.0,-2,6.784075,2023,4.0,7.0,1.0,-6.0,-8.1,8.762916666666667,1,4,1,2023
RA-244,FASE 4,13.0,2018,0.0,8.8,2.52,13.0,8.8325,10.0,1,7.044333333,2023,4.0,5.0,0.0,-13.0,-4.199999999999999,7.192083333333334,2,4,0,2023
RA-245,FASE 4,,2016,0.0,10.0,2.52,,9.5875,5.0,-1,7.171166667,2023,4.0,7.0,1.0,,,5.4215,3,4,0,2023
RA-246,FASE 4,,2022,8.8,9.9,4.39,,8.9175,10.0,0,8.256766667,2023,4.0,1.0,0.0,,,8.401500000000002,1,4,0,2023
RA-239,FASE 4,16.0,2021,0.0,8.4,5.0,16.0,7.6275,5.0,-2,6.411333333,2023,4.0,2.0,1.0,-16.0,-7.6,7.004583333333333,3,4,1,2023
RA-262,FASE 4,,2021,0.0,3.7,5.0,,6.05,5.0,-2,4.406458333,2023,4.0,2.0,1.0,,,3.95,4,4,1,2023
RA-397,FASE 4,15.0,2017,7.5,7.9,2.52,15.0,7.465,5.0,-1,6.207083333,2023,4.0,6.0,1.0,-7.5,-7.1,7.564166666666668,2,4,1,2023
RA-1188,FASE 4,15.0,2023,9.6,9.4,,15.0,7.5875,5.0,-1,,2023,4.0,0.0,1.0,-5.4,-5.6,9.317499999999999,1,4,1,2023
RA-267,FASE 4,16.0,2016,7.9,7.7,,16.0,6.505,5.0,-2,,2023,4.0,7.0,1.0,-8.1,-8.3,8.621,1,4,1,2023
RA-1189,FASE 4,,2023,8.8,9.0,,,7.3775,5.0,-1,,2023,4.0,0.0,1.0,,,7.5443750000000005,1,4,1,2023
RA-269,FASE 4,14.0,2022,9.6,9.0,2.52,14.0,8.7975,10.0,0,8.116041667,2023,4.0,1.0,0.0,-4.4,-5.0,8.98625,1,4,0,2023
RA-313,FASE 4,14.0,2022,9.2,8.7,2.52,14.0,7.75,10.0,0,7.011091667,2023,4.0,1.0,0.0,-4.800000000000001,-5.300000000000001,8.695,1,4,1,2023
RA-301,FASE 4,,2019,9.2,5.4,7.52,,6.465,10.0,0,6.760341667,2023,4.0,4.0,0.0,,,7.716999999999999,1,4,0,2023
RA-286,FASE 4,15.0,2022,0.0,7.5,5.0,15.0,7.3375,5.0,-1,5.713333333,2023,4.0,1.0,1.0,-15.0,-7.5,6.639583333333333,3,4,1,2023
RA-1193,FASE 4,,2023,0.0,7.8,5.0,,7.13,10.0,0,6.018083333,2023,4.0,0.0,0.0,,,5.986,2,4,1,2023
RA-308,FASE 4,14.0,2019,5.4,6.8,5.0,14.0,7.5025,10.0,0,6.578558333,2023,4.0,4.0,0.0,-8.6,-7.2,8.117083333333333,2,4,0,2023
RA-152,FASE 4,16.0,2022,7.9,7.7,2.52,16.0,7.71,5.0,-2,6.30695,2023,4.0,1.0,1.0,-8.1,-8.3,7.805000000000001,2,4,1,2023
RA-270,FASE 4,14.0,2019,9.2,9.0,2.52,14.0,9.1275,10.0,0,7.982633333,2023,4.0,4.0,0.0,-4.800000000000001,-5.0,8.974583333333333,1,4,0,2023
RA-271,FASE 4,16.0,2022,0.0,9.3,2.52,16.0,7.7125,5.0,-2,6.140333333,2023,4.0,1.0,1.0,-16.0,-6.699999999999999,6.755416666666666,3,4,1,2023
RA-299,FASE 4,14.0,2019,0.0,9.6,2.52,14.0,8.005,10.0,0,6.796541667,2023,4.0,4.0,0.0,-14.0,-4.4,7.354166666666667,2,4,0,2023
RA-316,FASE 4,14.0,2022,10.0,9.5,7.52,14.0,8.96,10.0,0,8.436908333,2023,4.0,1.0,0.0,-4.0,-4.5,9.996666666666666,0,4,0,2023
RA-318,FASE 4,15.0,2019,7.9,8.1,6.26,15.0,7.71,5.0,-1,6.856575,2023,4.0,4.0,1.0,-7.1,-6.9,8.328333333333333,1,4,1,2023
RA-274,FASE 4,12.0,2019,7.5,9.5,5.63,12.0,8.295,10.0,1,8.137625,2023,4.0,4.0,0.0,-4.5,-2.5,8.820833333333333,1,4,0,2023
RA-320,FASE 4,14.0,2022,9.2,9.9,7.52,14.0,8.96,10.0,0,8.393508333,2023,4.0,1.0,0.0,-4.800000000000001,-4.1,9.930000000000001,0,4,0,2023
RA-277,FASE 4,,2021,8.3,9.9,7.52,,8.7525,5.0,-1,7.7284,2023,4.0,2.0,1.0,,,7.894500000000001,1,4,0,2023
RA-278,FASE 4,13.0,2018,0.0,9.8,5.63,13.0,8.3775,10.0,1,7.1935,2023,4.0,5.0,0.0,-13.0,-3.1999999999999993,7.80125,2,4,0,2023
RA-291,FASE 4,14.0,2022,8.8,8.6,7.52,14.0,9.21,10.0,0,8.493058333,2023,4.0,1.0,0.0,-5.199999999999999,-5.4,9.688333333333334,0,4,0,2023
RA-306,FASE 4,,2021,0.0,7.9,6.26,,7.46,5.0,-1,5.732375,2023,4.0,2.0,1.0,,,5.324,2,4,1,2023
RA-279,FASE 4,14.0,2019,8.8,10.0,6.27,14.0,9.2125,10.0,0,9.006266667,2023,4.0,4.0,0.0,-5.199999999999999,-4.0,9.71375,0,4,0,2023
RA-280,FASE 4,,2021,6.7,9.5,7.52,,8.7125,10.0,0,8.189225,2023,4.0,2.0,0.0,,,8.4865,0,4,0,2023
RA-319,FASE 4,,2022,9.6,9.2,5.0,,8.88,10.0,0,8.367208333,2023,4.0,1.0,0.0,,,8.536,1,4,0,2023
RA-321,FASE 4,13.0,2022,8.3,9.4,2.52,13.0,8.42,10.0,1,7.695233333,2023,4.0,1.0,0.0,-4.699999999999999,-3.5999999999999996,8.606666666666667,1,4,0,2023
RA-1195,FASE 4,,2022,0.0,8.3,2.52,,8.0025,2.5,-3,5.677291667,2023,4.0,1.0,1.0,,,4.2645,3,4,1,2023
RA-251,FASE 4,,2018,9.6,8.0,2.52,,7.835,5.0,-1,6.665208333,2023,4.0,5.0,1.0,,,6.590999999999999,2,4,1,2023
RA-116,FASE 5,17.0,2019,6.7,7.6,5.0,17.0,7.5475,5.0,-2,6.433075,2023,5.0,4.0,1.0,-10.3,-9.4,8.14125,2,5,1,2023
RA-103,FASE 5,14.0,2020,8.3,9.2,5.0,14.0,8.09,10.0,1,8.0239,2023,5.0,3.0,0.0,-5.699999999999999,-4.800000000000001,9.098333333333334,1,5,0,2023
RA-42,FASE 5,,2019,8.8,8.6,5.63,,6.6675,5.0,-1,6.794516667,2023,5.0,4.0,1.0,,,6.9395,2,5,1,2023
RA-121,FASE 5,,2021,6.3,8.8,5.0,,7.4625,5.0,-1,6.811875,2023,5.0,2.0,1.0,,,6.5125,2,5,1,2023
RA-106,FASE 5,15.0,2016,7.9,9.1,5.0,15.0,7.5075,10.0,0,7.769658333,2023,5.0,7.0,0.0,-7.1,-5.9,9.084583333333333,1,5,0,2023
RA-123,FASE 5,17.0,2017,0.0,9.4,5.0,17.0,6.8375,5.0,-2,6.068333333,2023,5.0,6.0,1.0,-17.0,-7.6,7.20625,3,5,1,2023
RA-125,FASE 5,16.0,2022,9.2,7.7,5.0,16.0,7.835,5.0,-1,6.989633333,2023,5.0,1.0,1.0,-6.800000000000001,-8.3,8.455833333333333,2,5,1,2023
RA-110,FASE 5,15.0,2017,8.3,8.6,5.0,15.0,8.2975,10.0,0,8.0879,2023,5.0,6.0,0.0,-6.699999999999999,-6.4,9.199583333333333,1,5,0,2023
RA-143,FASE 5,,2019,8.3,9.6,2.52,,8.3375,10.0,1,7.794358333,2023,5.0,4.0,0.0,,,7.7515,1,5,0,2023
RA-111,FASE 5,14.0,2020,7.5,8.7,5.0,14.0,8.0875,10.0,1,7.566458333,2023,5.0,3.0,0.0,-6.5,-5.300000000000001,8.88125,1,5,0,2023
RA-112,FASE 5,,2016,6.7,8.1,5.0,,7.9225,5.0,-1,7.141308333,2023,5.0,7.0,1.0,,,6.544499999999999,2,5,0,2023
RA-115,FASE 5,16.0,2019,8.8,7.1,5.0,16.0,7.215,5.0,-1,6.319141667,2023,5.0,4.0,1.0,-7.199999999999999,-8.9,8.185833333333333,2,5,1,2023
RA-52,FASE 5,,2018,10.0,9.8,2.52,,8.2975,10.0,1,7.9642,2023,5.0,5.0,0.0,,,8.1235,1,5,0,2023
RA-1198,FASE 5,,2023,8.3,9.4,6.26,,7.9625,5.0,-1,7.515233333,2023,5.0,0.0,1.0,,,7.3845,1,5,1,2023
RA-127,FASE 5,15.0,2022,8.8,7.8,6.26,15.0,8.6725,10.0,0,7.91935,2023,5.0,1.0,0.0,-6.199999999999999,-7.2,9.422083333333333,0,5,0,2023
RA-146,FASE 5,,2022,6.2,9.5,5.0,,8.2125,5.0,-1,7.584483333,2023,5.0,1.0,1.0,,,6.782500000000001,2,5,1,2023
RA-1199,FASE 5,,2023,6.7,9.1,5.0,,8.0875,5.0,-2,7.024933333,2023,5.0,0.0,1.0,,,6.777500000000001,2,5,1,2023
RA-107,FASE 5,15.0,2018,0.0,8.5,5.0,15.0,7.5875,10.0,0,6.845208333,2023,5.0,5.0,0.0,-15.0,-6.5,7.6812499999999995,2,5,1,2023
RA-1200,FASE 5,15.0,2023,0.0,6.4,5.0,15.0,6.8725,10.0,0,5.711166667,2023,5.0,0.0,0.0,-15.0,-8.6,7.212083333333333,2,5,1,2023
RA-85,FASE 5,16.0,2022,8.8,8.9,6.27,16.0,7.8425,5.0,-1,7.08435,2023,5.0,1.0,1.0,-7.199999999999999,-7.1,8.802083333333334,1,5,1,2023
RA-1201,FASE 5,15.0,2023,9.2,9.6,3.77,15.0,8.7575,10.0,0,8.378008333,2023,5.0,0.0,0.0,-5.800000000000001,-5.4,9.387916666666666,1,5,1,2023
RA-131,FASE 5,16.0,2016,8.3,7.8,5.0,16.0,6.8,5.0,-1,5.952358333,2023,5.0,7.0,1.0,-7.699999999999999,-8.2,8.15,2,5,1,2023
RA-132,FASE 5,15.0,2019,7.5,8.7,2.52,15.0,7.715,10.0,0,7.350625,2023,5.0,4.0,0.0,-7.5,-6.300000000000001,8.5725,1,5,0,2023
RA-137,FASE 5,17.0,2016,7.1,6.3,2.52,17.0,6.88,5.0,-2,5.937025,2023,5.0,7.0,1.0,-9.9,-10.7,7.466666666666668,2,5,1,2023
RA-90,FASE 5,14.0,2019,10.0,9.6,7.52,14.0,8.1725,10.0,1,8.699408333,2023,5.0,4.0,0.0,-4.0,-4.4,9.882083333333334,0,5,0,2023
RA-167,FASE 5,,2018,8.8,9.9,5.0,,7.8375,5.0,-2,7.806141667,2023,5.0,5.0,1.0,,,7.3075,2,5,1,2023
RA-1203,FASE 5,,2023,9.2,10.0,2.52,,7.8775,5.0,-1,7.487841667,2023,5.0,0.0,1.0,,,6.919499999999999,2,5,0,2023
RA-155,FASE 5,17.0,2022,7.9,8.1,5.0,17.0,6.5875,5.0,-2,6.318991667,2023,5.0,1.0,1.0,-9.1,-8.9,8.264583333333333,2,5,0,2023
RA-94,FASE 5,,2018,7.5,9.6,2.52,,7.795,5.0,-1,7.289333333,2023,5.0,5.0,1.0,,,6.483,2,5,0,2023
RA-81,FASE 5,15.0,2017,9.6,8.8,2.52,15.0,7.2125,10.0,0,7.45425,2023,5.0,6.0,0.0,-5.4,-6.199999999999999,8.855416666666667,1,5,0,2023
RA-171,FASE 5,17.0,2022,7.5,7.2,5.0,17.0,6.755,5.0,-2,6.293083333,2023,5.0,1.0,1.0,-9.5,-9.8,8.075833333333334,2,5,1,2023
RA-160,FASE 5,16.0,2021,8.8,8.3,2.52,16.0,7.46,5.0,-1,6.598266667,2023,5.0,2.0,1.0,-7.199999999999999,-7.699999999999999,8.013333333333334,2,5,1,2023
RA-173,FASE 5,17.0,2019,9.2,8.5,6.26,17.0,7.8775,5.0,-2,7.757466667,2023,5.0,4.0,1.0,-7.800000000000001,-8.5,8.972916666666666,1,5,0,2023
RA-166,FASE 5,,2020,7.5,8.9,6.26,,7.4625,10.0,0,8.105583333,2023,5.0,3.0,0.0,,,8.0245,0,5,0,2023
RA-175,FASE 5,,2018,8.8,9.2,2.52,,7.085,5.0,-1,6.569516667,2023,5.0,5.0,1.0,,,6.521000000000001,2,5,1,2023
RA-153,FASE 5,15.0,2018,9.2,7.4,2.52,15.0,7.71,10.0,0,7.289966667,2023,5.0,5.0,0.0,-5.800000000000001,-7.6,8.638333333333334,1,5,0,2023
RA-157,FASE 5,13.0,2018,7.1,9.9,2.52,13.0,8.63,10.0,2,7.879008333,2023,5.0,5.0,0.0,-5.9,-3.0999999999999996,8.525,1,5,0,2023
RA-1207,FASE 5,,2023,8.8,9.0,5.0,,7.63,10.0,0,7.58235,2023,5.0,0.0,0.0,,,8.086,1,5,1,2023
RA-158,FASE 5,,2017,7.1,9.0,2.52,,7.545,10.0,1,7.297425,2023,5.0,6.0,0.0,,,7.233,1,5,0,2023
RA-161,FASE 5,14.0,2018,0.0,7.3,2.52,14.0,7.795,10.0,1,6.250166667,2023,5.0,5.0,0.0,-14.0,-6.7,6.935833333333334,2,5,0,2023
RA-164,FASE 5,16.0,2018,0.0,8.2,2.52,16.0,6.9625,5.0,-1,5.638666667,2023,5.0,5.0,1.0,-16.0,-7.800000000000001,6.447083333333333,3,5,1,2023
RA-1210,FASE 5,16.0,2023,9.6,9.4,5.0,16.0,8.09,5.0,-1,7.171083333,2023,5.0,0.0,1.0,-6.4,-6.6,8.848333333333334,2,5,0,2023
RA-165,FASE 5,,2017,6.7,9.2,2.52,,7.795,10.0,0,7.583433333,2023,5.0,6.0,0.0,,,7.242999999999999,1,5,0,2023
RA-40,FASE 6,17.0,2016,7.5,8.2,7.52,17.0,7.755,5.0,-1,7.169975,2023,6.0,7.0,1.0,-9.5,-8.8,8.829166666666667,1,6,0,2023
RA-1214,FASE 6,16.0,2023,9.6,9.8,6.89,16.0,7.6725,10.0,0,8.378666667,2023,6.0,0.0,0.0,-6.4,-6.199999999999999,9.99375,0,6,0,2023
RA-45,FASE 6,,2019,7.1,9.6,6.26,,8.1725,10.0,0,8.303591667,2023,6.0,4.0,0.0,,,8.2265,0,6,0,2023
RA-56,FASE 6,16.0,2019,9.6,9.5,5.0,16.0,7.8,10.0,0,8.284333333,2023,6.0,4.0,0.0,-6.4,-6.5,9.65,1,6,0,2023
RA-57,FASE 6,,2017,0.0,8.0,5.63,,7.755,5.0,-1,6.450875,2023,6.0,6.0,1.0,,,5.276999999999999,3,6,0,2023
RA-58,FASE 6,,2017,0.0,9.7,6.26,,8.3825,10.0,0,7.70625,2023,6.0,6.0,0.0,,,6.8685,1,6,0,2023
RA-59,FASE 6,,2022,7.5,9.6,5.63,,8.4225,5.0,-2,7.692291667,2023,6.0,1.0,1.0,,,7.230500000000001,2,6,0,2023
RA-1216,FASE 6,19.0,2023,9.6,9.0,5.63,19.0,7.795,5.0,-2,7.7105,2023,6.0,0.0,1.0,-9.4,-10.0,9.3375,2,6,0,2023
RA-78,FASE 6,,2018,0.0,7.7,6.26,,8.0025,5.0,-2,6.434625,2023,6.0,5.0,1.0,,,5.3925,2,6,0,2023
RA-64,FASE 6,,2019,7.5,9.2,6.89,,7.9625,5.0,-1,7.452541667,2023,6.0,4.0,1.0,,,7.3105,1,6,0,2023
RA-48,FASE 6,16.0,2017,6.7,8.4,6.26,16.0,7.6275,10.0,0,7.797058333,2023,6.0,6.0,0.0,-9.3,-7.6,9.164583333333333,0,6,0,2023
RA-80,FASE 6,,2017,8.3,8.4,6.89,,7.465,5.0,-1,7.252275,2023,6.0,6.0,1.0,,,7.211000000000001,1,6,0,2023
RA-91,FASE 6,,2016,10.0,7.4,6.89,,7.4675,5.0,-1,7.42395,2023,6.0,7.0,1.0,,,7.3515,1,6,1,2023
RA-92,FASE 6,,2016,9.6,9.4,5.63,,7.045,5.0,-1,7.375916667,2023,6.0,7.0,1.0,,,7.334999999999999,2,6,0,2023
RA-96,FASE 6,17.0,2021,9.6,8.9,7.52,17.0,7.84,5.0,-1,7.610791667,2023,6.0,2.0,1.0,-7.4,-8.1,9.31,1,6,0,2023
RA-1220,FASE 6,17.0,2023,0.0,9.0,5.0,17.0,7.63,5.0,-1,6.46725,2023,6.0,0.0,1.0,-17.0,-8.0,7.271666666666667,3,6,1,2023
RA-87,FASE 6,16.0,2021,7.5,10.0,5.63,16.0,8.385,10.0,0,8.6625,2023,6.0,2.0,0.0,-8.5,-6.0,9.585833333333332,1,6,0,2023
RA-1221,FASE 7,22.0,2023,9.2,9.1,6.26,22.0,8.09,5.0,-1,8.027466667,2023,7.0,0.0,1.0,-12.8,-12.9,9.941666666666665,1,7,0,2023
RA-27,FASE 7,,2016,6.7,7.7,6.89,,8.8825,10.0,0,7.921266667,2023,7.0,7.0,0.0,,,8.0345,0,7,0,2023
RA-19,FASE 7,19.0,2022,7.9,9.4,5.63,19.0,8.1725,5.0,-1,7.710866667,2023,7.0,1.0,1.0,-11.1,-9.6,9.18375,2,7,0,2023
RA-62,FASE 7,17.0,2022,0.0,9.8,6.89,17.0,8.215,10.0,0,7.610333333,2023,7.0,1.0,0.0,-17.0,-7.199999999999999,8.650833333333333,1,7,0,2023
RA-38,FASE 7,17.0,2017,9.6,9.7,7.52,17.0,8.8825,10.0,0,8.835333333,2023,7.0,6.0,0.0,-7.4,-7.300000000000001,10.450416666666666,0,7,0,2023
RA-1224,FASE 7,,2023,8.3,9.4,5.0,,7.6325,5.0,-1,7.5524,2023,7.0,0.0,1.0,,,7.0665000000000004,2,7,0,2023
RA-39,FASE 7,17.0,2017,9.6,9.1,7.52,17.0,8.7575,10.0,0,8.710333333,2023,7.0,6.0,0.0,-7.4,-7.9,10.329583333333334,0,7,0,2023
RA-1225,FASE 7,18.0,2023,7.5,,2.52,18.0,,5.0,-1,,2023,7.0,0.0,1.0,-10.5,,8.254999999999999,2,7,0,2023
RA-76,FASE 7,15.0,2017,10.0,,2.52,15.0,,10.0,2,,2023,7.0,6.0,0.0,-5.0,,9.379999999999999,1,7,0,2023
RA-26,FASE 7,,2022,0.0,,7.52,,,5.0,-1,,2023,7.0,1.0,1.0,,,4.173333333333333,2,7,0,2023
RA-1226,FASE 7,,2023,9.2,,7.52,,,10.0,1,,2023,7.0,0.0,0.0,,,8.906666666666666,0,7,0,2023
RA-93,FASE 7,16.0,2016,7.9,,3.14,16.0,,10.0,1,,2023,7.0,7.0,0.0,-8.1,,9.26,1,7,0,2023
RA-119,FASE 7,15.0,2016,6.7,,2.52,15.0,,10.0,2,,2023,7.0,7.0,0.0,-8.3,,8.555,1,7,0,2023
RA-1227,FASE 7,16.0,2023,9.2,,2.52,16.0,,10.0,1,,2023,7.0,0.0,0.0,-6.800000000000001,,9.43,1,7,0,2023
RA-1228,FASE 7,17.0,2023,7.5,,2.52,17.0,,10.0,0,,2023,7.0,0.0,0.0,-9.5,,9.254999999999999,1,7,0,2023
RA-1229,FASE 7,,2023,8.3,,7.52,,,10.0,1,,2023,7.0,0.0,0.0,,,8.606666666666667,0,7,0,2023
RA-98,FASE 7,15.0,2017,7.9,,2.52,15.0,,10.0,2,,2023,7.0,6.0,0.0,-7.1,,8.855,1,7,0,2023
RA-172,FASE 7,15.0,2018,0.0,,3.77,15.0,,10.0,2,,2023,7.0,5.0,0.0,-15.0,,7.1925,2,7,0,2023
RA-86,FASE 7,,2016,8.3,,6.89,,,10.0,0,,2023,7.0,7.0,0.0,,,8.396666666666667,0,7,0,2023
RA-1230,FASE 7,16.0,2021,0.0,,2.52,16.0,,10.0,1,,2023,7.0,2.0,0.0,-16.0,,7.13,2,7,0,2023
RA-1231,FASE 8,22.0,2021,,,,22.0,,10.0,0,,2023,8.0,2.0,0.0,,,16.0,0,8,0,2023
RA-1232,FASE 8,21.0,2021,,,,21.0,,10.0,0,,2023,8.0,2.0,0.0,,,15.5,0,8,0,2023
RA-1233,FASE 8,22.0,2021,,,,22.0,,10.0,0,,2023,8.0,2.0,0.0,,,16.0,0,8,0,2023
RA-1234,FASE 8,,2021,,,,,,10.0,0,,2023,8.0,2.0,0.0,,,10.0,0,8,0,2023
RA-1235,FASE 8,21.0,2021,,,,21.0,,10.0,0,,2023,8.0,2.0,0.0,,,15.5,0,8,0,2023
RA-1236,FASE 8,21.0,2021,,,,21.0,,10.0,0,,2023,8.0,2.0,0.0,,,15.5,0,8,0,2023
RA-1237,FASE 8,,2021,,,,,,10.0,0,,2023,8.0,2.0,0.0,,,10.0,0,8,0,2023
RA-1238,FASE 8,21.0,2021,,,,21.0,,10.0,0,,2023,8.0,2.0,0.0,,,15.5,0,8,0,2023
RA-1239,FASE 8,,2021,,,,,,10.0,0,,2023,8.0,2.0,0.0,,,10.0,0,8,0,2023
RA-1240,FASE 8,20.0,2021,,,,20.0,,10.0,0,,2023,8.0,2.0,0.0,,,15.0,0,8,0,2023
RA-1241,FASE 8,,2021,,,,,,10.0,0,,2023,8.0,2.0,0.0,,,10.0,0,8,0,2023
RA-1242,FASE 8,19.0,2021,,,,19.0,,10.0,0,,2023,8.0,2.0,0.0,,,14.5,0,8,0,2023
RA-1244,FASE 8,20.0,2021,,,,20.0,,10.0,0,,2023,8.0,2.0,0.0,,,15.0,0,8,0,2023
RA-1245,FASE 8,,2021,,,,,,10.0,0,,2023,8.0,2.0,0.0,,,10.0,0,8,0,2023
RA-1246,FASE 8,20.0,2021,,,,20.0,,10.0,0,,2023,8.0,2.0,0.0,,,15.0,0,8,0,2023
RA-1248,FASE 8,20.0,2021,,,,20.0,,10.0,0,,2023,8.0,2.0,0.0,,,15.0,0,8,0,2023
RA-1249,FASE 8,,2021,,,,,,10.0,0,,2023,8.0,2.0,0.0,,,10.0,0,8,0,2023
RA-1250,FASE 8,,2021,,,,,,10.0,0,,2023,8.0,2.0,0.0,,,10.0,0,8,0,2023
RA-1251,FASE 8,20.0,2021,,,,20.0,,10.0,0,,2023,8.0,2.0,0.0,,,15.0,0,8,0,2023
RA-1252,FASE 8,,2021,,,,,,10.0,0,,2023,8.0,2.0,0.0,,,10.0,0,8,0,2023
RA-1253,FASE 8,23.0,2021,,,,23.0,,10.0,0,,2023,8.0,2.0,0.0,,,16.5,0,8,0,2023
RA-1254,FASE 8,19.0,2021,,,,19.0,,10.0,0,,2023,8.0,2.0,0.0,,,14.5,0,8,0,2023
RA-1255,FASE 8,,2021,,,,,,10.0,0,,2023,8.0,2.0,0.0,,,10.0,0,8,0,2023
RA-1256,FASE 8,18.0,2021,,,,18.0,,10.0,0,,2023,8.0,2.0,0.0,,,14.0,0,8,0,2023
RA-1257,FASE 8,18.0,2021,,,,18.0,,10.0,0,,2023,8.0,2.0,0.0,,,14.0,0,8,0,2023
RA-1258,FASE 8,24.0,2021,,,,24.0,,10.0,0,,2023,8.0,2.0,0.0,,,17.0,0,8,0,2023
RA-1259,FASE 8,,2021,,,,,,10.0,0,,2023,8.0,2.0,0.0,,,10.0,0,8,0,2023
RA-1260,FASE 8,,2021,,,,,,10.0,0,,2023,8.0,2.0,0.0,,,10.0,0,8,0,2023
RA-1261,FASE 8,,2021,,,,,,10.0,0,,2023,8.0,2.0,0.0,,,10.0,0,8,0,2023
RA-1262,FASE 8,19.0,2021,,,,19.0,,10.0,0,,2023,8.0,2.0,0.0,,,14.5,0,8,0,2023
RA-1263,FASE 8,,2021,,,,,,10.0,0,,2023,8.0,2.0,0.0,,,10.0,0,8,0,2023
RA-1264,FASE 8,,2021,,,,,,10.0,0,,2023,8.0,2.0,0.0,,,10.0,0,8,0,2023
RA-1265,FASE 8,,2022,,,,,,10.0,0,,2023,8.0,1.0,0.0,,,10.0,0,8,0,2023
RA-1266,FASE 8,,2021,,,,,,10.0,0,,2023,8.0,2.0,0.0,,,10.0,0,8,0,2023
RA-1267,FASE 8,22.0,2021,,,,22.0,,10.0,0,,2023,8.0,2.0,0.0,,,16.0,0,8,0,2023
RA-1268,FASE 8,19.0,2021,,,,19.0,,10.0,0,,2023,8.0,2.0,0.0,,,14.5,0,8,0,2023
RA-14,FASE 8,21.0,2022,,,,21.0,,10.0,0,,2023,8.0,1.0,0.0,,,15.5,0,8,0,2023
RA-13,FASE 8,18.0,2016,,,,18.0,,10.0,0,,2023,8.0,7.0,0.0,,,14.0,0,8,0,2023
RA-12,FASE 8,18.0,2020,,,,18.0,,10.0,0,,2023,8.0,3.0,0.0,,,14.0,0,8,0,2023
RA-7,FASE 8,,2017,,,,,,10.0,0,,2023,8.0,6.0,0.0,,,10.0,0,8,0,2023
RA-6,FASE 8,,2021,,,,,,10.0,0,,2023,8.0,2.0,0.0,,,10.0,0,8,0,2023
RA-1,FASE 8,,2016,,,,,,10.0,0,,2023,8.0,7.0,0.0,,,10.0,0,8,0,2023
RA-36,FASE 8,18.0,2019,,,,18.0,,10.0,0,,2023,8.0,4.0,0.0,,,14.0,0,8,0,2023
RA-35,FASE 8,18.0,2019,,,,18.0,,10.0,0,,2023,8.0,4.0,0.0,,,14.0,0,8,0,2023
RA-31,FASE 8,18.0,2019,,,,18.0,,10.0,0,,2023,8.0,4.0,0.0,,,14.0,0,8,0,2023
RA-23,FASE 8,,2021,,,,,,10.0,1,,2023,8.0,2.0,0.0,,,10.0,0,8,0,2023
RA-88,FASE 8,18.0,2021,,,,18.0,,10.0,0,,2023,8.0,2.0,0.0,,,14.0,0,8,0,2023
RA-1269,FASE 8,18.0,2021,,,,18.0,,10.0,0,,2023,8.0,2.0,0.0,,,14.0,0,8,0,2023
RA-49,FASE 8,18.0,2022,,,,18.0,,10.0,0,,2023,8.0,1.0,0.0,,,14.0,0,8,0,2023
RA-1270,FASE 8,19.0,2021,,,,19.0,,10.0,0,,2023,8.0,2.0,0.0,,,14.5,0,8,0,2023
RA-29,FASE 8,,2022,,,,,,10.0,0,,2023,8.0,1.0,0.0,,,10.0,0,8,0,2023
RA-17,FASE 8,,2022,,,,,,10.0,0,,2023,8.0,1.0,0.0,,,10.0,0,8,0,2023
RA-21,FASE 8,19.0,2022,,,,19.0,,10.0,0,,2023,8.0,1.0,0.0,,,14.5,0,8,0,2023
RA-25,FASE 8,18.0,2021,,,,18.0,,10.0,0,,2023,8.0,2.0,0.0,,,14.0,0,8,0,2023
RA-2,FASE 8,18.0,2017,,,,18.0,,10.0,0,,2023,8.0,6.0,0.0,,,14.0,0,8,0,2023
RA-1271,FASE 8,18.0,2021,,,,18.0,,10.0,0,,2023,8.0,2.0,0.0,,,14.0,0,8,0,2023
RA-1272,FASE 8,,2021,,,,,,10.0,0,,2023,8.0,2.0,0.0,,,10.0,0,8,0,2023
RA-1273,FASE 8,17.0,2023,,,,17.0,,10.0,1,,2023,8.0,0.0,0.0,,,13.5,0,8,0,2023
RA-1274,FASE 8,,2021,,,,,,10.0,0,,2023,8.0,2.0,0.0,,,10.0,0,8,0,2023
