ra,nome,fase,turma,idade,genero,ano_ingresso,instituicao,iaa,ieg,ips,ipp,ida,ipv,ian,fase_ideal,defasagem,situacao,inde,pedra,ano,fase_num,anos_na_pm,risco_defasagem_atual,categoria_defasagem
RA-1,Aluno-1,7,A,19.0,Menina,2016,Escola Pública,8.3,4.1,5.6,,4.0,7.278,5.0,Fase 8 (Universitários),-1,,5.783,Quartzo,2022,7.0,6.0,1,Moderada (−1 fase)
RA-1,Aluno-1,FASE 8,8E,,Feminino,2016,Privada *Parcerias com Bolsa 100%,,,,,,,10.0,Fase 8 (Universitários),0,,,,2023,8.0,7.0,0,Adequada/adiantada (≥ 0)
RA-1,Aluno-1,8E,8E,21.0,Feminino,2021,Privada *Parcerias com Bolsa 100%,,0.0,,,,,10.0,Fase 8 (Universitários),0,Cursando,,,2024,8.0,3.0,0,Adequada/adiantada (≥ 0)
RA-10,Aluno-10,7,A,18.0,Menina,2021,Escola Pública,8.3,5.2,5.0,,4.1,7.056,5.0,Fase 8 (Universitários),-1,,5.784,Quartzo,2022,7.0,1.0,1,Moderada (−1 fase)
RA-100,Aluno-100,4,A,13.0,Menina,2019,Rede Decisão,8.8,7.8,5.0,,7.6,7.25,10.0,Fase 3 (7º e 8º ano),1,,7.618,Ametista,2022,4.0,3.0,0,Adequada/adiantada (≥ 0)
RA-1000,Aluno-1000,ALFA,ALFA U - G2/G3,8.0,Feminino,2023,Pública,8.5,9.4,3.77,6.25,7.0,8.92,10.0,ALFA (1° e 2° ano),0,,7.9162,Ametista,2023,0.0,0.0,0,Adequada/adiantada (≥ 0)
RA-1000,Aluno-1000,1N,1N,9.0,Feminino,2023,Pública,9.002,9.5454545455,6.26,8.125,7.75,7.835,10.0,Fase 1 (3° e 4° ano),0,Cursando,8.364790909100002,Topázio,2024,1.0,1.0,0,Adequada/adiantada (≥ 0)
RA-1001,Aluno-1001,ALFA,ALFA U - G2/G3,9.0,Feminino,2023,Pública,9.0,9.1,7.52,7.5,7.8,9.17,5.0,Fase 1 (3° e 4° ano),-1,,8.1162,Topázio,2023,0.0,0.0,1,Moderada (−1 fase)
RA-1001,Aluno-1001,1N,1N,10.0,Feminino,2023,Pública,7.502,9.347826087,7.51,7.916666667,7.75,7.92,5.0,Fase 2 (5° e 6° ano),-1,Cursando,7.7964318841,Ametista,2024,1.0,1.0,1,Moderada (−1 fase)
RA-1002,Aluno-1002,ALFA,ALFA U - G2/G3,9.0,Feminino,2023,Pública,9.0,9.7,7.52,6.25,7.0,8.92,5.0,Fase 1 (3° e 4° ano),-1,,7.9012,Ametista,2023,0.0,0.0,1,Moderada (−1 fase)
RA-1002,Aluno-1002,ALFA,ALFA N - G2/G3,10.0,Feminino,2023,Pública,9.002,7.833333333500001,7.51,7.5,9.25,8.25,5.0,Fase 1 (3° e 4° ano),-1,Cursando,7.967866666700001,Ametista,2024,0.0,1.0,1,Moderada (−1 fase)
RA-1003,Aluno-1003,ALFA,ALFA V - G0/G1,8.0,Masculino,2023,Pública,9.0,8.5,7.52,7.5,4.0,8.75,10.0,ALFA (1° e 2° ano),0,,7.6522,Ametista,2023,0.0,0.0,0,Adequada/adiantada (≥ 0)
RA-1003,Aluno-1003,ALFA,ALFA J - G2/G3,9.0,Masculino,2023,Pública,8.002,8.6944444445,7.51,6.875,8.25,7.5,5.0,Fase 1 (3° e 4° ano),-1,Cursando,7.627588888900001,Ametista,2024,0.0,1.0,1,Moderada (−1 fase)
RA-1004,Aluno-1004,ALFA,ALFA V - G0/G1,8.0,Feminino,2023,Pública,9.0,9.6,7.52,6.875,7.9,7.42,10.0,ALFA (1° e 2° ano),0,,8.3137,Topázio,2023,0.0,0.0,0,Adequada/adiantada (≥ 0)
RA-1004,Aluno-1004,ALFA,ALFA J - G2/G3,9.0,Feminino,2023,Pública,9.502,9.25,7.51,7.5,7.5,7.5,5.0,Fase 1 (3° e 4° ano),-1,Cursando,7.801200000000001,Ametista,2024,0.0,1.0,1,Moderada (−1 fase)
RA-1005,Aluno-1005,ALFA,ALFA V - G0/G1,8.0,Masculino,2023,Pública,9.5,7.9,7.52,7.5,8.8,8.165,10.0,ALFA (1° e 2° ano),0,,8.4252,Topázio,2023,0.0,0.0,0,Adequada/adiantada (≥ 0)
RA-1006,Aluno-1006,ALFA,ALFA V - G0/G1,8.0,Feminino,2023,Pública,9.0,9.3,7.52,7.5,8.7,8.0,10.0,ALFA (1° e 2° ano),0,,8.5922,Topázio,2023,0.0,0.0,0,Adequada/adiantada (≥ 0)
RA-1006,Aluno-1006,ALFA,ALFA J - G2/G3,9.0,Feminino,2023,Pública,8.502,8.4444444445,7.51,7.5,5.0,7.5,5.0,Fase 1 (3° e 4° ano),-1,Cursando,7.040088888900001,Ametista,2024,0.0,1.0,1,Moderada (−1 fase)
RA-1007,Aluno-1007,ALFA,ALFA V - G0/G1,,Masculino,2023,Pública,9.0,7.4,7.52,7.5,8.3,7.68,10.0,ALFA (1° e 2° ano),0,,8.0782,Topázio,2023,0.0,0.0,0,Adequada/adiantada (≥ 0)
RA-1008,Aluno-1008,ALFA,ALFA V - G0/G1,8.0,Masculino,2023,Pública,9.0,8.6,7.52,5.9375,8.4,7.5,10.0,ALFA (1° e 2° ano),0,,8.13595,Topázio,2023,0.0,0.0,0,Adequada/adiantada (≥ 0)
RA-1008,Aluno-1008,ALFA,ALFA I - G2/G3,9.0,Masculino,2023,Pública,7.002,6.483957219,7.51,7.1875,7.0,7.5,5.0,Fase 1 (3° e 4° ano),-1,Cursando,6.8667414438000005,Ágata,2024,0.0,1.0,1,Moderada (−1 fase)
RA-1009,Aluno-1009,ALFA,ALFA Y - G0/G1,8.0,Masculino,2023,Pública,0.0,9.0,3.77,7.5,8.8,7.84,10.0,ALFA (1° e 2° ano),0,,7.245,Ametista,2023,0.0,0.0,0,Adequada/adiantada (≥ 0)
RA-1009,Aluno-1009,ALFA,ALFA E - G2/G3,9.0,Masculino,2023,Pública,8.002,6.8863636365000005,2.51,6.5625,7.5,6.553333333,5.0,Fase 1 (3° e 4° ano),-1,Cursando,6.395389393900001,Ágata,2024,0.0,1.0,1,Moderada (−1 fase)
RA-101,Aluno-101,4,A,15.0,Menina,2021,Escola Pública,7.9,8.3,7.5,,7.6,6.833,5.0,Fase 5 (1º EM),-1,,7.305,Ametista,2022,4.0,1.0,1,Moderada (−1 fase)
RA-1010,Aluno-1010,ALFA,ALFA Y - G0/G1,8.0,Masculino,2023,Pública,9.5,10.0,3.77,7.8125,9.4,8.59,10.0,ALFA (1° e 2° ano),0,,8.70645,Topázio,2023,0.0,0.0,0,Adequada/adiantada (≥ 0)
RA-1011,Aluno-1011,ALFA,ALFA Y - G0/G1,,Masculino,2023,Pública,9.5,8.6,3.77,7.1875,5.2,7.675,10.0,ALFA (1° e 2° ano),0,,7.33095,Ametista,2023,0.0,0.0,0,Adequada/adiantada (≥ 0)
RA-1012,Aluno-1012,ALFA,ALFA Y - G0/G1,8.0,Feminino,2023,Pública,10.0,9.9,3.77,7.1875,6.6,7.845,10.0,ALFA (1° e 2° ano),0,,7.96495,Ametista,2023,0.0,0.0,0,Adequada/adiantada (≥ 0)
RA-1012,Aluno-1012,ALFA,ALFA C - G0/G1,9.0,Feminino,2023,Pública,9.502,9.523809524,2.51,8.125,9.75,8.443333333,5.0,Fase 1 (3° e 4° ano),-1,Cursando,8.057128571400002,Topázio,2024,0.0,1.0,1,Moderada (−1 fase)
RA-1013,Aluno-1013,ALFA,ALFA Y - G0/G1,7.0,Masculino,2023,Pública,9.0,9.6,4.39,5.625,8.3,5.76,10.0,ALFA (1° e 2° ano),0,,7.6237,Ametista,2023,0.0,0.0,0,Adequada/adiantada (≥ 0)
RA-1013,Aluno-1013,ALFA,ALFA E - G2/G3,8.0,Masculino,2023,Pública,9.002,5.6937799039999994,2.51,5.0,7.75,4.72,5.0,Fase 1 (3° e 4° ano),-1,Cursando,5.7839559808,Quartzo,2024,0.0,1.0,1,Moderada (−1 fase)
RA-1014,Aluno-1014,ALFA,ALFA Y - G0/G1,,Feminino,2023,Pública,9.0,9.7,3.77,7.5,8.2,8.255,10.0,ALFA (1° e 2° ano),0,,8.2582,Topázio,2023,0.0,0.0,0,Adequada/adiantada (≥ 0)
RA-1014,Aluno-1014,ALFA,ALFA E - G2/G3,8.0,Feminino,2023,Pública,8.502,7.8863636365000005,2.51,6.875,5.25,7.0,5.0,Fase 1 (3° e 4° ano),-1,Cursando,6.315972727300001,Ágata,2024,0.0,1.0,1,Moderada (−1 fase)
RA-1015,Aluno-1015,FASE 1,1A,10.0,Feminino,2023,Pública,10.0,9.3,6.27,7.34375,6.3,7.786666667,5.0,Fase 2 (5° e 6° ano),-1,,7.538908333,Ametista,2023,1.0,0.0,1,Moderada (−1 fase)
RA-1015,Aluno-1015,2B,2B,11.0,Feminino,2023,Pública,7.918,7.8214285715,7.51,6.041666667,4.0,5.66,10.0,Fase 2 (5° e 6° ano),0,Cursando,6.643252381000002,Ágata,2024,2.0,1.0,0,Adequada/adiantada (≥ 0)
RA-1016,Aluno-1016,FASE 1,1A,10.0,Feminino,2023,Pública,10.0,9.5,7.52,7.34375,6.7,7.73,5.0,Fase 2 (5° e 6° ano),-1,,7.762575,Ametista,2023,1.0,0.0,1,Moderada (−1 fase)
RA-1017,Aluno-1017,FASE 1,1A,,Masculino,2023,Pública,0.0,8.0,5.02,7.5,7.7,8.116666667,5.0,Fase 2 (5° e 6° ano),-1,,6.505333333,Ágata,2023,1.0,0.0,1,Moderada (−1 fase)
RA-1017,Aluno-1017,2C,2C,12.0,Masculino,2023,Pública,9.502,7.8095238095,6.26,7.1875,5.0,7.443333333,10.0,Fase 2 (5° e 6° ano),0,Cursando,7.345521428500001,Ametista,2024,2.0,1.0,0,Adequada/adiantada (≥ 0)
RA-1018,Aluno-1018,FASE 1,1A,,Masculino,2023,Pública,0.0,8.5,5.02,7.5,6.3,8.06,10.0,Fase 1 (3° e 4° ano),0,,6.824,Ágata,2023,1.0,0.0,0,Adequada/adiantada (≥ 0)
RA-1018,Aluno-1018,1A,1A,10.0,Masculino,2023,Pública,8.502,7.727272727,6.26,8.4375,8.25,8.45,5.0,Fase 2 (5° e 6° ano),-1,Cursando,7.7054045454,Ametista,2024,1.0,1.0,1,Moderada (−1 fase)
RA-1019,Aluno-1019,FASE 1,1A,8.0,Feminino,2023,Pública,7.5,9.1,5.02,6.875,4.3,7.836666667,10.0,ALFA (1° e 2° ano),1,,7.177033333,Ametista,2023,1.0,0.0,0,Adequada/adiantada (≥ 0)
RA-1019,Aluno-1019,1A,1A,9.0,Feminino,2023,Pública,9.502,9.3073593075,6.26,7.8125,8.75,8.616666667,10.0,Fase 1 (3° e 4° ano),0,Cursando,8.692255194900001,Topázio,2024,1.0,1.0,0,Adequada/adiantada (≥ 0)
RA-102,Aluno-102,4,A,14.0,Menino,2019,Escola Pública,6.7,7.7,6.9,,5.7,6.0,10.0,Fase 4 (9º ano),0,,6.922,Ágata,2022,4.0,3.0,0,Adequada/adiantada (≥ 0)
RA-1020,Aluno-1020,FASE 1,1A,9.0,Feminino,2023,Pública,10.0,9.1,2.52,7.1875,6.1,8.056666667,10.0,Fase 1 (3° e 4° ano),0,,7.612283333,Ametista,2023,1.0,0.0,0,Adequada/adiantada (≥ 0)
RA-1020,Aluno-1020,1A,1A,10.0,Feminino,2023,Pública,9.002,9.7727272725,6.88,8.4375,9.0,8.84,10.0,Fase 1 (3° e 4° ano),0,Cursando,8.9544954545,Topázio,2024,1.0,1.0,0,Adequada/adiantada (≥ 0)
RA-1021,Aluno-1021,FASE 1,1A,,Masculino,2023,Pública,8.0,9.2,3.77,7.1875,3.3,7.893333333,10.0,Fase 1 (3° e 4° ano),0,,6.964616667,Ágata,2023,1.0,0.0,0,Adequada/adiantada (≥ 0)
RA-1021,Aluno-1021,1A,1A,10.0,Masculino,2023,Pública,9.502,9.318181818,7.51,8.4375,8.0,7.95,5.0,Fase 2 (5° e 6° ano),-1,Cursando,8.0985863636,Topázio,2024,1.0,1.0,1,Moderada (−1 fase)
RA-1022,Aluno-1022,FASE 1,1A,9.0,Masculino,2023,Pública,8.5,8.5,3.77,7.1875,4.7,7.893333333,10.0,Fase 1 (3° e 4° ano),0,,7.164616667,Ametista,2023,1.0,0.0,0,Adequada/adiantada (≥ 0)
RA-1022,Aluno-1022,1A,1A,10.0,Masculino,2023,Pública,9.502,9.318181818,6.26,7.5,6.5,8.116666667,5.0,Fase 2 (5° e 6° ano),-1,Cursando,7.613169697000002,Ametista,2024,1.0,1.0,1,Moderada (−1 fase)
RA-1023,Aluno-1023,FASE 1,1A,,Feminino,2023,Pública,10.0,10.0,6.27,8.75,9.1,9.06,10.0,Fase 1 (3° e 4° ano),0,,9.1342,Topázio,2023,1.0,0.0,0,Adequada/adiantada (≥ 0)
RA-1023,Aluno-1023,2B,2B,10.0,Feminino,2023,Pública,9.502,9.511904762,9.375,8.958333333,9.5,9.563333333,10.0,Fase 2 (5° e 6° ano),0,Cursando,9.498580952300001,Topázio,2024,2.0,1.0,0,Adequada/adiantada (≥ 0)
RA-1024,Aluno-1024,FASE 1,1B,10.0,Feminino,2023,Pública,0.0,10.0,6.27,9.21875,9.8,8.95,5.0,Fase 2 (5° e 6° ano),-1,,7.788875,Ametista,2023,1.0,0.0,1,Moderada (−1 fase)
RA-1024,Aluno-1024,1B,1B,11.0,Feminino,2023,Pública,8.002,10.0,7.51,8.4375,10.0,8.783333333,5.0,Fase 2 (5° e 6° ano),-1,Cursando,8.6516166666,Topázio,2024,1.0,1.0,1,Moderada (−1 fase)
RA-1025,Aluno-1025,FASE 1,1B,9.0,Masculino,2023,Pública,8.5,8.9,7.52,7.65625,7.5,7.836666667,10.0,Fase 1 (3° e 4° ano),0,,8.215158333,Topázio,2023,1.0,0.0,0,Adequada/adiantada (≥ 0)
RA-1025,Aluno-1025,1A,1A,10.0,Masculino,2023,Pública,9.002,7.727272727,7.51,8.4375,9.0,7.783333333,5.0,Fase 2 (5° e 6° ano),-1,Cursando,7.897071212,Ametista,2024,1.0,1.0,1,Moderada (−1 fase)
RA-1026,Aluno-1026,FASE 1,1B,,Feminino,2023,Pública,8.5,9.8,7.52,6.40625,3.2,7.06,2.5,Fase 4 (9° ano),-3,,6.494825,Ágata,2023,1.0,0.0,1,Severa (≤ −2 fases)
RA-1027,Aluno-1027,FASE 1,1B,10.0,Feminino,2023,Pública,9.5,9.7,7.52,7.5,6.0,8.333333333,5.0,Fase 2 (5° e 6° ano),-1,,7.748866667,Ametista,2023,1.0,0.0,1,Moderada (−1 fase)
RA-1027,Aluno-1027,2B,2B,11.0,Feminino,2023,Pública,9.502,10.0,7.51,7.916666667,5.25,8.39,10.0,Fase 2 (5° e 6° ano),0,Cursando,8.220866666700001,Topázio,2024,2.0,1.0,0,Adequada/adiantada (≥ 0)
RA-1028,Aluno-1028,FASE 1,1B,11.0,Masculino,2023,Pública,0.0,9.2,7.52,7.34375,5.0,7.946666667,5.0,Fase 2 (5° e 6° ano),-1,,6.415708333,Ágata,2023,1.0,0.0,1,Moderada (−1 fase)
RA-1028,Aluno-1028,1B,1B,12.0,Masculino,2023,Pública,8.002,7.055335968,5.63,6.875,7.5,8.393333333,5.0,Fase 3 (7° e 8° ano),-2,Cursando,7.1404338602,Ametista,2024,1.0,1.0,1,Severa (≤ −2 fases)
RA-1029,Aluno-1029,FASE 1,1C,9.0,Feminino,2023,Pública,10.0,6.3,3.77,7.5,5.4,8.006666667,10.0,Fase 1 (3° e 4° ano),0,,7.058533333,Ametista,2023,1.0,0.0,0,Adequada/adiantada (≥ 0)
RA-1029,Aluno-1029,1C,1C,10.0,Feminino,2023,Pública,9.002,8.7954545455,6.885,7.5,8.75,7.25,5.0,Fase 2 (5° e 6° ano),-1,Cursando,7.797790909100001,Ametista,2024,1.0,1.0,1,Moderada (−1 fase)
RA-103,Aluno-103,4,A,13.0,Menina,2020,Rede Decisão,7.9,8.7,7.5,,7.3,7.708,10.0,Fase 3 (7º e 8º ano),1,,8.107,Topázio,2022,4.0,2.0,0,Adequada/adiantada (≥ 0)
RA-103,Aluno-103,FASE 5,5A,14.0,Feminino,2020,Privada - Programa de Apadrinhamento,8.3,9.2,5.0,8.125,7.1,8.09,10.0,Fase 4 (9° ano),1,,8.0239,Topázio,2023,5.0,3.0,0,Adequada/adiantada (≥ 0)
RA-103,Aluno-103,5A,5A,15.0,Feminino,2021,Privada - Programa de Apadrinhamento,8.334,9.603174603333335,6.26,7.875,9.166666666666666,8.872,10.0,Fase 5 (1° EM),0,Cursando,8.775268254,Topázio,2024,5.0,3.0,0,Adequada/adiantada (≥ 0)
RA-1030,Aluno-1030,FASE 1,1C,,Masculino,2023,Pública,8.5,9.7,3.77,6.875,6.9,8.39,5.0,Fase 2 (5° e 6° ano),-1,,7.4027,Ametista,2023,1.0,0.0,1,Moderada (−1 fase)
RA-1030,Aluno-1030,2D,2D,12.0,Masculino,2023,Pública,7.418,8.28320802,4.385,7.8125,8.0,7.61,10.0,Fase 2 (5° e 6° ano),0,Cursando,7.7401916040000005,Ametista,2024,2.0,1.0,0,Adequada/adiantada (≥ 0)
RA-1031,Aluno-1031,FASE 1,1D,10.0,Masculino,2023,Pública,8.0,8.8,7.52,6.666666667,5.9,7.006666667,5.0,Fase 2 (5° e 6° ano),-1,,7.0602,Ametista,2023,1.0,0.0,1,Moderada (−1 fase)
RA-1031,Aluno-1031,1C,1C,11.0,Masculino,2023,Pública,9.502,8.6363636365,7.51,5.3125,6.25,5.83,5.0,Fase 2 (5° e 6° ano),-1,Cursando,6.8757227273,Ágata,2024,1.0,1.0,1,Moderada (−1 fase)
RA-1032,Aluno-1032,FASE 1,1D,,Masculino,2023,Pública,8.5,9.5,7.52,7.291666667,6.0,7.563333333,5.0,Fase 2 (5° e 6° ano),-1,,7.434033333,Ametista,2023,1.0,0.0,1,Moderada (−1 fase)
RA-1032,Aluno-1032,1C,1C,11.0,Masculino,2023,Pública,8.502,9.75,7.51,7.8125,8.0,7.92,5.0,Fase 2 (5° e 6° ano),-1,Cursando,8.01645,Topázio,2024,1.0,1.0,1,Moderada (−1 fase)
RA-1033,Aluno-1033,FASE 1,1D,,Feminino,2023,Pública,9.0,8.9,7.52,8.125,7.9,9.006666667,5.0,Fase 2 (5° e 6° ano),-1,,8.126033333,Topázio,2023,1.0,0.0,1,Moderada (−1 fase)
RA-1034,Aluno-1034,FASE 1,1D,10.0,Masculino,2023,Pública,7.5,9.0,7.52,8.333333333,8.3,8.393333333,5.0,Fase 2 (5° e 6° ano),-1,,7.9642,Ametista,2023,1.0,0.0,1,Moderada (−1 fase)
RA-1034,Aluno-1034,2B,2B,11.0,Masculino,2023,Pública,7.502,8.0833333335,7.51,7.708333333,7.5,8.223333333,10.0,Fase 2 (5° e 6° ano),0,Cursando,8.0333666666,Topázio,2024,2.0,1.0,0,Adequada/adiantada (≥ 0)
RA-1035,Aluno-1035,FASE 1,1D,9.0,Masculino,2023,Pública,0.0,8.3,7.52,7.708333333,5.8,7.78,10.0,Fase 1 (3° e 4° ano),0,,6.888833333,Ágata,2023,1.0,0.0,0,Adequada/adiantada (≥ 0)
RA-1035,Aluno-1035,1C,1C,10.0,Masculino,2023,Pública,9.502,9.0227272725,7.51,8.4375,7.0,7.92,5.0,Fase 2 (5° e 6° ano),-1,Cursando,7.833495454500001,Ametista,2024,1.0,1.0,1,Moderada (−1 fase)
RA-1036,Aluno-1036,FASE 1,1F,11.0,Feminino,2023,Pública,0.0,9.6,3.77,9.0625,8.0,8.336666667,5.0,Fase 2 (5° e 6° ano),-1,,6.970583333,Ágata,2023,1.0,0.0,1,Moderada (−1 fase)
RA-1036,Aluno-1036,2H,2H,12.0,Feminino,2023,Pública,10.002,9.0890269155,7.51,7.65625,7.0,7.7475,10.0,Fase 2 (5° e 6° ano),0,Cursando,8.2841303831,Topázio,2024,2.0,1.0,0,Adequada/adiantada (≥ 0)
RA-1037,Aluno-1037,FASE 1,1F,10.0,Masculino,2023,Pública,9.0,8.4,7.52,8.59375,6.7,8.17,5.0,Fase 2 (5° e 6° ano),-1,,7.655575,Ametista,2023,1.0,0.0,1,Moderada (−1 fase)
RA-1038,Aluno-1038,FASE 1,1F,10.0,Feminino,2023,Privada,8.0,9.3,7.52,8.90625,6.5,8.17,5.0,Fase 2 (5° e 6° ano),-1,,7.736825,Ametista,2023,1.0,0.0,1,Moderada (−1 fase)
RA-1038,Aluno-1038,2I,2I,11.0,Feminino,2023,Pública,8.002,7.5438596495,7.51,7.5,8.5,7.273333333,10.0,Fase 2 (5° e 6° ano),0,Cursando,7.9646385965,Ametista,2024,2.0,1.0,0,Adequada/adiantada (≥ 0)
RA-1039,Aluno-1039,FASE 1,1F,,Masculino,2023,Pública,8.0,9.9,7.52,8.125,6.2,8.056666667,5.0,Fase 3 (7° e 8° ano),-2,,7.686033333,Ametista,2023,1.0,0.0,1,Severa (≤ −2 fases)
RA-1039,Aluno-1039,2I,2I,13.0,Masculino,2023,Pública,8.002,9.722222222,7.51,7.5,7.25,6.77,5.0,Fase 3 (7° e 8° ano),-1,Cursando,7.549644444400001,Ametista,2024,2.0,1.0,1,Moderada (−1 fase)
RA-104,Aluno-104,4,A,18.0,Menino,2022,Escola Pública,7.9,8.7,7.5,,3.7,6.708,2.5,Fase 8 (Universitários),-4,,6.315,Ágata,2022,4.0,0.0,1,Severa (≤ −2 fases)
RA-104,Aluno-104,FASE 5,5F,,Masculino,2022,Pública,0.0,7.7,2.52,5.625,2.6,5.6275,2.5,Fase 8 (Universitários),-3,,4.25,Quartzo,2023,5.0,1.0,1,Severa (≤ −2 fases)
RA-1040,Aluno-1040,FASE 1,1F,,Masculino,2023,Pública,10.0,9.3,7.52,7.8125,6.6,8.06,5.0,Fase 2 (5° e 6° ano),-1,,7.81545,Ametista,2023,1.0,0.0,1,Moderada (−1 fase)
RA-1040,Aluno-1040,2I,2I,12.0,Masculino,2023,Pública,9.502,8.5416666665,7.51,7.5,8.25,7.273333333,5.0,Fase 3 (7° e 8° ano),-1,Cursando,7.764199999900001,Ametista,2024,2.0,1.0,1,Moderada (−1 fase)
RA-1041,Aluno-1041,FASE 1,1F,10.0,Feminino,2023,Pública,10.0,7.2,7.52,7.8125,3.3,8.003333333,5.0,Fase 2 (5° e 6° ano),-1,,6.724116667,Ágata,2023,1.0,0.0,1,Moderada (−1 fase)
RA-1042,Aluno-1042,FASE 1,1G,,Masculino,2023,Pública,0.0,6.5,3.77,7.708333333,4.3,7.666666667,5.0,Fase 2 (5° e 6° ano),-1,,5.331166667,Quartzo,2023,1.0,0.0,1,Moderada (−1 fase)
RA-1043,Aluno-1043,FASE 1,1G,10.0,Masculino,2023,Pública,10.0,7.9,6.27,7.708333333,2.5,7.833333333,5.0,Fase 2 (5° e 6° ano),-1,,6.5447,Ágata,2023,1.0,0.0,1,Moderada (−1 fase)
RA-1043,Aluno-1043,1H,1H,11.0,Masculino,2023,Pública,10.002,7.994071146,7.51,7.291666667,8.25,6.553333333,5.0,Fase 2 (5° e 6° ano),-1,Cursando,7.539847562500002,Ametista,2024,1.0,1.0,1,Moderada (−1 fase)
RA-1044,Aluno-1044,FASE 1,1G,10.0,Feminino,2023,Pública,8.0,9.7,7.52,7.5,6.1,8.336666667,5.0,Fase 2 (5° e 6° ano),-1,,7.629533333,Ametista,2023,1.0,0.0,1,Moderada (−1 fase)
RA-1044,Aluno-1044,2G,2G,11.0,Feminino,2023,Pública,7.502,9.523809524,7.51,7.1875,7.0,7.21,10.0,Fase 2 (5° e 6° ano),0,Cursando,7.966711904800001,Ametista,2024,2.0,1.0,0,Adequada/adiantada (≥ 0)
RA-1045,Aluno-1045,FASE 1,1H,11.0,Feminino,2023,Pública,9.5,9.4,7.52,7.708333333,7.9,8.28,5.0,Fase 2 (5° e 6° ano),-1,,8.089033333,Topázio,2023,1.0,0.0,1,Moderada (−1 fase)
RA-1046,Aluno-1046,FASE 1,1H,9.0,Masculino,2023,Pública,0.0,8.5,3.77,8.541666667,6.3,8.223333333,10.0,Fase 1 (3° e 4° ano),0,,6.835833333,Ágata,2023,1.0,0.0,0,Adequada/adiantada (≥ 0)
RA-1047,Aluno-1047,FASE 1,1H,9.0,Masculino,2023,Pública,10.0,8.5,3.77,8.125,6.9,7.893333333,10.0,Fase 1 (3° e 4° ano),0,,7.848366667,Ametista,2023,1.0,0.0,0,Adequada/adiantada (≥ 0)
RA-1048,Aluno-1048,FASE 1,1H,10.0,Feminino,2023,Privada,8.5,9.5,3.77,8.541666667,8.2,8.5,5.0,Fase 2 (5° e 6° ano),-1,,7.811366667,Ametista,2023,1.0,0.0,1,Moderada (−1 fase)
RA-1048,Aluno-1048,2A,2A,11.0,Feminino,2023,Privada,8.502,6.833333333500001,6.255,7.708333333,6.25,8.283333333,10.0,Fase 1 (3° e 4° ano),1,Cursando,7.5198666666000005,Ametista,2024,2.0,1.0,0,Adequada/adiantada (≥ 0)
RA-1049,Aluno-1049,FASE 1,1H,10.0,Masculino,2023,Pública,10.0,7.7,7.52,8.125,6.3,7.943333333,5.0,Fase 2 (5° e 6° ano),-1,,7.443366667,Ametista,2023,1.0,0.0,1,Moderada (−1 fase)
RA-1049,Aluno-1049,1J,1J,11.0,Masculino,2023,Pública,9.502,8.03030303,7.51,7.65625,4.5,6.745,5.0,Fase 2 (5° e 6° ano),-1,Cursando,6.821885606,Ágata,2024,1.0,1.0,1,Moderada (−1 fase)
RA-105,Aluno-105,4,A,17.0,Menino,2016,Rede Decisão,7.9,8.2,5.6,,6.7,7.417,2.5,Fase 7 (3º EM),-3,,6.846,Ágata,2022,4.0,6.0,1,Severa (≤ −2 fases)
RA-1050,Aluno-1050,FASE 1,1H,11.0,Masculino,2023,Pública,9.0,9.2,6.27,8.125,7.2,8.223333333,5.0,Fase 2 (5° e 6° ano),-1,,7.764366667,Ametista,2023,1.0,0.0,1,Moderada (−1 fase)
RA-1051,Aluno-1051,FASE 1,1H,9.0,Feminino,2023,Pública,8.5,8.9,6.27,8.75,8.4,8.613333333,10.0,Fase 1 (3° e 4° ano),0,,8.534866667,Topázio,2023,1.0,0.0,0,Adequada/adiantada (≥ 0)
RA-1052,Aluno-1052,FASE 1,1H,,Masculino,2023,Pública,0.0,9.0,7.52,7.916666667,5.3,7.833333333,10.0,Fase 1 (3° e 4° ano),0,,6.960333333,Ágata,2023,1.0,0.0,0,Adequada/adiantada (≥ 0)
RA-1052,Aluno-1052,1J,1J,10.0,Masculino,2023,Pública,5.834,9.128787879,6.26,8.59375,8.25,8.4975,5.0,Fase 2 (5° e 6° ano),-1,Cursando,7.744032575800001,Ametista,2024,1.0,1.0,1,Moderada (−1 fase)
RA-1053,Aluno-1053,FASE 1,1J,9.0,Masculino,2023,Pública,0.0,9.1,6.27,8.958333333,8.6,8.616666667,10.0,Fase 1 (3° e 4° ano),0,,7.776166667,Ametista,2023,1.0,0.0,0,Adequada/adiantada (≥ 0)
RA-1054,Aluno-1054,FASE 1,1J,,Masculino,2023,Pública,8.5,8.6,7.52,7.5,6.6,7.836666667,5.0,Fase 3 (7° e 8° ano),-2,,7.459533333,Ametista,2023,1.0,0.0,1,Severa (≤ −2 fases)
RA-1054,Aluno-1054,2G,2G,13.0,Masculino,2023,Pública,9.502,7.3291925465,7.51,7.1875,6.25,6.75,5.0,Fase 3 (7° e 8° ano),-1,Cursando,6.985788509300001,Ágata,2024,2.0,1.0,1,Moderada (−1 fase)
RA-1055,Aluno-1055,FASE 1,1J,11.0,Masculino,2023,Pública,0.0,7.2,7.52,7.291666667,5.5,7.276666667,5.0,Fase 2 (5° e 6° ano),-1,,5.9765,Quartzo,2023,1.0,0.0,1,Moderada (−1 fase)
RA-1055,Aluno-1055,1J,1J,12.0,Masculino,2023,Pública,10.002,5.7954545455,7.51,7.1875,5.5,5.87,5.0,Fase 3 (7° e 8° ano),-2,Cursando,6.403040909100001,Ágata,2024,1.0,1.0,1,Severa (≤ −2 fases)
RA-1056,Aluno-1056,FASE 1,1K,9.0,Masculino,2023,Pública,8.5,9.6,7.52,7.96875,8.1,8.113333333,10.0,Fase 1 (3° e 4° ano),0,,8.551741667,Topázio,2023,1.0,0.0,0,Adequada/adiantada (≥ 0)
RA-1056,Aluno-1056,1L,1L,10.0,Masculino,2023,Pública,8.502,9.2857142855,7.51,9.166666667,8.25,8.335,5.0,Fase 2 (5° e 6° ano),-1,Cursando,8.192009523800001,Topázio,2024,1.0,1.0,1,Moderada (−1 fase)
RA-1057,Aluno-1057,FASE 1,1L,9.0,Feminino,2023,Pública,10.0,10.0,7.52,8.125,6.3,8.34,10.0,Fase 1 (3° e 4° ano),0,,8.4827,Topázio,2023,1.0,0.0,0,Adequada/adiantada (≥ 0)
RA-1057,Aluno-1057,1L,1L,10.0,Feminino,2023,Pública,10.002,10.0,6.26,8.75,8.0,8.17,5.0,Fase 2 (5° e 6° ano),-1,Cursando,8.2352,Topázio,2024,1.0,1.0,1,Moderada (−1 fase)
RA-1058,Aluno-1058,FASE 1,1L,,Feminino,2023,Pública,10.0,8.7,3.14,7.083333333,5.4,7.62,10.0,Fase 1 (3° e 4° ano),0,,7.356533333,Ametista,2023,1.0,0.0,0,Adequada/adiantada (≥ 0)
RA-1058,Aluno-1058,1K,1K,10.0,Feminino,2023,Pública,9.168,8.095238095,6.88,8.125,7.75,8.085,5.0,Fase 2 (5° e 6° ano),-1,Cursando,7.703347619,Ametista,2024,1.0,1.0,1,Moderada (−1 fase)
RA-1059,Aluno-1059,FASE 1,1M,,Masculino,2023,Pública,10.0,9.8,2.52,7.96875,7.6,8.673333333,5.0,Fase 2 (5° e 6° ano),-1,,7.763741667,Ametista,2023,1.0,0.0,1,Moderada (−1 fase)
RA-1059,Aluno-1059,2M,2M,11.0,Masculino,2023,Pública,8.002,10.0,6.26,9.0625,7.5,9.23,10.0,Fase 2 (5° e 6° ano),0,Cursando,8.678450000000002,Topázio,2024,2.0,1.0,0,Adequada/adiantada (≥ 0)
RA-106,Aluno-106,4,A,15.0,Menina,2016,Rede Decisão,9.2,8.0,9.4,,7.4,8.375,5.0,Fase 5 (1º EM),-1,,7.973,Ametista,2022,4.0,6.0,1,Moderada (−1 fase)
RA-106,Aluno-106,FASE 5,5A,15.0,Feminino,2016,Privada - Programa de Apadrinhamento,7.9,9.1,5.0,7.03125,7.3,7.5075,10.0,Fase 5 (1° EM),0,,7.769658333,Ametista,2023,5.0,7.0,0,Adequada/adiantada (≥ 0)
RA-106,Aluno-106,6A,6A,16.0,Feminino,2021,Privada - Programa de Apadrinhamento,9.168,8.761904762,5.635,7.8125,5.666666666666667,7.872,10.0,Fase 6 (2° EM),0,Cursando,7.721664285733334,Ametista,2024,6.0,3.0,0,Adequada/adiantada (≥ 0)
RA-1060,Aluno-1060,FASE 1,1M,,Masculino,2023,Pública,9.0,8.6,3.14,7.96875,5.7,8.673333333,5.0,Fase 2 (5° e 6° ano),-1,,7.095741667,Ametista,2023,1.0,0.0,1,Moderada (−1 fase)
RA-1060,Aluno-1060,2M,2M,12.0,Masculino,2023,Pública,9.585,6.0,6.26,7.8125,3.25,6.163333333,10.0,Fase 2 (5° e 6° ano),0,Cursando,6.448416666600001,Ágata,2024,2.0,1.0,0,Adequada/adiantada (≥ 0)
RA-1061,Aluno-1061,FASE 1,1M,10.0,Masculino,2023,Pública,9.5,9.7,3.14,8.75,9.3,8.836666667,5.0,Fase 2 (5° e 6° ano),-1,,8.196533333,Topázio,2023,1.0,0.0,1,Moderada (−1 fase)
RA-1061,Aluno-1061,2M,2M,11.0,Masculino,2023,Pública,8.502,10.0,6.26,8.4375,8.5,8.73,10.0,Fase 2 (5° e 6° ano),0,Cursando,8.76595,Topázio,2024,2.0,1.0,0,Adequada/adiantada (≥ 0)
RA-1062,Aluno-1062,FASE 1,1M,,Masculino,2023,Pública,7.4,7.7,3.77,8.59375,6.2,8.503333333,10.0,Fase 1 (3° e 4° ano),0,,7.448841667,Ametista,2023,1.0,0.0,0,Adequada/adiantada (≥ 0)
RA-1062,Aluno-1062,1L,1L,10.0,Masculino,2023,Pública,8.002,9.047619048,5.63,8.75,7.25,8.085,5.0,Fase 2 (5° e 6° ano),-1,Cursando,7.6147238096,Ametista,2024,1.0,1.0,1,Moderada (−1 fase)
RA-1063,Aluno-1063,FASE 1,1N,,Masculino,2023,Privada - Programa de Apadrinhamento,9.5,9.5,7.52,6.40625,5.9,7.89,5.0,Fase 2 (5° e 6° ano),-1,,7.490825,Ametista,2023,1.0,0.0,1,Moderada (−1 fase)
RA-1063,Aluno-1063,2N,2N,12.0,Masculino,2023,Pública,5.25,9.75,7.51,7.8125,7.75,6.11,5.0,Fase 3 (7° e 8° ano),-1,Cursando,7.279250000000001,Ametista,2024,2.0,1.0,1,Moderada (−1 fase)
RA-1064,Aluno-1064,FASE 1,1N,10.0,Masculino,2023,Pública,8.5,9.8,7.52,9.375,8.6,8.84,5.0,Fase 2 (5° e 6° ano),-1,,8.4777,Topázio,2023,1.0,0.0,1,Moderada (−1 fase)
RA-1064,Aluno-1064,2N,2N,11.0,Masculino,2023,Pública,9.502,9.7368421055,7.51,8.75,8.5,8.783333333,10.0,Fase 2 (5° e 6° ano),0,Cursando,8.9802350877,Topázio,2024,2.0,1.0,0,Adequada/adiantada (≥ 0)
RA-1065,Aluno-1065,FASE 1,1N,,Feminino,2023,Pública,8.5,9.6,7.52,8.4375,7.0,8.84,5.0,Fase 2 (5° e 6° ano),-1,,8.03395,Topázio,2023,1.0,0.0,1,Moderada (−1 fase)
RA-1065,Aluno-1065,2N,2N,11.0,Feminino,2023,Pública,9.502,8.8152173915,6.26,9.0625,9.25,8.84,10.0,Fase 2 (5° e 6° ano),0,Cursando,8.8634934783,Topázio,2024,2.0,1.0,0,Adequada/adiantada (≥ 0)
RA-1066,Aluno-1066,FASE 1,1N,10.0,Feminino,2023,Pública,8.5,6.6,7.52,8.4375,6.2,8.783333333,5.0,Fase 2 (5° e 6° ano),-1,,7.262616667,Ametista,2023,1.0,0.0,1,Moderada (−1 fase)
RA-1066,Aluno-1066,2L,2L,11.0,Feminino,2023,Pública,9.502,8.3954451345,6.26,7.5,7.25,7.386666667,10.0,Fase 2 (5° e 6° ano),0,Cursando,7.9326223603,Ametista,2024,2.0,1.0,0,Adequada/adiantada (≥ 0)
RA-1067,Aluno-1067,FASE 1,1N,10.0,Masculino,2023,Pública,0.0,7.9,7.52,8.28125,5.4,9.006666667,5.0,Fase 2 (5° e 6° ano),-1,,6.541458333,Ágata,2023,1.0,0.0,1,Moderada (−1 fase)
RA-1067,Aluno-1067,1K,1K,11.0,Masculino,2023,Pública,10.002,8.333333332999999,7.51,8.541666667,6.75,8.59,5.0,Fase 2 (5° e 6° ano),-1,Cursando,7.840033333300001,Ametista,2024,1.0,1.0,1,Moderada (−1 fase)
RA-1068,Aluno-1068,FASE 1,1P,,Masculino,2023,Pública,8.5,9.3,6.89,9.166666667,9.0,9.283333333,5.0,Fase 2 (5° e 6° ano),-1,,8.472533333,Topázio,2023,1.0,0.0,1,Moderada (−1 fase)
RA-1068,Aluno-1068,2R,2R,11.0,Masculino,2023,Pública,9.502,9.068181818,7.51,8.541666667,9.5,8.73,10.0,Fase 2 (5° e 6° ano),0,Cursando,9.0150030303,Topázio,2024,2.0,1.0,0,Adequada/adiantada (≥ 0)
RA-1069,Aluno-1069,FASE 1,1P,11.0,Masculino,2023,Pública,9.0,7.8,7.52,8.125,7.1,8.226666667,5.0,Fase 2 (5° e 6° ano),-1,,7.590033333,Ametista,2023,1.0,0.0,1,Moderada (−1 fase)
RA-1069,Aluno-1069,2K,2K,12.0,Masculino,2023,Pública,9.002,7.0760869565,7.51,8.125,6.25,7.75,10.0,Fase 2 (5° e 6° ano),0,Cursando,7.678917391300001,Ametista,2024,2.0,1.0,0,Adequada/adiantada (≥ 0)
RA-107,Aluno-107,4,A,15.0,Menina,2018,Escola Pública,7.5,6.4,7.5,,4.6,6.5,5.0,Fase 5 (1º EM),-1,,6.258,Ágata,2022,4.0,4.0,1,Moderada (−1 fase)
RA-107,Aluno-107,FASE 5,5C,15.0,Feminino,2018,Pública,0.0,8.5,5.0,7.34375,7.0,7.5875,10.0,Fase 5 (1° EM),0,,6.845208333,Ágata,2023,5.0,5.0,0,Adequada/adiantada (≥ 0)
RA-107,Aluno-107,5D,5D,16.0,Feminino,2021,Pública,7.5,7.9949874686666655,7.51,7.5,4.666666666666667,6.964,5.0,Fase 6 (2° EM),-1,Cursando,6.676130827066667,Ágata,2024,5.0,3.0,1,Moderada (−1 fase)
RA-1070,Aluno-1070,FASE 1,1P,11.0,Masculino,2023,Pública,9.0,7.8,3.14,7.708333333,5.8,8.67,5.0,Fase 2 (5° e 6° ano),-1,,6.939033333,Ágata,2023,1.0,0.0,1,Moderada (−1 fase)
RA-1070,Aluno-1070,1P,1P,12.0,Masculino,2023,Pública,9.002,9.3073593075,5.635,6.875,2.25,6.6225,5.0,Fase 2 (5° e 6° ano),-1,Cursando,6.287171861500001,Ágata,2024,1.0,1.0,1,Moderada (−1 fase)
RA-1071,Aluno-1071,FASE 1,1R,11.0,Masculino,2023,Pública,9.0,8.6,7.52,5.625,3.5,6.396666667,5.0,Fase 2 (5° e 6° ano),-1,,6.414033333,Ágata,2023,1.0,0.0,1,Moderada (−1 fase)
RA-1071,Aluno-1071,2R,2R,12.0,Masculino,2023,Pública,8.002,4.188311688500001,7.51,4.166666667,4.5,2.996666667,5.0,Fase 3 (7° e 8° ano),-1,Cursando,4.8048623378,Quartzo,2024,2.0,1.0,1,Moderada (−1 fase)
RA-1072,Aluno-1072,FASE 2,2A,11.0,Masculino,2023,Pública,9.0,8.6,5.0,8.125,6.7,8.7125,10.0,Fase 2 (5° e 6° ano),0,,8.0152,Topázio,2023,2.0,0.0,0,Adequada/adiantada (≥ 0)
RA-1072,Aluno-1072,3B,3B,12.0,Masculino,2023,Pública,8.751,5.627886710333333,8.755,7.96875,8.166666666666666,7.545,10.0,Fase 3 (7° e 8° ano),0,Cursando,7.8153856754,Ametista,2024,3.0,1.0,0,Adequada/adiantada (≥ 0)
RA-1073,Aluno-1073,FASE 2,2A,,Feminino,2023,Pública,0.0,8.8,2.52,8.333333333,6.2,9.045,5.0,Fase 3 (7° e 8° ano),-1,,6.384333333,Ágata,2023,2.0,0.0,1,Moderada (−1 fase)
RA-1073,Aluno-1073,3A,3A,13.0,Feminino,2022,Pública,9.168,6.370972886666667,7.5,6.875,6.5,5.7875,10.0,Fase 3 (7° e 8° ano),0,Cursando,7.0859945773333335,Ametista,2024,3.0,2.0,0,Adequada/adiantada (≥ 0)
RA-1074,Aluno-1074,FASE 2,2A,12.0,Feminino,2023,Pública,0.0,9.8,2.52,7.083333333,6.0,7.8775,5.0,Fase 3 (7° e 8° ano),-1,,6.195833333,Ágata,2023,2.0,0.0,1,Moderada (−1 fase)
RA-1075,Aluno-1075,FASE 2,2A,12.0,Feminino,2023,Pública,0.0,9.6,5.0,7.708333333,5.5,9.0025,5.0,Fase 3 (7° e 8° ano),-1,,6.591333333,Ágata,2023,2.0,0.0,1,Moderada (−1 fase)
RA-1075,Aluno-1075,2A,2A,13.0,Feminino,2023,Pública,7.5,8.5154061625,3.755,7.708333333,6.0,7.553333333,5.0,Fase 3 (7° e 8° ano),-1,Cursando,6.8100812324,Ágata,2024,2.0,1.0,1,Moderada (−1 fase)
RA-1076,Aluno-1076,FASE 2,2A,,Feminino,2023,Pública,9.0,9.7,2.52,8.333333333,8.5,8.8775,5.0,Fase 3 (7° e 8° ano),-1,,7.901033333,Ametista,2023,2.0,0.0,1,Moderada (−1 fase)
RA-1076,Aluno-1076,3A,3A,13.0,Feminino,2021,Pública,8.334,7.777033492666668,8.125,7.03125,6.333333333333333,6.5425,10.0,Fase 3 (7° e 8° ano),0,Cursando,7.479598365200001,Ametista,2024,3.0,3.0,0,Adequada/adiantada (≥ 0)
RA-1077,Aluno-1077,FASE 2,2B,,Masculino,2023,Pública,0.0,9.7,2.52,8.75,7.3,8.4225,10.0,Fase 2 (5° e 6° ano),0,,7.2115,Ametista,2023,2.0,0.0,0,Adequada/adiantada (≥ 0)
RA-1077,Aluno-1077,3D,3D,12.0,Masculino,2023,Pública,0.0,7.703703703666666,6.885,6.40625,2.0,6.37,10.0,Fase 3 (7° e 8° ano),0,Cursando,5.543865740733334,Quartzo,2024,3.0,1.0,0,Adequada/adiantada (≥ 0)
RA-1078,Aluno-1078,FASE 2,2B,14.0,Masculino,2023,Pública,5.3,6.8,2.52,8.958333333,6.4,8.2975,5.0,Fase 4 (9° ano),-2,,6.472333333,Ágata,2023,2.0,0.0,1,Severa (≤ −2 fases)
RA-1079,Aluno-1079,FASE 2,2B,,Masculino,2023,Pública,9.0,8.1,2.52,7.083333333,7.6,7.13,5.0,Fase 3 (7° e 8° ano),-1,,6.916533333,Ágata,2023,2.0,0.0,1,Moderada (−1 fase)
RA-1079,Aluno-1079,3B,3B,13.0,Masculino,2023,Pública,7.5,4.516498316333333,2.51,4.21875,6.333333333333333,4.1625,10.0,Fase 3 (7° e 8° ano),0,Cursando,5.4253413299333335,Quartzo,2024,3.0,1.0,0,Adequada/adiantada (≥ 0)
RA-108,Aluno-108,4,A,17.0,Menina,2019,Escola Pública,4.6,7.7,5.0,,5.0,6.125,2.5,Fase 7 (3º EM),-3,,5.547,Quartzo,2022,4.0,3.0,1,Severa (≤ −2 fases)
RA-108,Aluno-108,FASE 5,5B,,Feminino,2019,Concluiu o 3º EM,5.8,7.3,2.52,4.375,2.9,5.59,5.0,Fase 7 (3° EM),-2,,4.9308,Quartzo,2023,5.0,4.0,1,Severa (≤ −2 fases)
RA-1080,Aluno-1080,FASE 2,2B,12.0,Masculino,2023,Pública,7.9,10.0,5.0,8.541666667,1.5,8.13,5.0,Fase 3 (7° e 8° ano),-1,,6.571966667,Ágata,2023,2.0,0.0,1,Moderada (−1 fase)
RA-1081,Aluno-1081,FASE 2,2B,14.0,Feminino,2023,Pública,10.0,10.0,2.52,8.958333333,6.5,8.59,5.0,Fase 4 (9° ano),-2,,7.666033333,Ametista,2023,2.0,0.0,1,Severa (≤ −2 fases)
RA-1081,Aluno-1081,4C,4C,15.0,Feminino,2023,Privada - Programa de Apadrinhamento,6.667,9.523809523666666,5.005,9.166666667,8.833333333333334,8.95,10.0,Fase 4 (9° ano),0,Cursando,8.5452952381,Topázio,2024,4.0,1.0,0,Adequada/adiantada (≥ 0)
RA-1082,Aluno-1082,FASE 2,2B,,Feminino,2023,Pública,9.5,9.5,2.52,8.75,5.0,8.4225,5.0,Fase 3 (7° e 8° ano),-1,,7.1617,Ametista,2023,2.0,0.0,1,Moderada (−1 fase)
RA-1082,Aluno-1082,2A,2A,13.0,Feminino,2023,Pública,7.502,7.5714285715,10.0,7.083333333,3.75,6.943333333,5.0,Fase 3 (7° e 8° ano),-1,Cursando,6.6114857142,Ágata,2024,2.0,1.0,1,Moderada (−1 fase)
RA-1083,Aluno-1083,FASE 2,2B,10.0,Feminino,2023,Pública,6.8,10.0,5.0,8.75,7.5,8.38,10.0,Fase 2 (5° e 6° ano),0,,8.2345,Topázio,2023,2.0,0.0,0,Adequada/adiantada (≥ 0)
RA-1084,Aluno-1084,FASE 2,2B,11.0,Feminino,2023,Pública,8.4,10.0,2.52,8.75,6.8,8.38,10.0,Fase 2 (5° e 6° ano),0,,7.9948,Ametista,2023,2.0,0.0,0,Adequada/adiantada (≥ 0)
RA-1084,Aluno-1084,3A,3A,12.0,Feminino,2023,Pública,8.751,7.705263158,5.63,7.03125,3.6666666666666665,7.4575,10.0,Fase 3 (7° e 8° ano),0,Cursando,6.9071109649333335,Ágata,2024,3.0,1.0,0,Adequada/adiantada (≥ 0)
RA-1085,Aluno-1085,FASE 2,2C,12.0,Feminino,2023,Pública,0.0,9.8,2.52,8.958333333,6.7,8.13,5.0,Fase 3 (7° e 8° ano),-1,,6.563833333,Ágata,2023,2.0,0.0,1,Moderada (−1 fase)
RA-1086,Aluno-1086,FASE 2,2C,12.0,Feminino,2023,Pública,8.5,9.4,2.52,8.75,5.7,8.755,5.0,Fase 3 (7° e 8° ano),-1,,7.2382,Ametista,2023,2.0,0.0,1,Moderada (−1 fase)
RA-1087,Aluno-1087,FASE 2,2C,12.0,Feminino,2023,Pública,10.0,9.5,2.52,8.75,5.4,8.0475,5.0,Fase 3 (7° e 8° ano),-1,,7.2067,Ametista,2023,2.0,0.0,1,Moderada (−1 fase)
RA-1087,Aluno-1087,3B,3B,13.0,Feminino,2023,Pública,7.917,8.393265993333333,8.755,7.1875,2.6666666666666665,6.58,10.0,Fase 3 (7° e 8° ano),0,Cursando,6.913936532,Ágata,2024,3.0,1.0,0,Adequada/adiantada (≥ 0)
RA-1088,Aluno-1088,FASE 2,2C,13.0,Masculino,2023,Pública,9.5,9.8,2.52,8.75,6.8,7.9225,5.0,Fase 3 (7° e 8° ano),-1,,7.4717,Ametista,2023,2.0,0.0,1,Moderada (−1 fase)
RA-1089,Aluno-1089,FASE 2,2C,,Feminino,2023,Pública,9.0,9.5,2.52,8.75,7.0,8.3375,10.0,Fase 2 (5° e 6° ano),0,,7.9947,Ametista,2023,2.0,0.0,0,Adequada/adiantada (≥ 0)
RA-1089,Aluno-1089,3D,3D,12.0,Feminino,2023,Pública,9.168,7.039682539666667,8.13,7.1875,6.833333333333333,6.995,10.0,Fase 3 (7° e 8° ano),0,Cursando,7.6221531746,Ametista,2024,3.0,1.0,0,Adequada/adiantada (≥ 0)
RA-109,Aluno-109,4,A,16.0,Menino,2021,Rede Decisão,8.8,10.0,8.8,,8.4,8.667,5.0,Fase 6 (2º EM),-2,,8.512,Topázio,2022,4.0,1.0,1,Severa (≤ −2 fases)
RA-109,Aluno-109,FASE 6,6A,,Masculino,2021,Privada - Programa de Apadrinhamento,8.3,9.9,7.52,8.75,8.3,8.59,5.0,Fase 7 (3° EM),-1,,8.3184,Topázio,2023,6.0,2.0,1,Moderada (−1 fase)
RA-1090,Aluno-1090,FASE 2,2C,13.0,Masculino,2023,Pública,9.0,9.6,2.52,8.958333333,9.0,7.88,5.0,Fase 3 (7° e 8° ano),-1,,7.844033333,Ametista,2023,2.0,0.0,1,Moderada (−1 fase)
RA-1090,Aluno-1090,3D,3D,14.0,Masculino,2023,Pública,9.585,7.621832358666666,7.51,7.8125,6.333333333333333,7.4175,10.0,Fase 3 (7° e 8° ano),0,Cursando,7.7652831384,Ametista,2024,3.0,1.0,0,Adequada/adiantada (≥ 0)
RA-1091,Aluno-1091,FASE 2,2C,12.0,Masculino,2023,Pública,8.5,9.0,2.52,8.958333333,9.5,9.1725,5.0,Fase 3 (7° e 8° ano),-1,,8.032533333,Topázio,2023,2.0,0.0,1,Moderada (−1 fase)
RA-1092,Aluno-1092,FASE 2,2C,12.0,Masculino,2023,Pública,7.8,9.8,2.52,8.75,6.9,8.2975,5.0,Fase 3 (7° e 8° ano),-1,,7.41,Ametista,2023,2.0,0.0,1,Moderada (−1 fase)
RA-1093,Aluno-1093,FASE 2,2C,11.0,Masculino,2023,Pública,7.0,9.3,2.52,8.958333333,9.2,8.2975,10.0,Fase 2 (5° e 6° ano),0,,8.197533333,Topázio,2023,2.0,0.0,0,Adequada/adiantada (≥ 0)
RA-1093,Aluno-1093,3D,3D,12.0,Masculino,2023,Pública,7.5,7.722222222333333,8.13,8.90625,8.666666666666666,8.8825,10.0,Fase 3 (7° e 8° ano),0,Cursando,8.5079027778,Topázio,2024,3.0,1.0,0,Adequada/adiantada (≥ 0)
RA-1094,Aluno-1094,FASE 2,2C,11.0,Feminino,2023,Pública,7.8,9.5,2.52,8.75,8.5,8.3375,10.0,Fase 2 (5° e 6° ano),0,,8.1779,Topázio,2023,2.0,0.0,0,Adequada/adiantada (≥ 0)
RA-1094,Aluno-1094,3D,3D,12.0,Feminino,2023,Pública,9.168,9.523809523666666,2.51,8.4375,7.333333333333333,8.1675,10.0,Fase 3 (7° e 8° ano),0,Cursando,8.0164785714,Topázio,2024,3.0,1.0,0,Adequada/adiantada (≥ 0)
RA-1095,Aluno-1095,FASE 2,2C,,Masculino,2023,Pública,0.0,9.8,2.52,8.75,5.3,8.005,5.0,Fase 3 (7° e 8° ano),-1,,6.238,Ágata,2023,2.0,0.0,1,Moderada (−1 fase)
RA-1095,Aluno-1095,3D,3D,14.0,Masculino,2023,Pública,7.5,7.84502924,7.51,5.46875,2.3333333333333335,5.125,10.0,Fase 3 (7° e 8° ano),0,Cursando,6.108547514666667,Ágata,2024,3.0,1.0,0,Adequada/adiantada (≥ 0)
RA-1096,Aluno-1096,FASE 2,2D,,Feminino,2023,Pública,9.5,9.9,2.52,8.958333333,9.6,8.0875,10.0,Fase 2 (5° e 6° ano),0,,8.615533333,Topázio,2023,2.0,0.0,0,Adequada/adiantada (≥ 0)
RA-1096,Aluno-1096,3B,3B,11.0,Feminino,2023,Pública,9.168,9.866666666666667,8.755,9.0625,8.5,9.09,10.0,Fase 2 (5° e 6° ano),1,Cursando,9.189883333333334,Topázio,2024,3.0,1.0,0,Adequada/adiantada (≥ 0)
RA-1097,Aluno-1097,FASE 2,2D,,Masculino,2023,Pública,9.5,8.6,5.0,8.125,5.4,6.96,5.0,Fase 4 (9° ano),-2,,6.9547,Ágata,2023,2.0,0.0,1,Severa (≤ −2 fases)
RA-1097,Aluno-1097,3C,3C,15.0,Masculino,2023,Pública,10.002,4.849791144666667,6.25,6.041666667,3.0,5.88,5.0,Fase 4 (9° ano),-1,Cursando,5.475324895633334,Quartzo,2024,3.0,1.0,1,Moderada (−1 fase)
RA-1098,Aluno-1098,FASE 2,2D,13.0,Feminino,2023,Pública,9.5,9.5,2.52,8.125,6.4,7.92,5.0,Fase 3 (7° e 8° ano),-1,,7.2787,Ametista,2023,2.0,0.0,1,Moderada (−1 fase)
RA-1098,Aluno-1098,3D,3D,14.0,Feminino,2023,Pública,8.751,5.822406257,7.51,7.34375,3.5,6.7475,10.0,Fase 3 (7° e 8° ano),0,Cursando,6.5744562514,Ágata,2024,3.0,1.0,0,Adequada/adiantada (≥ 0)
RA-1099,Aluno-1099,FASE 2,2F,13.0,Feminino,2023,Pública,9.0,9.6,2.52,8.333333333,5.2,8.34,5.0,Fase 3 (7° e 8° ano),-1,,7.113533333,Ametista,2023,2.0,0.0,1,Moderada (−1 fase)
RA-1099,Aluno-1099,3G,3G,14.0,Feminino,2023,Pública,8.334,8.133333333333333,10.0,7.8125,3.8333333333333335,6.6225,10.0,Fase 3 (7° e 8° ano),0,Cursando,7.332483333333334,Ametista,2024,3.0,1.0,0,Adequada/adiantada (≥ 0)
RA-11,Aluno-11,7,A,18.0,Menina,2016,Escola Pública,9.2,4.2,5.0,,3.0,6.389,5.0,Fase 8 (Universitários),-1,,5.323,Quartzo,2022,7.0,6.0,1,Moderada (−1 fase)
RA-110,Aluno-110,4,A,14.0,Menino,2017,Rede Decisão,9.2,9.7,5.6,,6.7,8.0,10.0,Fase 4 (9º ano),0,,8.15,Topázio,2022,4.0,5.0,0,Adequada/adiantada (≥ 0)
RA-110,Aluno-110,FASE 5,5A,15.0,Masculino,2017,Privada - Programa de Apadrinhamento,8.3,8.6,5.0,8.75,7.5,8.2975,10.0,Fase 5 (1° EM),0,,8.0879,Topázio,2023,5.0,6.0,0,Adequada/adiantada (≥ 0)
RA-110,Aluno-110,5A,5A,16.0,Masculino,2021,Privada - Programa de Apadrinhamento,9.168,9.696969697,6.255,7.5,8.5,8.504,10.0,Fase 5 (1° EM),0,Cursando,8.6324939394,Topázio,2024,5.0,3.0,0,Adequada/adiantada (≥ 0)
RA-1100,Aluno-1100,FASE 2,2F,,Masculino,2023,Pública,10.0,9.2,5.0,8.541666667,7.1,8.283333333,10.0,Fase 2 (5° e 6° ano),0,,8.261033333,Topázio,2023,2.0,0.0,0,Adequada/adiantada (≥ 0)
RA-1100,Aluno-1100,3G,3G,12.0,Masculino,2023,Pública,7.5,7.1000000000000005,7.51,6.71875,4.666666666666667,5.6175,10.0,Fase 2 (5° e 6° ano),1,Cursando,6.649708333333334,Ágata,2024,3.0,1.0,0,Adequada/adiantada (≥ 0)
RA-1101,Aluno-1101,FASE 2,2F,,Masculino,2023,Pública,0.0,7.2,5.0,8.333333333,5.3,8.116666667,10.0,Fase 2 (5° e 6° ano),0,,6.446666667,Ágata,2023,2.0,0.0,0,Adequada/adiantada (≥ 0)
RA-1102,Aluno-1102,FASE 2,2F,,Masculino,2023,Pública,9.5,9.5,5.0,7.708333333,7.5,7.56,10.0,Fase 2 (5° e 6° ano),0,,8.123033333,Topázio,2023,2.0,0.0,0,Adequada/adiantada (≥ 0)
RA-1102,Aluno-1102,3H,3H,12.0,Masculino,2023,Pública,8.751,9.390476190333333,8.13,5.9375,9.333333333333334,7.07,10.0,Fase 2 (5° e 6° ano),1,Cursando,8.440611904733334,Topázio,2024,3.0,1.0,0,Adequada/adiantada (≥ 0)
RA-1103,Aluno-1103,FASE 2,2F,10.0,Masculino,2023,Pública,9.0,8.7,5.0,8.333333333,5.0,8.006666667,10.0,Fase 2 (5° e 6° ano),0,,7.574866667,Ametista,2023,2.0,0.0,0,Adequada/adiantada (≥ 0)
RA-1103,Aluno-1103,2H,2H,11.0,Masculino,2023,Pública,8.502,7.763975155000001,7.51,7.5,7.25,7.54,10.0,Fase 2 (5° e 6° ano),0,Cursando,7.861995031000001,Ametista,2024,2.0,1.0,0,Adequada/adiantada (≥ 0)
RA-1104,Aluno-1104,FASE 2,2G,13.0,Feminino,2023,Pública,5.7,10.0,2.52,8.541666667,6.4,9.063333333,5.0,Fase 3 (7° e 8° ano),-1,,7.265533333,Ametista,2023,2.0,0.0,1,Moderada (−1 fase)
RA-1105,Aluno-1105,FASE 2,2G,13.0,Feminino,2023,Pública,0.0,9.0,2.52,8.125,6.0,8.673333333,5.0,Fase 3 (7° e 8° ano),-1,,6.299166667,Ágata,2023,2.0,0.0,1,Moderada (−1 fase)
RA-1106,Aluno-1106,FASE 2,2H,12.0,Masculino,2023,Pública,8.5,9.3,5.0,8.333333333,5.1,8.003333333,5.0,Fase 3 (7° e 8° ano),-1,,7.1642,Ametista,2023,2.0,0.0,1,Moderada (−1 fase)
RA-1106,Aluno-1106,3F,3F,13.0,Masculino,2023,Pública,8.334,5.4312354313333335,7.51,7.65625,0.0,7.5,10.0,Fase 3 (7° e 8° ano),0,Cursando,5.936272086266667,Quartzo,2024,3.0,1.0,0,Adequada/adiantada (≥ 0)
RA-1107,Aluno-1107,FASE 2,2H,12.0,Feminino,2023,Pública,9.0,9.4,5.0,8.958333333,7.5,8.783333333,5.0,Fase 3 (7° e 8° ano),-1,,7.9327,Ametista,2023,2.0,0.0,1,Moderada (−1 fase)
RA-1107,Aluno-1107,3G,3G,13.0,Feminino,2023,Pública,8.751,6.2,2.51,7.5,2.5,6.785,10.0,Fase 3 (7° e 8° ano),0,Cursando,5.9731,Quartzo,2024,3.0,1.0,0,Adequada/adiantada (≥ 0)
RA-1108,Aluno-1108,FASE 2,2H,12.0,Masculino,2023,Pública,0.0,9.3,5.0,8.541666667,4.7,8.283333333,5.0,Fase 3 (7° e 8° ano),-1,,6.310833333,Ágata,2023,2.0,0.0,1,Moderada (−1 fase)
RA-1108,Aluno-1108,3F,3F,13.0,Masculino,2023,Pública,9.168,3.7546583853333337,8.13,7.1875,3.6666666666666665,5.422,10.0,Fase 3 (7° e 8° ano),0,Cursando,6.017215010400001,Ágata,2024,3.0,1.0,0,Adequada/adiantada (≥ 0)
RA-1109,Aluno-1109,FASE 2,2H,14.0,Masculino,2023,Pública,10.0,6.4,5.0,7.5,3.4,7.836666667,5.0,Fase 4 (9° ano),-2,,6.277533333,Ágata,2023,2.0,0.0,1,Severa (≤ −2 fases)
RA-111,Aluno-111,4,A,13.0,Menina,2020,Rede Decisão,7.5,9.4,8.1,,8.0,8.667,10.0,Fase 3 (7º e 8º ano),1,,8.646,Topázio,2022,4.0,2.0,0,Adequada/adiantada (≥ 0)
RA-111,Aluno-111,FASE 5,5A,14.0,Feminino,2020,Privada - Programa de Apadrinhamento,7.5,8.7,5.0,7.65625,6.0,8.0875,10.0,Fase 4 (9° ano),1,,7.566458333,Ametista,2023,5.0,3.0,0,Adequada/adiantada (≥ 0)
RA-111,Aluno-111,5B,5B,15.0,Feminino,2021,Privada - Programa de Apadrinhamento,9.168,9.488636363666666,6.26,8.125,8.333333333333334,8.74,10.0,Fase 5 (1° EM),0,Cursando,8.667693939400001,Topázio,2024,5.0,3.0,0,Adequada/adiantada (≥ 0)
RA-1110,Aluno-1110,FASE 2,2H,12.0,Feminino,2023,Pública,4.6,9.2,5.0,8.541666667,6.8,8.73,5.0,Fase 3 (7° e 8° ano),-1,,7.248566667,Ametista,2023,2.0,0.0,1,Moderada (−1 fase)
RA-1111,Aluno-1111,FASE 2,2I,,Feminino,2023,Pública,0.0,8.9,2.52,8.125,5.4,8.173333333,10.0,Fase 2 (5° e 6° ano),0,,6.559166667,Ágata,2023,2.0,0.0,0,Adequada/adiantada (≥ 0)
RA-1111,Aluno-1111,3F,3F,12.0,Feminino,2023,Pública,6.249,4.600414078666667,7.5,6.5625,5.0,5.824,10.0,Fase 2 (5° e 6° ano),1,Cursando,6.116032815733334,Ágata,2024,3.0,1.0,0,Adequada/adiantada (≥ 0)
RA-1112,Aluno-1112,FASE 2,2I,12.0,Masculino,2023,Pública,9.5,7.9,2.52,8.333333333,6.3,8.616666667,5.0,Fase 3 (7° e 8° ano),-1,,7.088866667,Ametista,2023,2.0,0.0,1,Moderada (−1 fase)
RA-1112,Aluno-1112,3I,3I,13.0,Masculino,2023,Pública,9.585,9.02791197,8.135,5.375,4.0,4.705,10.0,Fase 3 (7° e 8° ano),0,Cursando,6.8560823939999995,Ágata,2024,3.0,1.0,0,Adequada/adiantada (≥ 0)
RA-1113,Aluno-1113,FASE 2,2K,,Masculino,2023,Pública,0.0,6.0,7.52,7.5,5.0,7.173333333,5.0,Fase 3 (7° e 8° ano),-1,,5.636666667,Quartzo,2023,2.0,0.0,1,Moderada (−1 fase)
RA-1114,Aluno-1114,FASE 2,2K,11.0,Feminino,2023,Pública,8.5,9.8,2.52,8.125,4.9,8.56,10.0,Fase 2 (5° e 6° ano),0,,7.5667,Ametista,2023,2.0,0.0,0,Adequada/adiantada (≥ 0)
RA-1114,Aluno-1114,3M,3M,12.0,Feminino,2023,Pública,8.751,9.533333333333333,2.51,8.375,5.0,7.836,10.0,Fase 3 (7° e 8° ano),0,Cursando,7.437466666666667,Ametista,2024,3.0,1.0,0,Adequada/adiantada (≥ 0)
RA-1115,Aluno-1115,FASE 2,2K,,Feminino,2023,Pública,0.0,8.3,7.52,7.5,4.0,7.56,10.0,Fase 2 (5° e 6° ano),0,,6.474,Ágata,2023,2.0,0.0,0,Adequada/adiantada (≥ 0)
RA-1115,Aluno-1115,2M,2M,12.0,Feminino,2023,Pública,8.002,4.2676767675,7.51,7.5,6.25,5.826666667,10.0,Fase 2 (5° e 6° ano),0,Cursando,6.570068686900001,Ágata,2024,2.0,1.0,0,Adequada/adiantada (≥ 0)
RA-1116,Aluno-1116,FASE 2,2K,13.0,Masculino,2023,Pública,9.5,9.2,5.0,7.083333333,4.9,7.39,5.0,Fase 3 (7° e 8° ano),-1,,6.956533333,Ágata,2023,2.0,0.0,1,Moderada (−1 fase)
RA-1116,Aluno-1116,3M,3M,15.0,Masculino,2023,Pública,0.0,3.3555555556666667,6.26,5.125,2.3333333333333335,5.066,5.0,Fase 4 (9° ano),-1,Cursando,3.7894777778,Quartzo,2024,3.0,1.0,1,Moderada (−1 fase)
RA-1117,Aluno-1117,FASE 2,2K,,Feminino,2023,Pública,9.0,9.6,7.52,7.708333333,7.3,7.946666667,10.0,Fase 2 (5° e 6° ano),0,,8.382366667,Topázio,2023,2.0,0.0,0,Adequada/adiantada (≥ 0)
RA-1117,Aluno-1117,3K,3K,12.0,Feminino,2023,Pública,8.751,8.314814814666667,7.51,8.125,5.666666666666667,6.833333333,10.0,Fase 2 (5° e 6° ano),1,Cursando,7.601562962866668,Ametista,2024,3.0,1.0,0,Adequada/adiantada (≥ 0)
RA-1118,Aluno-1118,FASE 2,2K,,Feminino,2023,Pública,5.3,8.8,7.52,7.708333333,6.0,8.28,5.0,Fase 3 (7° e 8° ano),-1,,7.163833333,Ametista,2023,2.0,0.0,1,Moderada (−1 fase)
RA-1118,Aluno-1118,3M,3M,14.0,Feminino,2023,Pública,7.084,7.846439628666666,9.38,6.75,3.8333333333333335,6.866,10.0,Fase 3 (7° e 8° ano),0,Cursando,7.0305545924,Ametista,2024,3.0,1.0,0,Adequada/adiantada (≥ 0)
RA-1119,Aluno-1119,FASE 2,2L,13.0,Feminino,2023,Pública,7.3,9.7,3.77,7.708333333,5.9,8.453333333,5.0,Fase 3 (7° e 8° ano),-1,,7.192,Ametista,2023,2.0,0.0,1,Moderada (−1 fase)
RA-1119,Aluno-1119,3M,3M,14.0,Feminino,2023,Pública,9.585,8.716666666666667,7.51,7.625,5.666666666666667,7.698,5.0,Fase 4 (9° ano),-1,Cursando,7.388266666666667,Ametista,2024,3.0,1.0,1,Moderada (−1 fase)
RA-112,Aluno-112,4,A,15.0,Menina,2016,Rede Decisão,7.9,7.8,6.3,,8.5,8.833,5.0,Fase 5 (1º EM),-1,,7.836,Ametista,2022,4.0,6.0,1,Moderada (−1 fase)
RA-112,Aluno-112,FASE 5,5A,,Feminino,2016,Privada - Programa de Apadrinhamento,6.7,8.1,5.0,7.96875,7.4,7.9225,5.0,Fase 6 (2° EM),-1,,7.141308333,Ametista,2023,5.0,7.0,1,Moderada (−1 fase)
RA-112,Aluno-112,6A,6A,17.0,Feminino,2021,Privada - Programa de Apadrinhamento,7.083,7.978174603333333,7.51,7.96875,8.0,8.004,10.0,Fase 6 (2° EM),0,Cursando,8.052609920666667,Topázio,2024,6.0,3.0,0,Adequada/adiantada (≥ 0)
RA-1120,Aluno-1120,FASE 2,2L,11.0,Feminino,2023,Pública,9.5,9.6,7.52,8.958333333,8.3,9.676666667,10.0,Fase 2 (5° e 6° ano),0,,9.103366667,Topázio,2023,2.0,0.0,0,Adequada/adiantada (≥ 0)
RA-1121,Aluno-1121,FASE 2,2L,,Masculino,2023,Pública,0.0,9.9,6.26,8.75,8.0,9.84,10.0,Fase 2 (5° e 6° ano),0,,8.049,Topázio,2023,2.0,0.0,0,Adequada/adiantada (≥ 0)
RA-1121,Aluno-1121,3K,3K,12.0,Masculino,2023,Pública,9.585,10.0,7.51,7.083333333,6.666666666666667,8.28,10.0,Fase 3 (7° e 8° ano),0,Cursando,8.407166666633334,Topázio,2024,3.0,1.0,0,Adequada/adiantada (≥ 0)
RA-1122,Aluno-1122,FASE 2,2L,11.0,Masculino,2023,Pública,0.0,9.3,6.89,7.291666667,6.9,8.616666667,10.0,Fase 2 (5° e 6° ano),0,,7.3715,Ametista,2023,2.0,0.0,0,Adequada/adiantada (≥ 0)
RA-1122,Aluno-1122,3K,3K,12.0,Masculino,2023,Pública,8.751,9.861111111,7.51,7.083333333,5.333333333333333,7.22,10.0,Fase 2 (5° e 6° ano),1,Cursando,7.817322222166666,Ametista,2024,3.0,1.0,0,Adequada/adiantada (≥ 0)
RA-1123,Aluno-1123,FASE 2,2L,,Masculino,2023,Pública,7.3,8.9,7.52,7.083333333,5.3,7.113333333,5.0,Fase 3 (7° e 8° ano),-1,,6.9565,Ágata,2023,2.0,0.0,1,Moderada (−1 fase)
RA-1124,Aluno-1124,FASE 2,2M,14.0,Feminino,2023,Pública,9.5,8.0,7.52,7.083333333,3.0,7.786666667,5.0,Fase 4 (9° ano),-2,,6.667866667,Ágata,2023,2.0,0.0,1,Severa (≤ −2 fases)
RA-1125,Aluno-1125,FASE 2,2M,,Feminino,2023,Pública,4.7,7.9,7.52,6.666666667,4.0,6.95,10.0,Fase 2 (5° e 6° ano),0,,6.655366667,Ágata,2023,2.0,0.0,0,Adequada/adiantada (≥ 0)
RA-1126,Aluno-1126,FASE 2,2M,12.0,Feminino,2023,Pública,0.0,5.2,3.77,7.291666667,,7.06,5.0,Fase 3 (7° e 8° ano),-1,,,,2023,2.0,0.0,1,Moderada (−1 fase)
RA-1127,Aluno-1127,FASE 2,2N,,Feminino,2023,Pública,8.5,9.9,5.02,8.125,6.9,9.01,10.0,Fase 2 (5° e 6° ano),0,,8.3167,Topázio,2023,2.0,0.0,0,Adequada/adiantada (≥ 0)
RA-1127,Aluno-1127,3N,3N,12.0,Feminino,2023,Pública,9.168,10.0,7.51,8.125,5.833333333333333,7.67,10.0,Fase 3 (7° e 8° ano),0,Cursando,8.180966666666668,Topázio,2024,3.0,1.0,0,Adequada/adiantada (≥ 0)
RA-1128,Aluno-1128,FASE 2,2N,12.0,Masculino,2023,Pública,9.5,7.3,5.02,7.916666667,3.5,7.503333333,5.0,Fase 3 (7° e 8° ano),-1,,6.404533333,Ágata,2023,2.0,0.0,1,Moderada (−1 fase)
RA-1129,Aluno-1129,FASE 2,2N,11.0,Masculino,2023,Pública,0.0,9.2,6.27,7.916666667,7.8,7.503333333,10.0,Fase 2 (5° e 6° ano),0,,7.309333333,Ametista,2023,2.0,0.0,0,Adequada/adiantada (≥ 0)
RA-1129,Aluno-1129,3N,3N,12.0,Masculino,2023,Pública,9.168,7.137254902,8.13,6.875,6.833333333333333,5.745,10.0,Fase 3 (7° e 8° ano),0,Cursando,7.360417647066668,Ametista,2024,3.0,1.0,0,Adequada/adiantada (≥ 0)
RA-113,Aluno-113,4,A,15.0,Menina,2017,Rede Decisão,0.0,0.0,5.0,,3.7,3.792,5.0,Fase 5 (1º EM),-1,,3.032,Quartzo,2022,4.0,5.0,1,Moderada (−1 fase)
RA-113,Aluno-113,5G,5G,16.0,Feminino,2021,Pública,8.751,7.063851181666667,7.51,7.5,6.666666666666667,7.106666667,5.0,Fase 6 (2° EM),-1,Cursando,7.043536903066667,Ametista,2024,5.0,3.0,1,Moderada (−1 fase)
RA-1130,Aluno-1130,FASE 2,2N,11.0,Masculino,2023,Pública,8.5,8.4,7.52,7.708333333,7.3,7.503333333,10.0,Fase 2 (5° e 6° ano),0,,8.0037,Topázio,2023,2.0,0.0,0,Adequada/adiantada (≥ 0)
RA-1130,Aluno-1130,3N,3N,12.0,Masculino,2023,Pública,8.751,6.278431372666667,8.13,6.875,4.333333333333333,5.33,10.0,Fase 3 (7° e 8° ano),0,Cursando,6.563952941199999,Ágata,2024,3.0,1.0,0,Adequada/adiantada (≥ 0)
RA-1131,Aluno-1131,FASE 2,2N,12.0,Feminino,2023,Pública,7.9,9.9,5.02,8.75,9.1,9.286666667,5.0,Fase 3 (7° e 8° ano),-1,,8.316133333,Topázio,2023,2.0,0.0,1,Moderada (−1 fase)
RA-1131,Aluno-1131,3K,3K,13.0,Feminino,2023,Privada - Programa de Apadrinhamento,8.334,9.277777777666666,6.255,7.291666667,8.333333333333334,7.893333333,10.0,Fase 3 (7° e 8° ano),0,Cursando,8.2889555555,Topázio,2024,3.0,1.0,0,Adequada/adiantada (≥ 0)
RA-1132,Aluno-1132,FASE 2,2N,12.0,Masculino,2023,Pública,10.0,6.3,6.27,7.916666667,5.8,7.503333333,5.0,Fase 3 (7° e 8° ano),-1,,6.829533333,Ágata,2023,2.0,0.0,1,Moderada (−1 fase)
RA-1133,Aluno-1133,FASE 2,2N,10.0,Feminino,2023,Pública,9.5,10.0,6.27,8.541666667,6.5,9.343333333,10.0,Fase 2 (5° e 6° ano),0,,8.600033333,Topázio,2023,2.0,0.0,0,Adequada/adiantada (≥ 0)
RA-1133,Aluno-1133,3U,3U,11.0,Feminino,2023,Pública,9.168,9.841269841333334,8.75,8.125,4.5,8.83,10.0,Fase 2 (5° e 6° ano),1,Cursando,8.238553968266668,Topázio,2024,3.0,1.0,0,Adequada/adiantada (≥ 0)
RA-1134,Aluno-1134,FASE 2,2N,11.0,Masculino,2023,Pública,8.0,9.7,3.76,7.916666667,6.8,7.56,10.0,Fase 2 (5° e 6° ano),0,,7.769866667,Ametista,2023,2.0,0.0,0,Adequada/adiantada (≥ 0)
RA-1134,Aluno-1134,3U,3U,12.0,Masculino,2023,Pública,8.751,8.914285714,7.51,7.708333333,6.0,6.883333333,10.0,Fase 3 (7° e 8° ano),0,Cursando,7.7564571427,Ametista,2024,3.0,1.0,0,Adequada/adiantada (≥ 0)
RA-1135,Aluno-1135,FASE 2,2P,11.0,Masculino,2023,Pública,0.0,9.4,7.52,8.125,7.2,7.896666667,10.0,Fase 2 (5° e 6° ano),0,,7.453833333,Ametista,2023,2.0,0.0,0,Adequada/adiantada (≥ 0)
RA-1136,Aluno-1136,FASE 2,2P,13.0,Feminino,2023,Pública,6.8,8.1,2.52,8.333333333,6.6,7.723333333,5.0,Fase 3 (7° e 8° ano),-1,,6.7351,Ágata,2023,2.0,0.0,1,Moderada (−1 fase)
RA-1136,Aluno-1136,3R,3R,14.0,Feminino,2023,Pública,8.751,4.547899159666667,8.135,7.5,1.6666666666666667,6.383333333,5.0,Fase 4 (9° ano),-1,Cursando,5.458179831866667,Quartzo,2024,3.0,1.0,1,Moderada (−1 fase)
RA-1137,Aluno-1137,FASE 2,2R,10.0,Feminino,2023,Pública,9.5,9.8,6.27,9.375,6.5,9.843333333,10.0,Fase 2 (5° e 6° ano),0,,8.743366667,Topázio,2023,2.0,0.0,0,Adequada/adiantada (≥ 0)
RA-1137,Aluno-1137,3P,3P,11.0,Feminino,2023,Pública,8.334,7.588638262333333,8.13,8.28125,3.5,7.4575,10.0,Fase 2 (5° e 6° ano),1,Cursando,7.1837526524666675,Ametista,2024,3.0,1.0,0,Adequada/adiantada (≥ 0)
RA-1138,Aluno-1138,FASE 2,2R,12.0,Feminino,2023,Pública,9.0,9.2,6.27,9.166666667,9.3,8.566666667,5.0,Fase 3 (7° e 8° ano),-1,,8.3472,Topázio,2023,2.0,0.0,1,Moderada (−1 fase)
RA-1139,Aluno-1139,FASE 2,2R,11.0,Masculino,2023,Pública,8.5,9.1,5.64,8.125,5.3,7.79,10.0,Fase 2 (5° e 6° ano),0,,7.6647,Ametista,2023,2.0,0.0,0,Adequada/adiantada (≥ 0)
RA-1139,Aluno-1139,3P,3P,12.0,Masculino,2023,Pública,8.334,6.152715121333333,7.51,7.5,4.666666666666667,7.04,10.0,Fase 2 (5° e 6° ano),1,Cursando,6.906276357600001,Ágata,2024,3.0,1.0,0,Adequada/adiantada (≥ 0)
RA-114,Aluno-114,4,A,16.0,Menino,2022,Escola Pública,7.9,6.3,7.5,,5.3,5.0,5.0,Fase 6 (2º EM),-2,,5.894,Quartzo,2022,4.0,0.0,1,Severa (≤ −2 fases)
RA-114,Aluno-114,FASE 5,5B,,Masculino,2022,Pública,0.0,6.0,3.14,7.5,5.6,7.255,5.0,Fase 7 (3° EM),-2,,5.335,Quartzo,2023,5.0,1.0,1,Severa (≤ −2 fases)
RA-1140,Aluno-1140,FASE 2,2R,11.0,Feminino,2023,Pública,4.7,8.7,7.52,7.708333333,7.3,7.62,10.0,Fase 2 (5° e 6° ano),0,,7.703533333,Ametista,2023,2.0,0.0,0,Adequada/adiantada (≥ 0)
RA-1140,Aluno-1140,2P,2P,12.0,Feminino,2023,Pública,6.834,6.112440191499999,7.51,8.125,7.0,7.39,10.0,Fase 2 (5° e 6° ano),0,Cursando,7.3473880383,Ametista,2024,2.0,1.0,0,Adequada/adiantada (≥ 0)
RA-1141,Aluno-1141,FASE 2,2R,12.0,Feminino,2023,Pública,9.0,8.8,7.52,7.708333333,5.9,7.113333333,5.0,Fase 3 (7° e 8° ano),-1,,7.2757,Ametista,2023,2.0,0.0,1,Moderada (−1 fase)
RA-1141,Aluno-1141,3L,3L,13.0,Feminino,2023,Pública,9.585,6.191537667666666,7.51,6.5625,4.166666666666667,6.7825,10.0,Fase 3 (7° e 8° ano),0,Cursando,6.793890866866667,Ágata,2024,3.0,1.0,0,Adequada/adiantada (≥ 0)
RA-1142,Aluno-1142,FASE 2,2R,11.0,Feminino,2023,Pública,9.0,10.0,7.52,8.541666667,10.0,8.343333333,10.0,Fase 2 (5° e 6° ano),0,,9.175033333,Topázio,2023,2.0,0.0,0,Adequada/adiantada (≥ 0)
RA-1142,Aluno-1142,3P,3P,12.0,Feminino,2023,Pública,8.334,9.133333333333333,7.51,8.125,8.5,7.335,10.0,Fase 3 (7° e 8° ano),0,Cursando,8.390566666666668,Topázio,2024,3.0,1.0,0,Adequada/adiantada (≥ 0)
RA-1143,Aluno-1143,FASE 3,3A,15.0,Feminino,2023,Pública,8.8,7.0,6.26,7.5,5.3,6.2075,5.0,Fase 5 (1° EM),-2,,6.445933333,Ágata,2023,3.0,0.0,1,Severa (≤ −2 fases)
RA-1143,Aluno-1143,3A,3A,16.0,Feminino,2021,Pública,9.585,5.201336675,9.38,7.03125,3.1666666666666665,6.79,2.5,Fase 6 (2° EM),-3,Cursando,5.881225668333334,Quartzo,2024,3.0,3.0,1,Severa (≤ −2 fases)
RA-1144,Aluno-1144,FASE 3,3B,13.0,Feminino,2023,Pública,0.0,9.4,5.02,8.28125,8.0,8.0025,10.0,Fase 3 (7° e 8° ano),0,,7.410625,Ametista,2023,3.0,0.0,0,Adequada/adiantada (≥ 0)
RA-1145,Aluno-1145,FASE 3,3B,11.0,Feminino,2023,Pública,0.0,9.5,4.39,8.59375,7.8,8.63,10.0,Fase 2 (5° e 6° ano),1,,7.484375,Ametista,2023,3.0,0.0,0,Adequada/adiantada (≥ 0)
RA-1146,Aluno-1146,FASE 3,3B,14.0,Feminino,2023,Pública,9.6,8.8,6.26,7.1875,3.7,6.965,5.0,Fase 4 (9° ano),-1,,6.689583333,Ágata,2023,3.0,0.0,1,Moderada (−1 fase)
RA-1146,Aluno-1146,3C,3C,15.0,Feminino,2023,Pública,10.002,5.017209691,6.88,6.25,2.0,5.883333333,5.0,Fase 5 (1° EM),-2,Cursando,5.3933086048000005,Quartzo,2024,3.0,1.0,1,Severa (≤ −2 fases)
RA-1147,Aluno-1147,FASE 3,3B,,Feminino,2023,Pública,8.3,8.3,6.26,7.1875,6.7,7.0075,5.0,Fase 4 (9° ano),-1,,7.072983333,Ametista,2023,3.0,0.0,1,Moderada (−1 fase)
RA-1147,Aluno-1147,3B,3B,15.0,Feminino,2023,Pública,8.751,6.125925926,8.755,6.25,3.1666666666666665,5.495,5.0,Fase 4 (9° ano),-1,Cursando,5.833118518533334,Quartzo,2024,3.0,1.0,1,Moderada (−1 fase)
RA-1148,Aluno-1148,FASE 3,3B,11.0,Feminino,2023,Pública,7.9,8.6,3.77,7.5,5.7,7.2125,10.0,Fase 2 (5° e 6° ano),1,,7.227866667,Ametista,2023,3.0,0.0,0,Adequada/adiantada (≥ 0)
RA-1149,Aluno-1149,FASE 3,3C,,Feminino,2023,Pública,8.3,9.8,2.52,7.96875,7.2,8.1725,5.0,Fase 4 (9° ano),-1,,7.410108333,Ametista,2023,3.0,0.0,1,Moderada (−1 fase)
RA-1149,Aluno-1149,4A,4A,15.0,Feminino,2023,Pública,8.334,10.0,10.0,8.625,6.0,8.706,5.0,Fase 5 (1° EM),-1,Cursando,8.1371,Topázio,2024,4.0,1.0,1,Moderada (−1 fase)
RA-115,Aluno-115,4,A,16.0,Menina,2019,Escola Pública,8.3,6.8,6.3,,3.8,5.583,5.0,Fase 6 (2º EM),-2,,5.886,Quartzo,2022,4.0,3.0,1,Severa (≤ −2 fases)
RA-115,Aluno-115,FASE 5,5A,16.0,Feminino,2019,Pública,8.8,7.1,5.0,7.34375,4.2,7.215,5.0,Fase 6 (2° EM),-1,,6.319141667,Ágata,2023,5.0,4.0,1,Moderada (−1 fase)
RA-115,Aluno-115,5A,5A,17.0,Feminino,2021,Pública,7.917,4.164756812,6.26,6.75,4.166666666666667,5.726,5.0,Fase 7 (3° EM),-2,Cursando,5.404184695733334,Quartzo,2024,5.0,3.0,1,Severa (≤ −2 fases)
RA-1150,Aluno-1150,FASE 3,3C,16.0,Masculino,2023,Pública,9.2,9.8,2.52,7.96875,6.7,7.835,2.5,Fase 6 (2° EM),-3,,7.076008333,Ametista,2023,3.0,0.0,1,Severa (≤ −2 fases)
RA-1150,Aluno-1150,4C,4C,17.0,Masculino,2023,Pública,8.334,6.481481481666667,7.51,7.65625,6.833333333333333,7.946666667,5.0,Fase 6 (2° EM),-2,Cursando,7.1023212964,Ametista,2024,4.0,1.0,1,Severa (≤ −2 fases)
RA-1151,Aluno-1151,FASE 3,3C,,Feminino,2023,Pública,7.5,9.5,2.52,7.65625,8.3,7.545,10.0,Fase 3 (7° e 8° ano),0,,7.829958333,Ametista,2023,3.0,0.0,0,Adequada/adiantada (≥ 0)
RA-1151,Aluno-1151,4C,4C,13.0,Feminino,2023,Pública,7.5,9.722222222333334,5.635,8.125,9.0,9.393333333,10.0,Fase 3 (7° e 8° ano),1,Cursando,8.749111111066668,Topázio,2024,4.0,1.0,0,Adequada/adiantada (≥ 0)
RA-1152,Aluno-1152,FASE 3,3C,,Masculino,2023,Pública,0.0,9.4,5.0,7.8125,6.8,7.585,5.0,Fase 4 (9° ano),-1,,6.544916667,Ágata,2023,3.0,0.0,1,Moderada (−1 fase)
RA-1153,Aluno-1153,FASE 3,3D,14.0,Feminino,2023,Pública,7.9,10.0,7.52,7.65625,7.2,8.63,5.0,Fase 4 (9° ano),-1,,7.968658333,Ametista,2023,3.0,0.0,1,Moderada (−1 fase)
RA-1153,Aluno-1153,4A,4A,15.0,Feminino,2021,Privada - Programa de Apadrinhamento,8.751,9.702380952333334,5.635,8.75,8.5,9.074,5.0,Fase 5 (1° EM),-1,Cursando,8.268876190466667,Topázio,2024,4.0,3.0,1,Moderada (−1 fase)
RA-1154,Aluno-1154,FASE 3,3F,13.0,Masculino,2023,Pública,9.6,9.3,5.63,7.65625,5.1,7.67,10.0,Fase 3 (7° e 8° ano),0,,7.701125,Ametista,2023,3.0,0.0,0,Adequada/adiantada (≥ 0)
RA-1154,Aluno-1154,3G,3G,14.0,Masculino,2023,Pública,7.917,9.200000000000001,7.51,7.34375,8.0,6.745,5.0,Fase 4 (9° ano),-1,Cursando,7.5660750000000005,Ametista,2024,3.0,1.0,1,Moderada (−1 fase)
RA-1155,Aluno-1155,FASE 3,3F,14.0,Feminino,2023,Pública,9.2,9.2,5.63,7.5,8.0,8.2925,5.0,Fase 4 (9° ano),-1,,7.821633333,Ametista,2023,3.0,0.0,1,Moderada (−1 fase)
RA-1155,Aluno-1155,4F,4F,15.0,Feminino,2023,Pública,8.334,8.888888889,5.005,8.0,4.666666666666667,8.87,5.0,Fase 5 (1° EM),-1,Cursando,7.119011111133333,Ametista,2024,4.0,1.0,1,Moderada (−1 fase)
RA-1156,Aluno-1156,FASE 3,3F,12.0,Feminino,2023,Pública,8.3,9.2,2.52,7.96875,5.3,7.7925,10.0,Fase 3 (7° e 8° ano),0,,7.340775,Ametista,2023,3.0,0.0,0,Adequada/adiantada (≥ 0)
RA-1156,Aluno-1156,4F,4F,13.0,Feminino,2023,Pública,7.5,7.821067821,7.51,7.125,2.0,7.5,10.0,Fase 3 (7° e 8° ano),1,Cursando,6.6777135642,Ágata,2024,4.0,1.0,0,Adequada/adiantada (≥ 0)
RA-1157,Aluno-1157,FASE 3,3G,14.0,Masculino,2023,Pública,9.2,8.8,6.26,7.5,5.7,7.0025,5.0,Fase 4 (9° ano),-1,,7.086633333,Ametista,2023,3.0,0.0,1,Moderada (−1 fase)
RA-1157,Aluno-1157,3H,3H,15.0,Masculino,2023,Pública,9.585,9.082539682666665,7.51,7.96875,7.0,8.466,5.0,Fase 4 (9° ano),-1,Cursando,7.916082936533334,Ametista,2024,3.0,1.0,1,Moderada (−1 fase)
RA-1158,Aluno-1158,FASE 3,3G,14.0,Feminino,2023,Pública,7.5,8.6,2.52,7.5,4.3,7.34,5.0,Fase 4 (9° ano),-1,,6.306666667,Ágata,2023,3.0,0.0,1,Moderada (−1 fase)
RA-1159,Aluno-1159,FASE 3,3I,,Feminino,2023,Pública,5.8,6.6,2.52,7.1875,3.1,7.1325,10.0,Fase 3 (7° e 8° ano),0,,5.913883333,Quartzo,2023,3.0,0.0,0,Adequada/adiantada (≥ 0)
RA-116,Aluno-116,4,B,16.0,Menina,2019,Escola Pública,5.8,8.1,6.3,,5.9,7.792,5.0,Fase 6 (2º EM),-2,,6.854,Ágata,2022,4.0,3.0,1,Severa (≤ −2 fases)
RA-116,Aluno-116,FASE 5,5A,17.0,Feminino,2019,Pública,6.7,7.6,5.0,7.96875,4.7,7.5475,5.0,Fase 7 (3° EM),-2,,6.433075,Ágata,2023,5.0,4.0,1,Severa (≤ −2 fases)
RA-116,Aluno-116,5A,5A,18.0,Feminino,2021,Pública,8.334,7.535353535666666,5.635,6.875,4.5,6.73,5.0,Fase 7 (3° EM),-2,Cursando,6.337470707133334,Ágata,2024,5.0,3.0,1,Severa (≤ −2 fases)
RA-1160,Aluno-1160,FASE 3,3I,,Masculino,2023,Pública,9.6,8.7,2.52,6.875,2.7,7.2575,10.0,Fase 3 (7° e 8° ano),0,,6.636166667,Ágata,2023,3.0,0.0,0,Adequada/adiantada (≥ 0)
RA-1160,Aluno-1160,3I,3I,14.0,Masculino,2023,Pública,8.751,8.201288245,7.51,6.25,3.1666666666666665,6.2475,5.0,Fase 4 (9° ano),-1,Cursando,6.274190982333334,Ágata,2024,3.0,1.0,1,Moderada (−1 fase)
RA-1161,Aluno-1161,FASE 3,3I,,Feminino,2023,Pública,6.3,8.1,2.52,8.28125,6.3,8.63,10.0,Fase 3 (7° e 8° ano),0,,7.317791667,Ametista,2023,3.0,0.0,0,Adequada/adiantada (≥ 0)
RA-1162,Aluno-1162,FASE 3,3K,13.0,Feminino,2023,Pública,8.3,8.5,3.77,7.8125,6.0,7.7525,10.0,Fase 3 (7° e 8° ano),0,,7.44215,Ametista,2023,3.0,0.0,0,Adequada/adiantada (≥ 0)
RA-1162,Aluno-1162,4M,4M,14.0,Feminino,2023,Pública,7.917,9.135672514666666,6.26,6.875,5.666666666666667,7.0375,10.0,Fase 4 (9° ano),0,Cursando,7.473167836266667,Ametista,2024,4.0,1.0,0,Adequada/adiantada (≥ 0)
RA-1163,Aluno-1163,FASE 3,3L,14.0,Masculino,2023,Pública,8.8,9.3,7.52,7.65625,7.2,7.75,5.0,Fase 4 (9° ano),-1,,7.749391667,Ametista,2023,3.0,0.0,1,Moderada (−1 fase)
RA-1163,Aluno-1163,4M,4M,15.0,Masculino,2023,Pública,8.334,9.824561403666666,7.51,8.125,7.833333333333333,8.755,10.0,Fase 4 (9° ano),0,Cursando,8.6794789474,Topázio,2024,4.0,1.0,0,Adequada/adiantada (≥ 0)
RA-1164,Aluno-1164,FASE 3,3M,13.0,Masculino,2023,Pública,9.2,7.5,2.52,7.65625,4.8,7.545,10.0,Fase 3 (7° e 8° ano),0,,6.910091667,Ágata,2023,3.0,0.0,0,Adequada/adiantada (≥ 0)
RA-1165,Aluno-1165,FASE 3,3M,12.0,Feminino,2023,Pública,9.2,9.1,5.0,7.1875,7.3,7.2925,10.0,Fase 3 (7° e 8° ano),0,,7.880716667,Ametista,2023,3.0,0.0,0,Adequada/adiantada (≥ 0)
RA-1165,Aluno-1165,3L,3L,13.0,Feminino,2023,Pública,8.751,6.829721362333333,8.135,6.875,8.0,7.83,10.0,Fase 3 (7° e 8° ano),0,Cursando,7.908044272466667,Ametista,2024,3.0,1.0,0,Adequada/adiantada (≥ 0)
RA-1166,Aluno-1166,FASE 3,3M,15.0,Feminino,2023,Pública,8.3,9.6,7.52,7.65625,4.8,7.9175,5.0,Fase 5 (1° EM),-2,,7.307858333,Ametista,2023,3.0,0.0,1,Severa (≤ −2 fases)
RA-1166,Aluno-1166,4M,4M,16.0,Feminino,2023,Pública,8.334,8.498245614,6.26,8.020833333,6.333333333333333,8.625,5.0,Fase 5 (1° EM),-1,Cursando,7.452799122766667,Ametista,2024,4.0,1.0,1,Moderada (−1 fase)
RA-1167,Aluno-1167,FASE 3,3M,16.0,Masculino,2023,Pública,8.8,7.6,2.52,7.65625,3.8,7.9625,2.5,Fase 6 (2° EM),-3,,6.021891667,Ágata,2023,3.0,0.0,1,Severa (≤ −2 fases)
RA-1168,Aluno-1168,FASE 3,3N,13.0,Feminino,2023,Pública,0.0,8.8,2.52,7.65625,3.5,7.045,10.0,Fase 3 (7° e 8° ano),0,,5.886625,Quartzo,2023,3.0,0.0,0,Adequada/adiantada (≥ 0)
RA-1168,Aluno-1168,3N,3N,14.0,Feminino,2023,Pública,9.585,7.682352941333334,7.51,7.1875,5.666666666666667,6.33,5.0,Fase 4 (9° ano),-1,Cursando,6.864053921600001,Ágata,2024,3.0,1.0,1,Moderada (−1 fase)
RA-1169,Aluno-1169,FASE 3,3P,,Feminino,2023,Pública,7.5,9.5,5.0,7.03125,6.3,8.0025,5.0,Fase 4 (9° ano),-1,,7.213625,Ametista,2023,3.0,0.0,1,Moderada (−1 fase)
RA-1169,Aluno-1169,4N,4N,15.0,Feminino,2023,Pública,6.25,8.444444444333334,5.635,7.8125,6.833333333333333,6.8,5.0,Fase 5 (1° EM),-1,Cursando,6.885305555533334,Ágata,2024,4.0,1.0,1,Moderada (−1 fase)
RA-117,Aluno-117,4,B,15.0,Menina,2022,Escola Pública,7.9,6.3,6.9,,6.1,7.417,5.0,Fase 5 (1º EM),-1,,6.685,Ágata,2022,4.0,0.0,1,Moderada (−1 fase)
RA-1170,Aluno-1170,FASE 3,3P,,Masculino,2023,Pública,8.8,7.7,7.52,7.1875,5.9,6.5775,5.0,Fase 4 (9° ano),-1,,6.874683333,Ágata,2023,3.0,0.0,1,Moderada (−1 fase)
RA-1170,Aluno-1170,3P,3P,15.0,Masculino,2023,Pública,9.168,5.565079365,8.13,7.03125,3.5,6.7475,5.0,Fase 5 (1° EM),-2,Cursando,6.095440873,Ágata,2024,3.0,1.0,1,Severa (≤ −2 fases)
RA-1171,Aluno-1171,FASE 3,3P,14.0,Masculino,2023,Pública,7.9,8.4,5.0,8.75,8.7,8.88,5.0,Fase 4 (9° ano),-1,,7.856033333,Ametista,2023,3.0,0.0,1,Moderada (−1 fase)
RA-1171,Aluno-1171,4R,4R,15.0,Masculino,2023,Pública,8.334,7.230158729999999,7.51,8.645833333,7.5,8.643333333,5.0,Fase 5 (1° EM),-1,Cursando,7.6236817459,Ametista,2024,4.0,1.0,1,Moderada (−1 fase)
RA-1172,Aluno-1172,FASE 4,4A,16.0,Feminino,2023,Pública,8.3,7.8,2.52,8.59375,6.7,8.46,5.0,Fase 6 (2° EM),-2,,7.030108333,Ametista,2023,4.0,0.0,1,Severa (≤ −2 fases)
RA-1172,Aluno-1172,5A,5A,17.0,Feminino,2023,Pública,7.5,6.0634920633333325,6.26,7.25,3.3333333333333335,6.196,5.0,Fase 6 (2° EM),-1,Cursando,5.719565079333334,Quartzo,2024,5.0,1.0,1,Moderada (−1 fase)
RA-1173,Aluno-1173,FASE 4,4A,14.0,Masculino,2023,Pública,8.8,9.7,2.52,7.8125,6.0,8.1225,10.0,Fase 4 (9° ano),0,,7.67285,Ametista,2023,4.0,0.0,0,Adequada/adiantada (≥ 0)
RA-1173,Aluno-1173,5D,5D,15.0,Masculino,2023,Pública,9.168,9.665831245,7.51,8.125,5.833333333333333,8.2,10.0,Fase 5 (1° EM),0,Cursando,8.220132915666667,Topázio,2024,5.0,1.0,0,Adequada/adiantada (≥ 0)
RA-1174,Aluno-1174,FASE 4,4B,15.0,Feminino,2023,Pública,9.2,8.7,2.52,8.90625,6.8,8.3375,5.0,Fase 5 (1° EM),-1,,7.333591667,Ametista,2023,4.0,0.0,1,Moderada (−1 fase)
RA-1174,Aluno-1174,5B,5B,16.0,Feminino,2023,Pública,8.751,8.349567099333333,6.26,7.5,5.0,7.266,10.0,Fase 5 (1° EM),0,Cursando,7.374213419866667,Ametista,2024,5.0,1.0,0,Adequada/adiantada (≥ 0)
RA-1175,Aluno-1175,FASE 4,4B,,Feminino,2023,Pública,8.3,5.3,2.52,7.65625,6.3,7.6275,2.5,Fase 7 (3° EM),-3,,5.939858333,Quartzo,2023,4.0,0.0,1,Severa (≤ −2 fases)
RA-1176,Aluno-1176,FASE 4,4B,13.0,Masculino,2023,Pública,8.3,9.3,7.52,9.6875,8.2,9.17,10.0,Fase 3 (7° e 8° ano),1,,8.881483333,Topázio,2023,4.0,0.0,0,Adequada/adiantada (≥ 0)
RA-1176,Aluno-1176,5C,5C,14.0,Masculino,2023,Privada - Programa de Apadrinhamento,8.751,9.682539682666667,6.26,8.59375,9.166666666666666,8.9225,10.0,Fase 4 (9° ano),1,Cursando,8.914816269866666,Topázio,2024,5.0,1.0,0,Adequada/adiantada (≥ 0)
RA-1177,Aluno-1177,FASE 4,4B,14.0,Feminino,2023,Pública,10.0,9.9,2.52,8.90625,7.2,8.88,10.0,Fase 4 (9° ano),0,,8.345491667,Topázio,2023,4.0,0.0,0,Adequada/adiantada (≥ 0)
RA-1177,Aluno-1177,5C,5C,15.0,Feminino,2023,Pública,8.751,9.824561403666666,6.26,7.65625,7.333333333333333,8.125,10.0,Fase 5 (1° EM),0,Cursando,8.3233039474,Topázio,2024,5.0,1.0,0,Adequada/adiantada (≥ 0)
RA-1178,Aluno-1178,FASE 4,4C,,Masculino,2023,Pública,8.8,9.3,2.52,7.96875,5.7,8.2125,5.0,Fase 6 (2° EM),-2,,7.066475,Ametista,2023,4.0,0.0,1,Severa (≤ −2 fases)
RA-1178,Aluno-1178,5D,5D,17.0,Masculino,2023,Pública,8.751,9.682539682666667,6.26,7.5,8.333333333333334,8.696,5.0,Fase 6 (2° EM),-1,Cursando,8.0934746032,Topázio,2024,5.0,1.0,1,Moderada (−1 fase)
RA-1179,Aluno-1179,FASE 4,4C,,Masculino,2023,Pública,9.6,8.1,4.38,6.875,5.0,7.17,5.0,Fase 5 (1° EM),-1,,6.631333333,Ágata,2023,4.0,0.0,1,Moderada (−1 fase)
RA-118,Aluno-118,4,B,14.0,Menina,2021,Escola Pública,0.0,5.3,6.3,,3.9,6.958,10.0,Fase 4 (9º ano),0,,5.597,Quartzo,2022,4.0,1.0,0,Adequada/adiantada (≥ 0)
RA-1180,Aluno-1180,FASE 4,4C,15.0,Masculino,2023,Pública,8.3,9.5,5.0,7.1875,5.4,7.7125,5.0,Fase 5 (1° EM),-1,,7.067983333,Ametista,2023,4.0,0.0,1,Moderada (−1 fase)
RA-1181,Aluno-1181,FASE 4,4C,,Feminino,2023,Pública,8.8,8.3,2.52,7.5,4.8,7.3375,10.0,Fase 4 (9° ano),0,,6.971266667,Ágata,2023,4.0,0.0,0,Adequada/adiantada (≥ 0)
RA-1181,Aluno-1181,5B,5B,15.0,Feminino,2023,Pública,9.168,5.036075036,6.26,7.125,3.8333333333333335,5.862,10.0,Fase 5 (1° EM),0,Cursando,6.2015816738666665,Ágata,2024,5.0,1.0,0,Adequada/adiantada (≥ 0)
RA-1182,Aluno-1182,FASE 4,4C,,Feminino,2023,Pública,7.5,6.3,2.52,6.71875,4.2,7.2125,5.0,Fase 6 (2° EM),-2,,5.709808333,Quartzo,2023,4.0,0.0,1,Severa (≤ −2 fases)
RA-1183,Aluno-1183,FASE 4,4C,15.0,Masculino,2023,Pública,7.5,8.7,2.52,6.09375,5.3,6.7575,5.0,Fase 5 (1° EM),-1,,6.269541667,Ágata,2023,4.0,0.0,1,Moderada (−1 fase)
RA-1184,Aluno-1184,FASE 4,4F,,Masculino,2023,Pública,8.3,8.3,5.0,8.125,7.3,8.045,5.0,Fase 6 (2° EM),-2,,7.381566667,Ametista,2023,4.0,0.0,1,Severa (≤ −2 fases)
RA-1184,Aluno-1184,5F,5F,17.0,Masculino,2023,Pública,6.666,8.658008657666668,7.51,7.291666667,7.666666666666667,7.5,5.0,Fase 6 (2° EM),-1,Cursando,7.411701731566668,Ametista,2024,5.0,1.0,1,Moderada (−1 fase)
RA-1185,Aluno-1185,FASE 4,4G,,Feminino,2023,Pública,7.5,9.1,5.0,7.8125,7.5,8.3775,10.0,Fase 3 (7° e 8° ano),1,,8.02675,Topázio,2023,4.0,0.0,0,Adequada/adiantada (≥ 0)
RA-1186,Aluno-1186,FASE 4,4G,,Feminino,2023,Pública,8.8,9.8,6.89,6.875,5.5,7.3825,5.0,Fase 6 (2° EM),-2,,7.281433333,Ametista,2023,4.0,0.0,1,Severa (≤ −2 fases)
RA-1187,Aluno-1187,FASE 4,4G,13.0,Feminino,2023,Pública,8.8,6.9,2.52,7.34375,5.3,6.715,10.0,Fase 3 (7° e 8° ano),1,,6.644475,Ágata,2023,4.0,0.0,0,Adequada/adiantada (≥ 0)
RA-1188,Aluno-1188,FASE 4,4H,15.0,Feminino,2023,Pública,9.6,9.4,,7.8125,6.4,7.5875,5.0,Fase 5 (1° EM),-1,,,,2023,4.0,0.0,1,Moderada (−1 fase)
RA-1188,Aluno-1188,5G,5G,16.0,Feminino,2023,Pública,9.168,10.0,7.51,8.125,7.0,7.106666667,5.0,Fase 6 (2° EM),-1,Cursando,7.801633333400001,Ametista,2024,5.0,1.0,1,Moderada (−1 fase)
RA-1189,Aluno-1189,FASE 4,4H,,Feminino,2023,Pública,8.8,9.0,,7.8125,6.1,7.3775,5.0,Fase 5 (1° EM),-1,,,,2023,4.0,0.0,1,Moderada (−1 fase)
RA-1189,Aluno-1189,5G,5G,16.0,Feminino,2023,Pública,9.585,8.672360248333332,7.51,7.5,7.666666666666667,7.106666667,5.0,Fase 6 (2° EM),-1,Cursando,7.6486387164,Ametista,2024,5.0,1.0,1,Moderada (−1 fase)
RA-119,Aluno-119,4,B,14.0,Menina,2016,Rede Decisão,8.3,8.2,5.6,,5.4,7.875,10.0,Fase 4 (9º ano),0,,7.501,Ametista,2022,4.0,6.0,0,Adequada/adiantada (≥ 0)
RA-119,Aluno-119,FASE 7,7E,15.0,Feminino,2016,Privada - Programa de Apadrinhamento,6.7,,2.52,,,,10.0,Fase 5 (1° EM),2,,,,2023,7.0,7.0,0,Adequada/adiantada (≥ 0)
RA-119,Aluno-119,7E,7E,16.0,Feminino,2021,Privada - Programa de Apadrinhamento,7.083,9.983333333,6.57,7.5,7.366666666666667,7.5,10.0,Fase 6 (2° EM),1,Cursando,8.085299999933333,Topázio,2024,7.0,3.0,0,Adequada/adiantada (≥ 0)
RA-1190,Aluno-1190,FASE 4,4L,,Masculino,2023,Pública,0.0,9.2,5.0,7.34375,4.2,7.045,10.0,Fase 4 (9° ano),0,,6.330041667,Ágata,2023,4.0,0.0,0,Adequada/adiantada (≥ 0)
RA-1191,Aluno-1191,FASE 4,4L,,Masculino,2023,Pública,7.5,7.2,5.0,5.0,3.7,6.26,10.0,Fase 4 (9° ano),0,,6.175333333,Ágata,2023,4.0,0.0,0,Adequada/adiantada (≥ 0)
RA-1192,Aluno-1192,FASE 4,4L,15.0,Feminino,2023,Pública,7.9,8.7,2.52,7.96875,5.8,7.6675,5.0,Fase 5 (1° EM),-1,,6.780741667,Ágata,2023,4.0,0.0,1,Moderada (−1 fase)
RA-1193,Aluno-1193,FASE 4,4L,,Feminino,2023,Pública,0.0,7.8,5.0,7.1875,4.1,7.13,10.0,Fase 4 (9° ano),0,,6.018083333,Ágata,2023,4.0,0.0,0,Adequada/adiantada (≥ 0)
RA-1193,Aluno-1193,4L,4L,15.0,Feminino,2023,Pública,8.751,7.763157895,5.635,7.8125,4.0,7.79,5.0,Fase 5 (1° EM),-1,Cursando,6.6304815790000005,Ágata,2024,4.0,1.0,1,Moderada (−1 fase)
RA-1194,Aluno-1194,FASE 4,4N,13.0,Masculino,2023,Pública,8.8,9.0,5.0,7.5,6.1,7.6675,10.0,Fase 3 (7° e 8° ano),1,,7.671933333,Ametista,2023,4.0,0.0,0,Adequada/adiantada (≥ 0)
RA-1195,Aluno-1195,FASE 4,4N,,Feminino,2022,Pública,0.0,8.3,2.52,8.28125,5.4,8.0025,2.5,Fase 7 (3° EM),-3,,5.677291667,Quartzo,2023,4.0,1.0,1,Severa (≤ −2 fases)
RA-1195,Aluno-1195,5N,5N,18.0,Feminino,2022,Pública,9.585,9.855072463666666,5.63,7.5,6.166666666666667,7.663333333,5.0,Fase 7 (3° EM),-2,Cursando,7.5085144926666665,Ametista,2024,5.0,2.0,1,Severa (≤ −2 fases)
RA-1196,Aluno-1196,FASE 5,5B,15.0,Masculino,2023,Privada,0.0,8.2,5.0,7.8125,7.5,8.045,10.0,Fase 5 (1° EM),0,,7.03025,Ametista,2023,5.0,0.0,0,Adequada/adiantada (≥ 0)
RA-1197,Aluno-1197,FASE 5,5B,16.0,Feminino,2023,Pública,6.7,8.4,5.0,7.03125,7.3,7.215,5.0,Fase 6 (2° EM),-1,,6.946058333,Ágata,2023,5.0,0.0,1,Moderada (−1 fase)
RA-1198,Aluno-1198,FASE 5,5B,,Feminino,2023,Pública,8.3,9.4,6.26,7.5,6.7,7.9625,5.0,Fase 6 (2° EM),-1,,7.515233333,Ametista,2023,5.0,0.0,1,Moderada (−1 fase)
RA-1198,Aluno-1198,5A,5A,17.0,Feminino,2023,Pública,8.751,9.458874459,7.51,7.375,3.5,7.332,5.0,Fase 6 (2° EM),-1,Cursando,6.9217748918,Ágata,2024,5.0,1.0,1,Moderada (−1 fase)
RA-1199,Aluno-1199,FASE 5,5C,,Masculino,2023,Pública,6.7,9.1,5.0,6.875,6.2,8.0875,5.0,Fase 7 (3° EM),-2,,7.024933333,Ametista,2023,5.0,0.0,1,Severa (≤ −2 fases)
RA-1199,Aluno-1199,5D,5D,18.0,Masculino,2023,Concluiu o 3º EM,7.5,8.571428571333334,5.005,6.5625,9.0,8.466,5.0,Fase 7 (3° EM),-2,Cursando,7.614235714266666,Ametista,2024,5.0,1.0,1,Severa (≤ −2 fases)
RA-12,Aluno-12,7,A,17.0,Menina,2020,Escola Pública,0.0,4.0,6.9,,1.5,6.389,10.0,Fase 7 (3º EM),0,,4.832,Quartzo,2022,7.0,2.0,0,Adequada/adiantada (≥ 0)
RA-12,Aluno-12,FASE 8,8E,18.0,Feminino,2020,Privada *Parcerias com Bolsa 100%,,,,,,,10.0,Fase 8 (Universitários),0,,,,2023,8.0,3.0,0,Adequada/adiantada (≥ 0)
RA-12,Aluno-12,8E,8E,19.0,Feminino,2021,Privada *Parcerias com Bolsa 100%,,0.0,,,,,10.0,Fase 8 (Universitários),0,Cursando,,,2024,8.0,3.0,0,Adequada/adiantada (≥ 0)
RA-120,Aluno-120,4,B,15.0,Menino,2019,Escola Pública,8.3,5.9,7.5,,6.2,7.667,5.0,Fase 5 (1º EM),-1,,6.825,Ágata,2022,4.0,3.0,1,Moderada (−1 fase)
RA-1200,Aluno-1200,FASE 5,5C,15.0,Feminino,2023,Pública,0.0,6.4,5.0,7.5,4.0,6.8725,10.0,Fase 5 (1° EM),0,,5.711166667,Quartzo,2023,5.0,0.0,0,Adequada/adiantada (≥ 0)
RA-1200,Aluno-1200,5N,5N,16.0,Feminino,2023,Pública,7.917,7.099419478000001,6.26,7.5,1.5,6.27,5.0,Fase 6 (2° EM),-1,Cursando,5.6415838956,Quartzo,2024,5.0,1.0,1,Moderada (−1 fase)
RA-1201,Aluno-1201,FASE 5,5C,15.0,Masculino,2023,Pública,9.2,9.6,3.77,8.59375,7.8,8.7575,10.0,Fase 5 (1° EM),0,,8.378008333,Topázio,2023,5.0,0.0,0,Adequada/adiantada (≥ 0)
RA-1201,Aluno-1201,5N,5N,16.0,Masculino,2023,Pública,8.751,9.523809523666666,7.51,8.333333333,9.0,8.56,5.0,Fase 6 (2° EM),-1,Cursando,8.376195238033333,Topázio,2024,5.0,1.0,1,Moderada (−1 fase)
RA-1202,Aluno-1202,FASE 5,5F,16.0,Feminino,2023,Pública,7.1,7.6,7.52,7.34375,3.3,6.67,5.0,Fase 6 (2° EM),-1,,6.202008333,Ágata,2023,5.0,0.0,1,Moderada (−1 fase)
RA-1203,Aluno-1203,FASE 5,5L,,Feminino,2023,Pública,9.2,10.0,2.52,7.96875,7.2,7.8775,5.0,Fase 6 (2° EM),-1,,7.487841667,Ametista,2023,5.0,0.0,1,Moderada (−1 fase)
RA-1203,Aluno-1203,6L,6L,17.0,Feminino,2023,Privada - Programa de Apadrinhamento,9.168,9.649122807,7.51,8.375,9.0,8.572,10.0,Fase 6 (2° EM),0,Cursando,8.9495245614,Topázio,2024,6.0,1.0,0,Adequada/adiantada (≥ 0)
RA-1204,Aluno-1204,FASE 5,5L,16.0,Masculino,2023,Pública,7.5,8.7,5.0,7.8125,6.1,7.2125,5.0,Fase 6 (2° EM),-1,,6.940416667,Ágata,2023,5.0,0.0,1,Moderada (−1 fase)
RA-1205,Aluno-1205,FASE 5,5L,18.0,Feminino,2023,Pública,9.2,9.2,6.26,7.5,5.0,7.085,2.5,Fase 8 (Universitários),-3,,6.806466667,Ágata,2023,5.0,0.0,1,Severa (≤ −2 fases)
RA-1206,Aluno-1206,FASE 5,5M,17.0,Feminino,2023,Pública,8.8,8.3,2.52,7.8125,5.6,7.7125,5.0,Fase 7 (3° EM),-2,,6.724183333,Ágata,2023,5.0,0.0,1,Severa (≤ −2 fases)
RA-1207,Aluno-1207,FASE 5,5M,,Feminino,2023,Pública,8.8,9.0,5.0,7.8125,5.5,7.63,10.0,Fase 5 (1° EM),0,,7.58235,Ametista,2023,5.0,0.0,0,Adequada/adiantada (≥ 0)
RA-1207,Aluno-1207,5M,5M,16.0,Feminino,2023,Pública,8.334,6.581140350999999,7.51,7.34375,5.333333333333333,6.5375,5.0,Fase 6 (2° EM),-1,Cursando,6.509169736866667,Ágata,2024,5.0,1.0,1,Moderada (−1 fase)
RA-1208,Aluno-1208,FASE 5,5M,15.0,Masculino,2023,Pública,8.8,8.8,2.52,6.875,6.2,6.2525,10.0,Fase 5 (1° EM),0,,7.0651,Ametista,2023,5.0,0.0,0,Adequada/adiantada (≥ 0)
RA-1209,Aluno-1209,FASE 5,5M,16.0,Feminino,2023,Pública,7.5,9.4,5.0,7.8125,7.4,7.7125,5.0,Fase 6 (2° EM),-1,,7.43375,Ametista,2023,5.0,0.0,1,Moderada (−1 fase)
RA-121,Aluno-121,4,B,16.0,Menina,2021,Escola Pública,7.1,8.4,6.3,,7.2,7.625,5.0,Fase 6 (2º EM),-2,,7.245,Ametista,2022,4.0,1.0,1,Severa (≤ −2 fases)
RA-121,Aluno-121,FASE 5,5A,,Feminino,2021,Pública,6.3,8.8,5.0,7.34375,6.0,7.4625,5.0,Fase 6 (2° EM),-1,,6.811875,Ágata,2023,5.0,2.0,1,Moderada (−1 fase)
RA-121,Aluno-121,5A,5A,17.0,Feminino,2021,Pública,8.751,8.152958153,6.26,7.25,8.833333333333334,6.764,5.0,Fase 7 (3° EM),-2,Cursando,7.476158297266668,Ametista,2024,5.0,3.0,1,Severa (≤ −2 fases)
RA-1210,Aluno-1210,FASE 5,5M,16.0,Feminino,2023,Pública,9.6,9.4,5.0,7.8125,4.7,8.09,5.0,Fase 6 (2° EM),-1,,7.171083333,Ametista,2023,5.0,0.0,1,Moderada (−1 fase)
RA-1210,Aluno-1210,6L,6L,17.0,Feminino,2023,Pública,9.585,10.0,7.51,7.875,5.5,8.166,10.0,Fase 6 (2° EM),0,Cursando,8.2302,Topázio,2024,6.0,1.0,0,Adequada/adiantada (≥ 0)
RA-1211,Aluno-1211,FASE 5,5M,16.0,Feminino,2023,Pública,7.1,9.1,5.0,7.8125,6.2,7.7125,5.0,Fase 6 (2° EM),-1,,7.09205,Ametista,2023,5.0,0.0,1,Moderada (−1 fase)
RA-1212,Aluno-1212,FASE 5,5M,16.0,Feminino,2023,Pública,8.3,8.9,5.0,7.65625,4.2,7.715,5.0,Fase 6 (2° EM),-1,,6.755358333,Ágata,2023,5.0,0.0,1,Moderada (−1 fase)
RA-1213,Aluno-1213,FASE 5,5M,,Feminino,2023,Pública,0.0,8.4,2.52,7.8125,6.0,7.715,5.0,Fase 7 (3° EM),-2,,5.95625,Quartzo,2023,5.0,0.0,1,Severa (≤ −2 fases)
RA-1214,Aluno-1214,FASE 6,6A,16.0,Masculino,2023,Pública,9.6,9.8,6.89,7.5,7.4,7.6725,10.0,Fase 6 (2° EM),0,,8.378666667,Topázio,2023,6.0,0.0,0,Adequada/adiantada (≥ 0)
RA-1214,Aluno-1214,7A,7A,17.0,Masculino,2023,Pública,10.002,9.081527348,8.13,8.28125,8.0,7.663333333,10.0,Fase 7 (3° EM),0,Cursando,8.5902971362,Topázio,2024,7.0,1.0,0,Adequada/adiantada (≥ 0)
RA-1215,Aluno-1215,FASE 6,6A,16.0,Feminino,2023,Pública,7.1,5.6,5.0,7.5,4.1,7.1725,10.0,Fase 6 (2° EM),0,,6.339466667,Ágata,2023,6.0,0.0,0,Adequada/adiantada (≥ 0)
RA-1216,Aluno-1216,FASE 6,6A,19.0,Feminino,2023,Concluiu o 3º EM,9.6,9.0,5.63,7.5,7.9,7.795,5.0,Fase 8 (Universitários),-2,,7.7105,Ametista,2023,6.0,0.0,1,Severa (≤ −2 fases)
RA-1216,Aluno-1216,8F,8F,20.0,Feminino,2023,Privada *Parcerias com Bolsa 100%,,0.0,,,,,10.0,Fase 8 (Universitários),0,Cursando,,,2024,8.0,1.0,0,Adequada/adiantada (≥ 0)
RA-1217,Aluno-1217,FASE 6,6L,17.0,Feminino,2023,Pública,0.0,7.9,5.63,7.65625,5.9,7.38,5.0,Fase 7 (3° EM),-1,,6.064625,Ágata,2023,6.0,0.0,1,Moderada (−1 fase)
RA-1218,Aluno-1218,FASE 6,6L,17.0,Masculino,2023,Pública,7.5,9.2,5.0,7.5,5.3,7.1325,5.0,Fase 7 (3° EM),-1,,6.8265,Ágata,2023,6.0,0.0,1,Moderada (−1 fase)
RA-1219,Aluno-1219,FASE 6,6L,,Feminino,2023,Pública,8.8,6.5,5.63,7.34375,6.3,7.38,10.0,Fase 6 (2° EM),0,,7.215141667,Ametista,2023,6.0,0.0,0,Adequada/adiantada (≥ 0)
RA-122,Aluno-122,4,B,14.0,Menina,2019,Escola Pública,7.9,3.4,7.5,,1.8,4.958,10.0,Fase 4 (9º ano),0,,5.061,Quartzo,2022,4.0,3.0,0,Adequada/adiantada (≥ 0)
RA-1220,Aluno-1220,FASE 6,6L,17.0,Feminino,2023,Pública,0.0,9.0,5.0,7.8125,6.8,7.63,5.0,Fase 7 (3° EM),-1,,6.46725,Ágata,2023,6.0,0.0,1,Moderada (−1 fase)
RA-1220,Aluno-1220,6L,6L,18.0,Feminino,2023,Concluiu o 3º EM,7.083,8.555555555666666,6.885,7.5,7.666666666666667,6.26,5.0,Fase 7 (3° EM),-1,Cursando,7.143244444466667,Ametista,2024,6.0,1.0,1,Moderada (−1 fase)
RA-1221,Aluno-1221,FASE 7,7A,22.0,Feminino,2023,Concluiu o 3º EM,9.2,9.1,6.26,8.0,8.7,8.09,5.0,Fase 8 (Universitários),-1,,8.027466667,Topázio,2023,7.0,0.0,1,Moderada (−1 fase)
RA-1221,Aluno-1221,8F,8F,23.0,Feminino,2023,Concluiu o 3º EM,,0.0,,,8.0,,10.0,Fase 8 (Universitários),0,Cursando,,,2024,8.0,1.0,0,Adequada/adiantada (≥ 0)
RA-1222,Aluno-1222,FASE 7,7A,,Feminino,2023,Nenhuma das opções acima,7.1,10.0,5.63,6.875,6.8,6.005,5.0,Fase 8 (Universitários),-1,,7.026466667,Ametista,2023,7.0,0.0,1,Moderada (−1 fase)
RA-1223,Aluno-1223,FASE 7,7A,,Masculino,2023,Pública,8.8,9.3,5.0,6.875,9.0,7.2925,10.0,Fase 7 (3° EM),0,,8.187766667,Topázio,2023,7.0,0.0,0,Adequada/adiantada (≥ 0)
RA-1224,Aluno-1224,FASE 7,7A,,Masculino,2023,Concluiu o 3º EM,8.3,9.4,5.0,7.125,8.0,7.6325,5.0,Fase 8 (Universitários),-1,,7.5524,Ametista,2023,7.0,0.0,1,Moderada (−1 fase)
RA-1224,Aluno-1224,8F,8F,21.0,Masculino,2023,Concluiu o 3º EM,,0.0,,,,,10.0,Fase 8 (Universitários),0,Cursando,,,2024,8.0,1.0,0,Adequada/adiantada (≥ 0)
RA-1225,Aluno-1225,FASE 7,7E,18.0,Feminino,2023,Concluiu o 3º EM,7.5,,2.52,,,,5.0,Fase 8 (Universitários),-1,,,,2023,7.0,0.0,1,Moderada (−1 fase)
RA-1225,Aluno-1225,8F,8F,19.0,Feminino,2021,Privada *Parcerias com Bolsa 100%,,0.0,,,,,10.0,Fase 8 (Universitários),0,Cursando,,,2024,8.0,3.0,0,Adequada/adiantada (≥ 0)
RA-1226,Aluno-1226,FASE 7,7E,,Feminino,2023,Privada *Parcerias com Bolsa 100%,9.2,,7.52,,,,10.0,Fase 6 (2° EM),1,,,,2023,7.0,0.0,0,Adequada/adiantada (≥ 0)
RA-1226,Aluno-1226,7E,7E,17.0,Feminino,2021,Privada *Parcerias com Bolsa 100%,8.334,9.0,6.885,7.5,6.066666666666666,7.5,10.0,Fase 7 (3° EM),0,Cursando,7.785233333333334,Ametista,2024,7.0,3.0,0,Adequada/adiantada (≥ 0)
RA-1227,Aluno-1227,FASE 7,7E,16.0,Feminino,2023,Privada - Programa de Apadrinhamento,9.2,,2.52,,,,10.0,Fase 6 (2° EM),1,,,,2023,7.0,0.0,0,Adequada/adiantada (≥ 0)
RA-1227,Aluno-1227,7E,7E,17.0,Feminino,2021,Privada - Programa de Apadrinhamento,8.751,0.0,7.195,7.5,0.0,7.5,10.0,Fase 7 (3° EM),0,Cursando,4.8446,Quartzo,2024,7.0,3.0,0,Adequada/adiantada (≥ 0)
RA-1228,Aluno-1228,FASE 7,7E,17.0,Feminino,2023,Privada - Programa de Apadrinhamento,7.5,,2.52,,,,10.0,Fase 7 (3° EM),0,,,,2023,7.0,0.0,0,Adequada/adiantada (≥ 0)
RA-1228,Aluno-1228,7E,7E,18.0,Feminino,2021,Privada - Programa de Apadrinhamento,8.751,0.0,7.51,7.5,0.0,7.5,10.0,Fase 7 (3° EM),0,Cursando,4.8761,Quartzo,2024,7.0,3.0,0,Adequada/adiantada (≥ 0)
RA-1229,Aluno-1229,FASE 7,7E,,Feminino,2023,Privada - Programa de Apadrinhamento,8.3,,7.52,,,,10.0,Fase 6 (2° EM),1,,,,2023,7.0,0.0,0,Adequada/adiantada (≥ 0)
RA-1229,Aluno-1229,7E,7E,17.0,Feminino,2021,Privada - Programa de Apadrinhamento,9.168,0.0,6.57,7.5,0.0,7.5,10.0,Fase 7 (3° EM),0,Cursando,4.8238,Quartzo,2024,7.0,3.0,0,Adequada/adiantada (≥ 0)
RA-123,Aluno-123,4,B,16.0,Menino,2017,Rede Decisão,7.9,8.6,5.6,,6.5,7.292,5.0,Fase 6 (2º EM),-2,,7.084,Ametista,2022,4.0,5.0,1,Severa (≤ −2 fases)
RA-123,Aluno-123,FASE 5,5A,17.0,Masculino,2017,Privada - Programa de Apadrinhamento,0.0,9.4,5.0,6.875,5.7,6.8375,5.0,Fase 7 (3° EM),-2,,6.068333333,Ágata,2023,5.0,6.0,1,Severa (≤ −2 fases)
RA-123,Aluno-123,6A,6A,18.0,Masculino,2021,Privada - Programa de Apadrinhamento,7.5,8.412698412666666,5.635,6.71875,7.166666666666667,6.43,5.0,Fase 7 (3° EM),-1,Cursando,6.887248015866668,Ágata,2024,6.0,3.0,1,Moderada (−1 fase)
RA-1230,Aluno-1230,FASE 7,7E,16.0,Feminino,2021,Privada - Programa de Apadrinhamento,0.0,,2.52,,,,10.0,Fase 6 (2° EM),1,,,,2023,7.0,2.0,0,Adequada/adiantada (≥ 0)
RA-1230,Aluno-1230,7E,7E,17.0,Feminino,2021,Privada - Programa de Apadrinhamento,7.917,0.0,7.195,7.5,0.0,7.5,10.0,Fase 7 (3° EM),0,Cursando,4.7612000000000005,Quartzo,2024,7.0,3.0,0,Adequada/adiantada (≥ 0)
RA-1231,Aluno-1231,FASE 8,8A,22.0,Masculino,2021,Privada *Parcerias com Bolsa 100%,,,,,,,10.0,Fase 8 (Universitários),0,,,,2023,8.0,2.0,0,Adequada/adiantada (≥ 0)
RA-1231,Aluno-1231,9,9,23.0,Masculino,2021,Privada,,0.0,,,,,10.0,Fase 8 (Universitários),1,Cursando,,INCLUIR,2024,9.0,3.0,0,Adequada/adiantada (≥ 0)
RA-1232,Aluno-1232,FASE 8,8A,21.0,Masculino,2021,Privada *Parcerias com Bolsa 100%,,,,,,,10.0,Fase 8 (Universitários),0,,,,2023,8.0,2.0,0,Adequada/adiantada (≥ 0)
RA-1232,Aluno-1232,9,9,22.0,Masculino,2021,Privada,,0.0,,,,,10.0,Fase 8 (Universitários),1,Cursando,,INCLUIR,2024,9.0,3.0,0,Adequada/adiantada (≥ 0)
RA-1233,Aluno-1233,FASE 8,8A,22.0,Feminino,2021,Privada *Parcerias com Bolsa 100%,,,,,,,10.0,Fase 8 (Universitários),0,,,,2023,8.0,2.0,0,Adequada/adiantada (≥ 0)
RA-1233,Aluno-1233,9,9,23.0,Feminino,2021,Privada,,0.0,,,,,10.0,Fase 8 (Universitários),1,Cursando,,INCLUIR,2024,9.0,3.0,0,Adequada/adiantada (≥ 0)
RA-1234,Aluno-1234,FASE 8,8A,,Feminino,2021,Privada *Parcerias com Bolsa 100%,,,,,,,10.0,Fase 8 (Universitários),0,,,,2023,8.0,2.0,0,Adequada/adiantada (≥ 0)
RA-1234,Aluno-1234,8A,8A,21.0,Feminino,2021,Privada,,0.0,,,,,10.0,Fase 8 (Universitários),0,Cursando,,,2024,8.0,3.0,0,Adequada/adiantada (≥ 0)
RA-1235,Aluno-1235,FASE 8,8A,21.0,Masculino,2021,Privada *Parcerias com Bolsa 100%,,,,,,,10.0,Fase 8 (Universitários),0,,,,2023,8.0,2.0,0,Adequada/adiantada (≥ 0)
RA-1235,Aluno-1235,9,9,22.0,Masculino,2021,Privada,,0.0,,,,,10.0,Fase 8 (Universitários),1,Cursando,,INCLUIR,2024,9.0,3.0,0,Adequada/adiantada (≥ 0)
RA-1236,Aluno-1236,FASE 8,8A,21.0,Feminino,2021,Privada *Parcerias com Bolsa 100%,,,,,,,10.0,Fase 8 (Universitários),0,,,,2023,8.0,2.0,0,Adequada/adiantada (≥ 0)
RA-1236,Aluno-1236,8A,8A,22.0,Feminino,2021,Privada,,0.0,,,,,10.0,Fase 8 (Universitários),0,Cursando,,,2024,8.0,3.0,0,Adequada/adiantada (≥ 0)
RA-1237,Aluno-1237,FASE 8,8A,,Feminino,2021,Privada *Parcerias com Bolsa 100%,,,,,,,10.0,Fase 8 (Universitários),0,,,,2023,8.0,2.0,0,Adequada/adiantada (≥ 0)
RA-1237,Aluno-1237,9,9,22.0,Feminino,2021,Privada *Parcerias com Bolsa 100%,,0.0,,,,,10.0,Fase 8 (Universitários),1,Cursando,,INCLUIR,2024,9.0,3.0,0,Adequada/adiantada (≥ 0)
RA-1238,Aluno-1238,FASE 8,8A,21.0,Feminino,2021,Privada *Parcerias com Bolsa 100%,,,,,,,10.0,Fase 8 (Universitários),0,,,,2023,8.0,2.0,0,Adequada/adiantada (≥ 0)
RA-1238,Aluno-1238,9,9,22.0,Feminino,2021,Privada,,0.0,,,,,10.0,Fase 8 (Universitários),1,Cursando,,INCLUIR,2024,9.0,3.0,0,Adequada/adiantada (≥ 0)
RA-1239,Aluno-1239,FASE 8,8B,,Feminino,2021,Privada *Parcerias com Bolsa 100%,,,,,,,10.0,Fase 8 (Universitários),0,,,,2023,8.0,2.0,0,Adequada/adiantada (≥ 0)
RA-1239,Aluno-1239,8B,8B,21.0,Feminino,2021,Privada - Pagamento por *Empresa Parceira,,0.0,,,,,10.0,Fase 8 (Universitários),0,Cursando,,,2024,8.0,3.0,0,Adequada/adiantada (≥ 0)
RA-124,Aluno-124,4,B,14.0,Menino,2016,Rede Decisão,7.9,7.8,5.0,,6.7,7.167,10.0,Fase 4 (9º ano),0,,7.388,Ametista,2022,4.0,6.0,0,Adequada/adiantada (≥ 0)
RA-1240,Aluno-1240,FASE 8,8B,20.0,Masculino,2021,Privada *Parcerias com Bolsa 100%,,,,,,,10.0,Fase 8 (Universitários),0,,,,2023,8.0,2.0,0,Adequada/adiantada (≥ 0)
RA-1240,Aluno-1240,8B,8B,21.0,Masculino,2021,Privada,,0.0,,,,,10.0,Fase 8 (Universitários),0,Cursando,,,2024,8.0,3.0,0,Adequada/adiantada (≥ 0)
RA-1241,Aluno-1241,FASE 8,8B,,Feminino,2021,Privada *Parcerias com Bolsa 100%,,,,,,,10.0,Fase 8 (Universitários),0,,,,2023,8.0,2.0,0,Adequada/adiantada (≥ 0)
RA-1241,Aluno-1241,8B,8B,21.0,Feminino,2021,Privada,,0.0,,,,,10.0,Fase 8 (Universitários),0,Cursando,,,2024,8.0,3.0,0,Adequada/adiantada (≥ 0)
RA-1242,Aluno-1242,FASE 8,8B,19.0,Feminino,2021,Privada *Parcerias com Bolsa 100%,,,,,,,10.0,Fase 8 (Universitários),0,,,,2023,8.0,2.0,0,Adequada/adiantada (≥ 0)
RA-1242,Aluno-1242,8B,8B,20.0,Feminino,2021,Privada,,0.0,,,,,10.0,Fase 8 (Universitários),0,Cursando,,,2024,8.0,3.0,0,Adequada/adiantada (≥ 0)
RA-1243,Aluno-1243,FASE 8,8B,,Feminino,2021,Privada *Parcerias com Bolsa 100%,,,,,,,10.0,Fase 8 (Universitários),0,,,,2023,8.0,2.0,0,Adequada/adiantada (≥ 0)
RA-1244,Aluno-1244,FASE 8,8B,20.0,Feminino,2021,Privada *Parcerias com Bolsa 100%,,,,,,,10.0,Fase 8 (Universitários),0,,,,2023,8.0,2.0,0,Adequada/adiantada (≥ 0)
RA-1244,Aluno-1244,8B,8B,21.0,Feminino,2021,Privada,,0.0,,,,,10.0,Fase 8 (Universitários),0,Cursando,,,2024,8.0,3.0,0,Adequada/adiantada (≥ 0)
RA-1245,Aluno-1245,FASE 8,8B,,Masculino,2021,Privada *Parcerias com Bolsa 100%,,,,,,,10.0,Fase 8 (Universitários),0,,,,2023,8.0,2.0,0,Adequada/adiantada (≥ 0)
RA-1245,Aluno-1245,8B,8B,21.0,Masculino,2021,Privada,,0.0,,,,,10.0,Fase 8 (Universitários),0,Cursando,,,2024,8.0,3.0,0,Adequada/adiantada (≥ 0)
RA-1246,Aluno-1246,FASE 8,8B,20.0,Feminino,2021,Privada - Pagamento por *Empresa Parceira,,,,,,,10.0,Fase 8 (Universitários),0,,,,2023,8.0,2.0,0,Adequada/adiantada (≥ 0)
RA-1246,Aluno-1246,8B,8B,21.0,Feminino,2021,Privada,,0.0,,,,,10.0,Fase 8 (Universitários),0,Cursando,,,2024,8.0,3.0,0,Adequada/adiantada (≥ 0)
RA-1247,Aluno-1247,FASE 8,8B,21.0,Feminino,2021,Privada *Parcerias com Bolsa 100%,,,,,,,10.0,Fase 8 (Universitários),0,,,,2023,8.0,2.0,0,Adequada/adiantada (≥ 0)
RA-1248,Aluno-1248,FASE 8,8B,20.0,Masculino,2021,Privada *Parcerias com Bolsa 100%,,,,,,,10.0,Fase 8 (Universitários),0,,,,2023,8.0,2.0,0,Adequada/adiantada (≥ 0)
RA-1248,Aluno-1248,8B,8B,21.0,Masculino,2021,Privada,,0.0,,,,,10.0,Fase 8 (Universitários),0,Cursando,,,2024,8.0,3.0,0,Adequada/adiantada (≥ 0)
RA-1249,Aluno-1249,FASE 8,8B,,Masculino,2021,Privada *Parcerias com Bolsa 100%,,,,,,,10.0,Fase 8 (Universitários),0,,,,2023,8.0,2.0,0,Adequada/adiantada (≥ 0)
RA-1249,Aluno-1249,8B,8B,27.0,Masculino,2021,Privada,,0.0,,,,,10.0,Fase 8 (Universitários),0,Cursando,,,2024,8.0,3.0,0,Adequada/adiantada (≥ 0)
RA-125,Aluno-125,4,B,15.0,Menina,2022,Escola Pública,8.8,8.5,7.5,,7.1,7.75,5.0,Fase 5 (1º EM),-1,,7.619,Ametista,2022,4.0,0.0,1,Moderada (−1 fase)
RA-125,Aluno-125,FASE 5,5A,16.0,Feminino,2022,Privada,9.2,7.7,5.0,8.125,5.8,7.835,5.0,Fase 6 (2° EM),-1,,6.989633333,Ágata,2023,5.0,1.0,1,Moderada (−1 fase)
RA-125,Aluno-125,6A,6A,17.0,Feminino,2022,Privada,8.334,5.6428571430000005,7.51,7.34375,6.166666666666667,7.232,5.0,Fase 7 (3° EM),-1,Cursando,6.627079761933334,Ágata,2024,6.0,2.0,1,Moderada (−1 fase)
RA-1250,Aluno-1250,FASE 8,8B,,Masculino,2021,Privada - Pagamento por *Empresa Parceira,,,,,,,10.0,Fase 8 (Universitários),0,,,,2023,8.0,2.0,0,Adequada/adiantada (≥ 0)
RA-1250,Aluno-1250,8B,8B,21.0,Masculino,2021,Privada - Pagamento por *Empresa Parceira,,0.0,,,,,10.0,Fase 8 (Universitários),0,Cursando,,,2024,8.0,3.0,0,Adequada/adiantada (≥ 0)
RA-1251,Aluno-1251,FASE 8,8B,20.0,Feminino,2021,Privada *Parcerias com Bolsa 100%,,,,,,,10.0,Fase 8 (Universitários),0,,,,2023,8.0,2.0,0,Adequada/adiantada (≥ 0)
RA-1251,Aluno-1251,8B,8B,21.0,Feminino,2021,Privada,,0.0,,,,,10.0,Fase 8 (Universitários),0,Cursando,,,2024,8.0,3.0,0,Adequada/adiantada (≥ 0)
RA-1252,Aluno-1252,FASE 8,8B,,Feminino,2021,Privada *Parcerias com Bolsa 100%,,,,,,,10.0,Fase 8 (Universitários),0,,,,2023,8.0,2.0,0,Adequada/adiantada (≥ 0)
RA-1252,Aluno-1252,9,9,22.0,Feminino,2021,Privada,,0.0,,,,,10.0,Fase 8 (Universitários),1,Cursando,,INCLUIR,2024,9.0,3.0,0,Adequada/adiantada (≥ 0)
RA-1253,Aluno-1253,FASE 8,8D,23.0,Feminino,2021,Privada *Parcerias com Bolsa 100%,,,,,,,10.0,Fase 8 (Universitários),0,,,,2023,8.0,2.0,0,Adequada/adiantada (≥ 0)
RA-1253,Aluno-1253,8D,8D,24.0,Feminino,2021,Privada,,0.0,,,,,10.0,Fase 8 (Universitários),0,Cursando,,,2024,8.0,3.0,0,Adequada/adiantada (≥ 0)
RA-1254,Aluno-1254,FASE 8,8D,19.0,Masculino,2021,Privada *Parcerias com Bolsa 100%,,,,,,,10.0,Fase 8 (Universitários),0,,,,2023,8.0,2.0,0,Adequada/adiantada (≥ 0)
RA-1254,Aluno-1254,9,9,20.0,Masculino,2021,Privada,,0.0,,,,,10.0,Fase 8 (Universitários),1,Cursando,,INCLUIR,2024,9.0,3.0,0,Adequada/adiantada (≥ 0)
RA-1255,Aluno-1255,FASE 8,8D,,Masculino,2021,Privada *Parcerias com Bolsa 100%,,,,,,,10.0,Fase 8 (Universitários),0,,,,2023,8.0,2.0,0,Adequada/adiantada (≥ 0)
RA-1255,Aluno-1255,8D,8D,20.0,Masculino,2021,Privada,,0.0,,,,,10.0,Fase 8 (Universitários),0,Cursando,,,2024,8.0,3.0,0,Adequada/adiantada (≥ 0)
RA-1256,Aluno-1256,FASE 8,8D,18.0,Feminino,2021,Privada *Parcerias com Bolsa 100%,,,,,,,10.0,Fase 8 (Universitários),0,,,,2023,8.0,2.0,0,Adequada/adiantada (≥ 0)
RA-1256,Aluno-1256,8D,8D,19.0,Feminino,2021,Privada,,0.0,,,,,10.0,Fase 8 (Universitários),0,Cursando,,,2024,8.0,3.0,0,Adequada/adiantada (≥ 0)
RA-1257,Aluno-1257,FASE 8,8D,18.0,Masculino,2021,Privada *Parcerias com Bolsa 100%,,,,,,,10.0,Fase 8 (Universitários),0,,,,2023,8.0,2.0,0,Adequada/adiantada (≥ 0)
RA-1257,Aluno-1257,8D,8D,19.0,Masculino,2021,Privada,,0.0,,,,,10.0,Fase 8 (Universitários),0,Cursando,,,2024,8.0,3.0,0,Adequada/adiantada (≥ 0)
RA-1258,Aluno-1258,FASE 8,8D,24.0,Masculino,2021,Privada *Parcerias com Bolsa 100%,,,,,,,10.0,Fase 8 (Universitários),0,,,,2023,8.0,2.0,0,Adequada/adiantada (≥ 0)
RA-1258,Aluno-1258,9,9,25.0,Masculino,2021,Privada,,0.0,,,,,10.0,Fase 8 (Universitários),1,Cursando,,INCLUIR,2024,9.0,3.0,0,Adequada/adiantada (≥ 0)
RA-1259,Aluno-1259,FASE 8,8D,,Feminino,2021,Privada *Parcerias com Bolsa 100%,,,,,,,10.0,Fase 8 (Universitários),0,,,,2023,8.0,2.0,0,Adequada/adiantada (≥ 0)
RA-1259,Aluno-1259,8D,8D,20.0,Feminino,2021,Privada,,0.0,,,,,10.0,Fase 8 (Universitários),0,Cursando,,,2024,8.0,3.0,0,Adequada/adiantada (≥ 0)
RA-126,Aluno-126,4,B,15.0,Menino,2018,Escola Pública,7.1,5.8,7.5,,4.4,7.417,5.0,Fase 5 (1º EM),-1,,6.289,Ágata,2022,4.0,4.0,1,Moderada (−1 fase)
RA-1260,Aluno-1260,FASE 8,8D,,Masculino,2021,Privada *Parcerias com Bolsa 100%,,,,,,,10.0,Fase 8 (Universitários),0,,,,2023,8.0,2.0,0,Adequada/adiantada (≥ 0)
RA-1260,Aluno-1260,9,9,20.0,Masculino,2021,Privada,,0.0,,,,,10.0,Fase 8 (Universitários),1,Cursando,,INCLUIR,2024,9.0,3.0,0,Adequada/adiantada (≥ 0)
RA-1261,Aluno-1261,FASE 8,8D,,Feminino,2021,Privada *Parcerias com Bolsa 100%,,,,,,,10.0,Fase 8 (Universitários),0,,,,2023,8.0,2.0,0,Adequada/adiantada (≥ 0)
RA-1261,Aluno-1261,8D,8D,20.0,Feminino,2021,Privada,,0.0,,,,,10.0,Fase 8 (Universitários),0,Cursando,,,2024,8.0,3.0,0,Adequada/adiantada (≥ 0)
RA-1262,Aluno-1262,FASE 8,8D,19.0,Feminino,2021,Privada *Parcerias com Bolsa 100%,,,,,,,10.0,Fase 8 (Universitários),0,,,,2023,8.0,2.0,0,Adequada/adiantada (≥ 0)
RA-1262,Aluno-1262,8D,8D,20.0,Feminino,2021,Privada,,0.0,,,,,10.0,Fase 8 (Universitários),0,Cursando,,,2024,8.0,3.0,0,Adequada/adiantada (≥ 0)
RA-1263,Aluno-1263,FASE 8,8D,,Feminino,2021,Privada *Parcerias com Bolsa 100%,,,,,,,10.0,Fase 8 (Universitários),0,,,,2023,8.0,2.0,0,Adequada/adiantada (≥ 0)
RA-1263,Aluno-1263,8D,8D,21.0,Feminino,2021,Privada *Parcerias com Bolsa 100%,,0.0,,,,,10.0,Fase 8 (Universitários),0,Cursando,,,2024,8.0,3.0,0,Adequada/adiantada (≥ 0)
RA-1264,Aluno-1264,FASE 8,8D,,Feminino,2021,Privada *Parcerias com Bolsa 100%,,,,,,,10.0,Fase 8 (Universitários),0,,,,2023,8.0,2.0,0,Adequada/adiantada (≥ 0)
RA-1264,Aluno-1264,8D,8D,21.0,Feminino,2021,Privada,,0.0,,,,,10.0,Fase 8 (Universitários),0,Cursando,,,2024,8.0,3.0,0,Adequada/adiantada (≥ 0)
RA-1265,Aluno-1265,FASE 8,8D,,Masculino,2022,Privada *Parcerias com Bolsa 100%,,,,,,,10.0,Fase 8 (Universitários),0,,,,2023,8.0,1.0,0,Adequada/adiantada (≥ 0)
RA-1265,Aluno-1265,8D,8D,21.0,Masculino,2022,Pública,,0.0,,,,,10.0,Fase 8 (Universitários),0,Cursando,,,2024,8.0,2.0,0,Adequada/adiantada (≥ 0)
RA-1266,Aluno-1266,FASE 8,8D,,Feminino,2021,Privada *Parcerias com Bolsa 100%,,,,,,,10.0,Fase 8 (Universitários),0,,,,2023,8.0,2.0,0,Adequada/adiantada (≥ 0)
RA-1266,Aluno-1266,9,9,20.0,Feminino,2021,Privada,,0.0,,,,,10.0,Fase 8 (Universitários),1,Cursando,,INCLUIR,2024,9.0,3.0,0,Adequada/adiantada (≥ 0)
RA-1267,Aluno-1267,FASE 8,8D,22.0,Feminino,2021,Privada *Parcerias com Bolsa 100%,,,,,,,10.0,Fase 8 (Universitários),0,,,,2023,8.0,2.0,0,Adequada/adiantada (≥ 0)
RA-1267,Aluno-1267,9,9,23.0,Feminino,2021,Privada,,0.0,,,,,10.0,Fase 8 (Universitários),1,Cursando,,INCLUIR,2024,9.0,3.0,0,Adequada/adiantada (≥ 0)
RA-1268,Aluno-1268,FASE 8,8D,19.0,Masculino,2021,Privada *Parcerias com Bolsa 100%,,,,,,,10.0,Fase 8 (Universitários),0,,,,2023,8.0,2.0,0,Adequada/adiantada (≥ 0)
RA-1268,Aluno-1268,9,9,20.0,Masculino,2021,Privada,,0.0,,,,,10.0,Fase 8 (Universitários),1,Cursando,,INCLUIR,2024,9.0,3.0,0,Adequada/adiantada (≥ 0)
RA-1269,Aluno-1269,FASE 8,8E,18.0,Feminino,2021,Privada - Pagamento por *Empresa Parceira,,,,,,,10.0,Fase 8 (Universitários),0,,,,2023,8.0,2.0,0,Adequada/adiantada (≥ 0)
RA-1269,Aluno-1269,8E,8E,19.0,Feminino,2021,Privada - Pagamento por *Empresa Parceira,,0.0,,,,,10.0,Fase 8 (Universitários),0,Cursando,,,2024,8.0,3.0,0,Adequada/adiantada (≥ 0)
RA-127,Aluno-127,4,B,14.0,Menina,2022,Escola Pública,7.5,8.7,7.5,,7.9,8.125,10.0,Fase 4 (9º ano),0,,8.283,Topázio,2022,4.0,0.0,0,Adequada/adiantada (≥ 0)
RA-127,Aluno-127,FASE 5,5B,15.0,Feminino,2022,Pública,8.8,7.8,6.26,8.4375,6.4,8.6725,10.0,Fase 5 (1° EM),0,,7.91935,Ametista,2023,5.0,1.0,0,Adequada/adiantada (≥ 0)
RA-127,Aluno-127,5A,5A,16.0,Feminino,2022,Privada - Programa de Apadrinhamento,8.751,9.488636363666666,7.51,7.625,7.833333333333333,8.538,10.0,Fase 5 (1° EM),0,Cursando,8.5605939394,Topázio,2024,5.0,2.0,0,Adequada/adiantada (≥ 0)
RA-1270,Aluno-1270,FASE 8,8E,19.0,Feminino,2021,Privada *Parcerias com Bolsa 100%,,,,,,,10.0,Fase 8 (Universitários),0,,,,2023,8.0,2.0,0,Adequada/adiantada (≥ 0)
RA-1270,Aluno-1270,8E,8E,20.0,Feminino,2021,Privada - Pagamento por *Empresa Parceira,,0.0,,,,,10.0,Fase 8 (Universitários),0,Cursando,,,2024,8.0,3.0,0,Adequada/adiantada (≥ 0)
RA-1271,Aluno-1271,FASE 8,8E,18.0,Feminino,2021,Privada *Parcerias com Bolsa 100%,,,,,,,10.0,Fase 8 (Universitários),0,,,,2023,8.0,2.0,0,Adequada/adiantada (≥ 0)
RA-1271,Aluno-1271,8E,8E,19.0,Feminino,2021,Privada *Parcerias com Bolsa 100%,,0.0,,,,,10.0,Fase 8 (Universitários),0,Cursando,,,2024,8.0,3.0,0,Adequada/adiantada (≥ 0)
RA-1272,Aluno-1272,FASE 8,8E,,Feminino,2021,Privada *Parcerias com Bolsa 100%,,,,,,,10.0,Fase 8 (Universitários),0,,,,2023,8.0,2.0,0,Adequada/adiantada (≥ 0)
RA-1272,Aluno-1272,8E,8E,20.0,Feminino,2021,Privada *Parcerias com Bolsa 100%,,0.0,,,,,10.0,Fase 8 (Universitários),0,Cursando,,,2024,8.0,3.0,0,Adequada/adiantada (≥ 0)
RA-1273,Aluno-1273,FASE 8,8E,17.0,Feminino,2023,Privada - Pagamento por *Empresa Parceira,,,,,,,10.0,Fase 7 (3° EM),1,,,,2023,8.0,0.0,0,Adequada/adiantada (≥ 0)
RA-1273,Aluno-1273,8E,8E,18.0,Feminino,2023,Privada *Parcerias com Bolsa 100%,,0.0,,,,,10.0,Fase 8 (Universitários),0,Cursando,,,2024,8.0,1.0,0,Adequada/adiantada (≥ 0)
RA-1274,Aluno-1274,FASE 8,8E,,Feminino,2021,Privada - Pagamento por *Empresa Parceira,,,,,,,10.0,Fase 8 (Universitários),0,,,,2023,8.0,2.0,0,Adequada/adiantada (≥ 0)
RA-1274,Aluno-1274,8E,8E,19.0,Feminino,2021,Privada - Pagamento por *Empresa Parceira,,0.0,,,,,10.0,Fase 8 (Universitários),0,Cursando,,,2024,8.0,3.0,0,Adequada/adiantada (≥ 0)
RA-1275,Aluno-1275,ALFA,ALFA A - G0/G1,8.0,Masculino,2024,Pública,10.002,8.6666666665,6.26,5.625,8.0,5.446666667,10.0,ALFA (1° e 2° ano),0,Cursando,7.611366666700001,Ametista,2024,0.0,0.0,0,Adequada/adiantada (≥ 0)
RA-1276,Aluno-1276,ALFA,ALFA A - G0/G1,8.0,Feminino,2024,Pública,10.002,9.3333333335,3.76,7.5,8.0,7.05,10.0,ALFA (1° e 2° ano),0,Cursando,8.002866666700001,Topázio,2024,0.0,0.0,0,Adequada/adiantada (≥ 0)
RA-1277,Aluno-1277,ALFA,ALFA A - G0/G1,8.0,Masculino,2024,Pública,10.002,9.0833333335,3.76,7.5,8.0,7.046666667,10.0,ALFA (1° e 2° ano),0,Cursando,7.952200000100001,Ametista,2024,0.0,0.0,0,Adequada/adiantada (≥ 0)
RA-1278,Aluno-1278,ALFA,ALFA A - G0/G1,9.0,Masculino,2024,Pública,9.002,4.1666666665,3.76,5.0,7.5,4.173333333,5.0,Fase 1 (3° e 4° ano),-1,Cursando,5.444199999900001,Quartzo,2024,0.0,0.0,1,Moderada (−1 fase)
RA-1279,Aluno-1279,ALFA,ALFA B - G2/G3,9.0,Feminino,2024,Pública,10.002,10.0,6.26,7.5,8.25,7.78,5.0,Fase 1 (3° e 4° ano),-1,Cursando,8.0822,Topázio,2024,0.0,0.0,1,Moderada (−1 fase)
RA-128,Aluno-128,4,B,15.0,Menino,2019,Escola Pública,0.0,6.2,7.5,,5.6,6.167,5.0,Fase 5 (1º EM),-1,,5.563,Quartzo,2022,4.0,3.0,1,Moderada (−1 fase)
RA-128,Aluno-128,FASE 5,5A,16.0,Masculino,2019,Privada,6.7,7.3,5.0,7.34375,5.7,7.5475,5.0,Fase 6 (2° EM),-1,,6.503908333,Ágata,2023,5.0,4.0,1,Moderada (−1 fase)
RA-1280,Aluno-1280,ALFA,ALFA B - G2/G3,9.0,Masculino,2024,Pública,10.002,9.5454545455,6.26,7.5,8.5,8.336666667,5.0,Fase 1 (3° e 4° ano),-1,Cursando,8.152624242500002,Topázio,2024,0.0,0.0,1,Moderada (−1 fase)
RA-1281,Aluno-1281,ALFA,ALFA B - G2/G3,9.0,Feminino,2024,Pública,7.918,9.5454545455,6.26,7.5,9.25,7.78,5.0,Fase 1 (3° e 4° ano),-1,Cursando,7.982890909100001,Ametista,2024,0.0,0.0,1,Moderada (−1 fase)
RA-1282,Aluno-1282,ALFA,ALFA B - G2/G3,9.0,Feminino,2024,Pública,9.502,8.1136363635,6.26,7.5,9.25,7.89,5.0,Fase 1 (3° e 4° ano),-1,Cursando,7.8769272727000015,Ametista,2024,0.0,0.0,1,Moderada (−1 fase)
RA-1283,Aluno-1283,ALFA,ALFA B - G2/G3,10.0,Masculino,2024,Pública,10.002,9.230769231,7.51,7.5,9.0,8.28,5.0,Fase 2 (5° e 6° ano),-2,Cursando,8.3033538462,Topázio,2024,0.0,0.0,1,Severa (≤ −2 fases)
RA-1284,Aluno-1284,ALFA,ALFA C - G0/G1,8.0,Feminino,2024,Pública,9.002,9.347826087,2.51,7.8125,10.0,7.89,10.0,ALFA (1° e 2° ano),0,Cursando,8.3800152174,Topázio,2024,0.0,0.0,0,Adequada/adiantada (≥ 0)
RA-1285,Aluno-1285,ALFA,ALFA C - G0/G1,7.0,Feminino,2024,Pública,10.002,8.830227742999998,2.51,7.5,8.0,8.946666667,10.0,ALFA (1° e 2° ano),0,Cursando,8.156578882000002,Topázio,2024,0.0,0.0,0,Adequada/adiantada (≥ 0)
RA-1286,Aluno-1286,ALFA,ALFA C - G0/G1,7.0,Masculino,2024,Pública,8.002,5.051759834,2.51,5.3125,7.0,4.61,10.0,ALFA (1° e 2° ano),0,Cursando,5.914801966800001,Quartzo,2024,0.0,0.0,0,Adequada/adiantada (≥ 0)
RA-1287,Aluno-1287,ALFA,ALFA C - G0/G1,8.0,Feminino,2024,Pública,10.002,9.3064182195,2.51,8.125,7.75,8.223333333,5.0,Fase 1 (3° e 4° ano),-1,Cursando,7.619650310500001,Ametista,2024,0.0,0.0,1,Moderada (−1 fase)
RA-1288,Aluno-1288,ALFA,ALFA C - G0/G1,7.0,Feminino,2024,Pública,9.002,7.9813664595,2.51,7.1875,10.0,7.273333333,10.0,ALFA (1° e 2° ano),0,Cursando,7.9208899585,Ametista,2024,0.0,0.0,0,Adequada/adiantada (≥ 0)
RA-1289,Aluno-1289,ALFA,ALFA D - G2/G3,10.0,Feminino,2024,Pública,7.002,9.4444444445,7.51,5.9375,7.75,6.166666667,5.0,Fase 1 (3° e 4° ano),-1,Cursando,7.2171722223,Ametista,2024,0.0,0.0,1,Moderada (−1 fase)
RA-129,Aluno-129,4,B,15.0,Menino,2019,Escola Pública,6.7,6.4,7.5,,6.7,7.792,5.0,Fase 5 (1º EM),-1,,6.926,Ágata,2022,4.0,3.0,1,Moderada (−1 fase)
RA-1290,Aluno-1290,ALFA,ALFA D - G2/G3,9.0,Masculino,2024,Pública,10.002,10.0,7.51,7.5,8.75,8.28,5.0,Fase 1 (3° e 4° ano),-1,Cursando,8.407200000000001,Topázio,2024,0.0,0.0,1,Moderada (−1 fase)
RA-1291,Aluno-1291,ALFA,ALFA D - G2/G3,9.0,Masculino,2024,Pública,9.502,9.5,7.51,7.5,8.25,7.89,5.0,Fase 1 (3° e 4° ano),-1,Cursando,8.079200000000002,Topázio,2024,0.0,0.0,1,Moderada (−1 fase)
RA-1292,Aluno-1292,ALFA,ALFA D - G2/G3,9.0,Feminino,2024,Pública,7.502,4.7727272725,7.51,7.1875,8.25,7.893333333,5.0,Fase 1 (3° e 4° ano),-1,Cursando,6.9031621211,Ágata,2024,0.0,0.0,1,Moderada (−1 fase)
RA-1293,Aluno-1293,ALFA,ALFA D - G2/G3,9.0,Feminino,2024,Pública,8.002,9.4949494945,7.51,6.875,8.5,8.336666667,5.0,Fase 1 (3° e 4° ano),-1,Cursando,8.005023232300001,Topázio,2024,0.0,0.0,1,Moderada (−1 fase)
RA-1294,Aluno-1294,ALFA,ALFA D - G2/G3,10.0,Masculino,2024,Pública,9.502,10.0,7.51,6.875,7.75,7.553333333,5.0,Fase 2 (5° e 6° ano),-2,Cursando,7.9493666666,Ametista,2024,0.0,0.0,1,Severa (≤ −2 fases)
RA-1295,Aluno-1295,ALFA,ALFA E - G2/G3,8.0,Feminino,2024,Pública,10.002,9.5227272725,2.51,7.5,7.5,8.28,10.0,ALFA (1° e 2° ano),0,Cursando,8.0617454545,Topázio,2024,0.0,0.0,0,Adequada/adiantada (≥ 0)
RA-1296,Aluno-1296,ALFA,ALFA E - G2/G3,9.0,Feminino,2024,Pública,9.002,8.4444444445,2.51,7.5,6.5,8.336666667,5.0,Fase 1 (3° e 4° ano),-1,Cursando,7.0574222223000005,Ametista,2024,0.0,0.0,1,Moderada (−1 fase)
RA-1297,Aluno-1297,ALFA,ALFA E - G2/G3,8.0,Masculino,2024,Pública,9.502,9.761904762,2.51,7.5,9.25,6.833333333,5.0,Fase 1 (3° e 4° ano),-1,Cursando,7.620247619000001,Ametista,2024,0.0,0.0,1,Moderada (−1 fase)
RA-1298,Aluno-1298,ALFA,ALFA E - G2/G3,8.0,Masculino,2024,Pública,9.502,6.643356643500001,7.51,7.1875,6.75,7.393333333,10.0,ALFA (1° e 2° ano),0,Cursando,7.577287995300001,Ametista,2024,0.0,0.0,0,Adequada/adiantada (≥ 0)
RA-1299,Aluno-1299,ALFA,ALFA E - G2/G3,10.0,Masculino,2024,Pública,8.502,7.638888889,7.51,7.1875,6.5,7.11,5.0,Fase 2 (5° e 6° ano),-2,Cursando,7.069727777800001,Ametista,2024,0.0,0.0,1,Severa (≤ −2 fases)
RA-13,Aluno-13,7,A,18.0,Menino,2016,Escola Pública,7.9,7.4,7.5,,4.7,8.056,5.0,Fase 8 (Universitários),-1,,6.902,Ágata,2022,7.0,6.0,1,Moderada (−1 fase)
RA-13,Aluno-13,FASE 8,8E,18.0,Masculino,2016,Privada *Parcerias com Bolsa 100%,,,,,,,10.0,Fase 8 (Universitários),0,,,,2023,8.0,7.0,0,Adequada/adiantada (≥ 0)
RA-13,Aluno-13,8D,8D,19.0,Masculino,2021,Privada *Parcerias com Bolsa 100%,,0.0,,,,,10.0,Fase 8 (Universitários),0,Cursando,,,2024,8.0,3.0,0,Adequada/adiantada (≥ 0)
RA-130,Aluno-130,4,F,16.0,Menina,2018,Escola Pública,8.3,4.7,5.0,,4.1,6.5,5.0,Fase 6 (2º EM),-2,,5.624,Quartzo,2022,4.0,4.0,1,Severa (≤ −2 fases)
RA-1300,Aluno-1300,ALFA,ALFA F - G0/G1,8.0,Feminino,2024,Pública,8.502,8.75,2.51,7.5,9.0,8.613333333,5.0,Fase 1 (3° e 4° ano),-1,Cursando,7.623866666600001,Ametista,2024,0.0,0.0,1,Moderada (−1 fase)
RA-1301,Aluno-1301,ALFA,ALFA F - G0/G1,8.0,Masculino,2024,Pública,9.502,2.9166666665000003,2.51,7.5,7.0,6.0,5.0,Fase 1 (3° e 4° ano),-1,Cursando,5.6345333333,Quartzo,2024,0.0,0.0,1,Moderada (−1 fase)
RA-1302,Aluno-1302,ALFA,ALFA F - G0/G1,8.0,Masculino,2024,Pública,10.002,5.416666667,2.51,6.25,4.0,4.996666667,10.0,ALFA (1° e 2° ano),0,Cursando,5.758866666800001,Quartzo,2024,0.0,0.0,0,Adequada/adiantada (≥ 0)
RA-1303,Aluno-1303,ALFA,ALFA F - G0/G1,8.0,Feminino,2024,Pública,10.002,10.0,2.51,7.5,10.0,9.17,10.0,ALFA (1° e 2° ano),0,Cursando,8.8352,Topázio,2024,0.0,0.0,0,Adequada/adiantada (≥ 0)
RA-1304,Aluno-1304,ALFA,ALFA G - G2/G3,10.0,Feminino,2024,Pública,9.002,7.9575163395,8.135,7.8125,6.0,6.493333333,5.0,Fase 2 (5° e 6° ano),-2,Cursando,7.085119934500001,Ametista,2024,0.0,0.0,1,Severa (≤ −2 fases)
RA-1305,Aluno-1305,ALFA,ALFA G - G2/G3,10.0,Feminino,2024,Pública,8.502,8.710526316,2.51,7.8125,4.75,8.053333333,5.0,Fase 1 (3° e 4° ano),-1,Cursando,6.685221929800001,Ágata,2024,0.0,0.0,1,Moderada (−1 fase)
RA-1306,Aluno-1306,ALFA,ALFA G - G2/G3,8.0,Feminino,2024,Pública,9.002,10.0,8.135,7.5,9.75,7.946666667,5.0,Fase 1 (3° e 4° ano),-1,Cursando,8.503033333400001,Topázio,2024,0.0,0.0,1,Moderada (−1 fase)
RA-1307,Aluno-1307,ALFA,ALFA H - G0/G1,8.0,Masculino,2024,Pública,10.002,5.833333333500001,6.255,6.25,5.5,5.383333333,10.0,ALFA (1° e 2° ano),0,Cursando,6.5940333333000005,Ágata,2024,0.0,0.0,0,Adequada/adiantada (≥ 0)
RA-1308,Aluno-1308,ALFA,ALFA H - G0/G1,9.0,Feminino,2024,Pública,10.002,7.445652174,7.51,7.5,6.0,5.933333333,5.0,Fase 1 (3° e 4° ano),-1,Cursando,6.876997101400001,Ágata,2024,0.0,0.0,1,Moderada (−1 fase)
RA-1309,Aluno-1309,ALFA,ALFA H - G0/G1,7.0,Feminino,2024,Pública,9.002,9.1666666665,7.51,7.5,7.5,8.223333333,10.0,ALFA (1° e 2° ano),0,Cursando,8.379199999899999,Topázio,2024,0.0,0.0,0,Adequada/adiantada (≥ 0)
RA-131,Aluno-131,4,F,15.0,Menina,2016,Escola Pública,8.8,9.0,5.6,,5.6,7.75,5.0,Fase 5 (1º EM),-1,,7.174,Ametista,2022,4.0,6.0,1,Moderada (−1 fase)
RA-131,Aluno-131,FASE 5,5F,16.0,Feminino,2016,Pública,8.3,7.8,5.0,7.65625,2.2,6.8,5.0,Fase 6 (2° EM),-1,,5.952358333,Quartzo,2023,5.0,7.0,1,Moderada (−1 fase)
RA-131,Aluno-131,5F,5F,17.0,Feminino,2021,Pública,8.751,9.444444444666667,7.51,7.708333333,5.0,7.386666667,5.0,Fase 7 (3° EM),-2,Cursando,7.263155555633333,Ametista,2024,5.0,3.0,1,Severa (≤ −2 fases)
RA-1310,Aluno-1310,ALFA,ALFA H - G0/G1,7.0,Feminino,2024,Pública,8.502,9.375,2.51,7.8125,10.0,8.166666667,10.0,ALFA (1° e 2° ano),0,Cursando,8.3907833334,Topázio,2024,0.0,0.0,0,Adequada/adiantada (≥ 0)
RA-1311,Aluno-1311,ALFA,ALFA H - G0/G1,8.0,Masculino,2024,Pública,9.002,9.166666667,2.51,7.5,0.0,8.386666667,10.0,ALFA (1° e 2° ano),0,Cursando,6.4118666668,Ágata,2024,0.0,0.0,0,Adequada/adiantada (≥ 0)
RA-1312,Aluno-1312,ALFA,ALFA H - G0/G1,9.0,Masculino,2024,Pública,10.002,8.333333333,7.51,6.25,6.5,8.336666667,5.0,Fase 1 (3° e 4° ano),-1,Cursando,7.510200000000001,Ametista,2024,0.0,0.0,1,Moderada (−1 fase)
RA-1313,Aluno-1313,ALFA,ALFA H - G0/G1,8.0,Masculino,2024,Pública,9.502,8.125,7.51,7.5,6.25,8.446666667,10.0,ALFA (1° e 2° ano),0,Cursando,8.0155333334,Topázio,2024,0.0,0.0,0,Adequada/adiantada (≥ 0)
RA-1314,Aluno-1314,ALFA,ALFA H - G0/G1,7.0,Feminino,2024,Pública,7.418,8.541666667,7.51,7.5,9.0,7.443333333,10.0,ALFA (1° e 2° ano),0,Cursando,8.239799999999999,Topázio,2024,0.0,0.0,0,Adequada/adiantada (≥ 0)
RA-1315,Aluno-1315,ALFA,ALFA H - G0/G1,7.0,Masculino,2024,Pública,6.834,8.3333333335,7.51,7.5,9.0,8.5,10.0,ALFA (1° e 2° ano),0,Cursando,8.3510666667,Topázio,2024,0.0,0.0,0,Adequada/adiantada (≥ 0)
RA-1316,Aluno-1316,ALFA,ALFA I - G2/G3,9.0,Feminino,2024,Pública,9.002,8.20855615,7.51,7.5,7.75,7.5,5.0,Fase 1 (3° e 4° ano),-1,Cursando,7.59291123,Ametista,2024,0.0,0.0,1,Moderada (−1 fase)
RA-1317,Aluno-1317,ALFA,ALFA I - G2/G3,9.0,Feminino,2024,Pública,7.502,7.0721925135,7.51,7.5,10.0,7.5,5.0,Fase 1 (3° e 4° ano),-1,Cursando,7.665638502700001,Ametista,2024,0.0,0.0,1,Moderada (−1 fase)
RA-1318,Aluno-1318,ALFA,ALFA I - G2/G3,8.0,Feminino,2024,Pública,8.502,7.6871657755000005,7.51,7.1875,5.0,7.33,5.0,Fase 1 (3° e 4° ano),-1,Cursando,6.823383155100001,Ágata,2024,0.0,0.0,1,Moderada (−1 fase)
RA-1319,Aluno-1319,ALFA,ALFA J - G2/G3,9.0,Masculino,2024,Pública,8.502,5.7516339865,7.51,7.5,8.5,7.5,5.0,Fase 1 (3° e 4° ano),-1,Cursando,7.201526797300001,Ametista,2024,0.0,0.0,1,Moderada (−1 fase)
RA-132,Aluno-132,4,F,14.0,Menina,2019,Rede Decisão,10.0,8.8,5.6,,7.7,8.458,10.0,Fase 4 (9º ano),0,,8.355,Topázio,2022,4.0,3.0,0,Adequada/adiantada (≥ 0)
RA-132,Aluno-132,FASE 5,5F,15.0,Feminino,2019,Privada - Programa de Apadrinhamento,7.5,8.7,2.52,7.65625,6.5,7.715,10.0,Fase 5 (1° EM),0,,7.350625,Ametista,2023,5.0,4.0,0,Adequada/adiantada (≥ 0)
RA-132,Aluno-132,6A,6A,16.0,Feminino,2021,Privada - Programa de Apadrinhamento,8.334,8.380952380666665,7.51,8.59375,8.333333333333334,8.44,10.0,Fase 6 (2° EM),0,Cursando,8.4746321428,Topázio,2024,6.0,3.0,0,Adequada/adiantada (≥ 0)
RA-1320,Aluno-1320,ALFA,ALFA J - G2/G3,10.0,Masculino,2024,Pública,9.002,9.1666666665,7.51,7.5,8.25,7.5,5.0,Fase 1 (3° e 4° ano),-1,Cursando,7.8845333333,Ametista,2024,0.0,0.0,1,Moderada (−1 fase)
RA-1321,Aluno-1321,ALFA,ALFA K - G0/G1,7.0,Masculino,2024,Pública,9.002,8.875,6.885,6.5625,8.75,5.915,10.0,ALFA (1° e 2° ano),0,Cursando,7.95295,Ametista,2024,0.0,0.0,0,Adequada/adiantada (≥ 0)
RA-1322,Aluno-1322,ALFA,ALFA K - G0/G1,8.0,Feminino,2024,Pública,9.502,9.0,7.51,8.4375,7.5,8.165,10.0,ALFA (1° e 2° ano),0,Cursando,8.47795,Topázio,2024,0.0,0.0,0,Adequada/adiantada (≥ 0)
RA-1323,Aluno-1323,ALFA,ALFA K - G0/G1,9.0,Masculino,2024,Pública,10.002,9.0833333335,7.51,6.875,7.0,6.66,5.0,Fase 1 (3° e 4° ano),-1,Cursando,7.487366666700001,Ametista,2024,0.0,0.0,1,Moderada (−1 fase)
RA-1324,Aluno-1324,ALFA,ALFA K - G0/G1,9.0,Masculino,2024,Pública,10.002,10.0,7.51,7.8125,8.5,8.0,5.0,Fase 1 (3° e 4° ano),-1,Cursando,8.332450000000001,Topázio,2024,0.0,0.0,1,Moderada (−1 fase)
RA-1325,Aluno-1325,ALFA,ALFA K - G0/G1,8.0,Masculino,2024,Pública,9.002,9.5227272725,7.51,8.4375,10.0,7.915,10.0,ALFA (1° e 2° ano),0,Cursando,8.9824954545,Topázio,2024,0.0,0.0,0,Adequada/adiantada (≥ 0)
RA-1326,Aluno-1326,ALFA,ALFA K - G0/G1,8.0,Feminino,2024,Pública,9.002,9.2916666665,7.51,7.8125,4.5,7.245,10.0,ALFA (1° e 2° ano),0,Cursando,7.6397833333000005,Ametista,2024,0.0,0.0,0,Adequada/adiantada (≥ 0)
RA-1327,Aluno-1327,ALFA,ALFA K - G0/G1,7.0,Feminino,2024,Pública,9.002,9.3333333335,7.51,7.8125,7.5,7.325,10.0,ALFA (1° e 2° ano),0,Cursando,8.264116666700001,Topázio,2024,0.0,0.0,0,Adequada/adiantada (≥ 0)
RA-1328,Aluno-1328,ALFA,ALFA K - G0/G1,8.0,Feminino,2024,Pública,8.502,8.2083333335,7.51,7.5,10.0,7.83,5.0,Fase 1 (3° e 4° ano),-1,Cursando,8.0588666667,Topázio,2024,0.0,0.0,1,Moderada (−1 fase)
RA-1329,Aluno-1329,ALFA,ALFA K - G0/G1,8.0,Masculino,2024,Pública,9.502,10.0,7.51,6.5625,6.5,6.66,10.0,ALFA (1° e 2° ano),0,Cursando,7.98945,Ametista,2024,0.0,0.0,0,Adequada/adiantada (≥ 0)
RA-133,Aluno-133,4,F,15.0,Menina,2016,Escola Pública,7.9,7.1,7.5,,5.6,7.625,5.0,Fase 5 (1º EM),-1,,6.875,Ágata,2022,4.0,6.0,1,Moderada (−1 fase)
RA-133,Aluno-133,FASE 5,5F,16.0,Feminino,2016,Pública,7.5,7.9,2.52,7.1875,5.3,6.505,5.0,Fase 6 (2° EM),-1,,6.168416667,Ágata,2023,5.0,7.0,1,Moderada (−1 fase)
RA-1330,Aluno-1330,ALFA,ALFA K - G0/G1,8.0,Feminino,2024,Pública,10.002,9.3333333335,7.51,8.4375,9.5,7.915,10.0,ALFA (1° e 2° ano),0,Cursando,8.944616666700002,Topázio,2024,0.0,0.0,0,Adequada/adiantada (≥ 0)
RA-1331,Aluno-1331,ALFA,ALFA K - G0/G1,7.0,Feminino,2024,Pública,9.002,7.291666666499999,7.51,8.4375,7.25,7.245,10.0,ALFA (1° e 2° ano),0,Cursando,7.8522833333,Ametista,2024,0.0,0.0,0,Adequada/adiantada (≥ 0)
RA-1332,Aluno-1332,ALFA,ALFA L - G2/G3,10.0,Masculino,2024,Pública,8.502,9.411764706,7.51,9.375,8.25,7.665,5.0,Fase 2 (5° e 6° ano),-2,Cursando,8.1040529412,Topázio,2024,0.0,0.0,1,Severa (≤ −2 fases)
RA-1333,Aluno-1333,ALFA,ALFA L - G2/G3,9.0,Masculino,2024,Pública,7.502,10.0,6.255,9.375,9.25,7.75,5.0,Fase 1 (3° e 4° ano),-1,Cursando,8.213199999999999,Topázio,2024,0.0,0.0,1,Moderada (−1 fase)
RA-1334,Aluno-1334,ALFA,ALFA L - G2/G3,9.0,Masculino,2024,Pública,10.002,10.0,5.625,9.375,9.0,7.75,5.0,Fase 1 (3° e 4° ano),-1,Cursando,8.350200000000001,Topázio,2024,0.0,0.0,1,Moderada (−1 fase)
RA-1335,Aluno-1335,ALFA,ALFA L - G2/G3,10.0,Masculino,2024,Pública,9.002,9.75,7.51,9.375,8.75,7.665,5.0,Fase 2 (5° e 6° ano),-2,Cursando,8.3217,Topázio,2024,0.0,0.0,1,Severa (≤ −2 fases)
RA-1336,Aluno-1336,ALFA,ALFA M - G0/G1,8.0,Feminino,2024,Pública,9.502,6.2008281575,2.51,7.5,9.5,7.75,5.0,Fase 1 (3° e 4° ano),-1,Cursando,7.141365631500001,Ametista,2024,0.0,0.0,1,Moderada (−1 fase)
RA-1337,Aluno-1337,ALFA,ALFA M - G0/G1,10.0,Masculino,2024,Pública,8.002,4.722222222,7.51,6.875,6.0,5.66,5.0,Fase 2 (5° e 6° ano),-2,Cursando,6.015144444400001,Ágata,2024,0.0,0.0,1,Severa (≤ −2 fases)
RA-1338,Aluno-1338,ALFA,ALFA M - G0/G1,8.0,Masculino,2024,Pública,8.002,8.6607142855,7.51,6.875,3.0,5.33,5.0,Fase 1 (3° e 4° ano),-1,Cursando,6.1368428571,Ágata,2024,0.0,0.0,1,Moderada (−1 fase)
RA-1339,Aluno-1339,ALFA,ALFA M - G0/G1,8.0,Feminino,2024,Pública,8.502,10.0,6.885,5.0,8.75,5.33,5.0,Fase 1 (3° e 4° ano),-1,Cursando,7.3547,Ametista,2024,0.0,0.0,1,Moderada (−1 fase)
RA-134,Aluno-134,4,F,15.0,Menina,2021,Escola Pública,8.8,6.8,7.5,,4.7,7.375,5.0,Fase 5 (1º EM),-1,,6.607,Ágata,2022,4.0,1.0,1,Moderada (−1 fase)
RA-1340,Aluno-1340,ALFA,ALFA M - G0/G1,8.0,Feminino,2024,Pública,9.502,8.392857143,7.51,5.625,10.0,7.0,10.0,ALFA (1° e 2° ano),0,Cursando,8.3422714286,Topázio,2024,0.0,0.0,0,Adequada/adiantada (≥ 0)
RA-1341,Aluno-1341,ALFA,ALFA M - G0/G1,9.0,Masculino,2024,Pública,10.002,9.246031746,7.51,5.625,10.0,6.0,5.0,Fase 1 (3° e 4° ano),-1,Cursando,7.862906349200001,Ametista,2024,0.0,0.0,1,Moderada (−1 fase)
RA-1342,Aluno-1342,ALFA,ALFA M - G0/G1,8.0,Masculino,2024,Pública,9.502,9.761904762,7.51,7.5,9.0,5.575,5.0,Fase 1 (3° e 4° ano),-1,Cursando,7.8185809524000005,Ametista,2024,0.0,0.0,1,Moderada (−1 fase)
RA-1343,Aluno-1343,ALFA,ALFA M - G0/G1,7.0,Feminino,2024,Pública,8.002,10.0,7.51,6.25,9.75,8.5,10.0,ALFA (1° e 2° ano),0,Cursando,8.8262,Topázio,2024,0.0,0.0,0,Adequada/adiantada (≥ 0)
RA-1344,Aluno-1344,ALFA,ALFA N - G2/G3,8.0,Feminino,2024,Pública,8.502,10.0,7.51,8.75,10.0,9.425,10.0,ALFA (1° e 2° ano),0,Cursando,9.3612,Topázio,2024,0.0,0.0,0,Adequada/adiantada (≥ 0)
RA-1345,Aluno-1345,ALFA,ALFA N - G2/G3,9.0,Masculino,2023,Pública,8.502,9.4590643275,7.51,6.25,6.25,6.83,5.0,Fase 1 (3° e 4° ano),-1,Cursando,7.2340128655000004,Ametista,2024,0.0,1.0,1,Moderada (−1 fase)
RA-1346,Aluno-1346,ALFA,ALFA N - G2/G3,8.0,Masculino,2024,Pública,9.502,8.0595238095,7.51,6.25,5.5,6.66,10.0,ALFA (1° e 2° ano),0,Cursando,7.3701047619,Ametista,2024,0.0,0.0,0,Adequada/adiantada (≥ 0)
RA-1347,Aluno-1347,ALFA,ALFA N - G2/G3,9.0,Masculino,2024,Pública,8.502,8.7857142855,2.51,5.625,5.0,6.165,5.0,Fase 1 (3° e 4° ano),-1,Cursando,6.153842857100001,Ágata,2024,0.0,0.0,1,Moderada (−1 fase)
RA-1348,Aluno-1348,ALFA,ALFA O - G2/G3,8.0,Masculino,2024,Pública,7.502,8.5913312695,7.51,8.75,9.0,7.83,5.0,Fase 1 (3° e 4° ano),-1,Cursando,7.9604662539,Ametista,2024,0.0,0.0,1,Moderada (−1 fase)
RA-1349,Aluno-1349,ALFA,ALFA O - G2/G3,10.0,Masculino,2024,Pública,8.002,8.388888889,7.51,8.4375,8.5,7.915,5.0,Fase 1 (3° e 4° ano),-1,Cursando,7.855727777800001,Ametista,2024,0.0,0.0,1,Moderada (−1 fase)
RA-135,Aluno-135,4,F,15.0,Menina,2019,Escola Pública,8.3,7.8,5.6,,8.6,8.583,5.0,Fase 5 (1º EM),-1,,7.692,Ametista,2022,4.0,3.0,1,Moderada (−1 fase)
RA-1350,Aluno-1350,ALFA,ALFA O - G2/G3,10.0,Feminino,2024,Pública,8.502,10.0,8.755,8.4375,8.5,7.83,5.0,Fase 2 (5° e 6° ano),-2,Cursando,8.335450000000002,Topázio,2024,0.0,0.0,1,Severa (≤ −2 fases)
RA-1351,Aluno-1351,ALFA,ALFA O - G2/G3,9.0,Masculino,2024,Pública,9.002,9.230769231,8.13,8.4375,8.75,7.665,5.0,Fase 1 (3° e 4° ano),-1,Cursando,8.1861038462,Topázio,2024,0.0,0.0,1,Moderada (−1 fase)
RA-1352,Aluno-1352,ALFA,ALFA O - G2/G3,9.0,Masculino,2024,Pública,10.002,9.5,8.13,8.4375,8.5,7.665,5.0,Fase 1 (3° e 4° ano),-1,Cursando,8.289950000000001,Topázio,2024,0.0,0.0,1,Moderada (−1 fase)
RA-1353,Aluno-1353,ALFA,ALFA Q - G2/G3,10.0,Feminino,2024,Pública,8.002,9.5,7.51,6.875,3.0,6.08,5.0,Fase 1 (3° e 4° ano),-1,Cursando,6.454700000000001,Ágata,2024,0.0,0.0,1,Moderada (−1 fase)
RA-1354,Aluno-1354,ALFA,ALFA Q - G2/G3,10.0,Feminino,2024,Pública,9.502,8.3636363635,7.51,8.125,6.0,7.335,5.0,Fase 1 (3° e 4° ano),-1,Cursando,7.353427272700001,Ametista,2024,0.0,0.0,1,Moderada (−1 fase)
RA-1355,Aluno-1355,ALFA,ALFA Q - G2/G3,10.0,Masculino,2024,Pública,10.002,6.5227272725,7.51,8.125,7.0,7.17,5.0,Fase 1 (3° e 4° ano),-1,Cursando,7.202245454500001,Ametista,2024,0.0,0.0,1,Moderada (−1 fase)
RA-1356,Aluno-1356,ALFA,ALFA Q - G2/G3,8.0,Feminino,2024,Pública,9.002,9.4444444445,7.51,8.125,5.5,7.085,10.0,ALFA (1° e 2° ano),0,Cursando,7.8695888889,Ametista,2024,0.0,0.0,0,Adequada/adiantada (≥ 0)
RA-1357,Aluno-1357,ALFA,ALFA Q - G2/G3,9.0,Masculino,2024,Pública,8.002,7.5,7.51,8.125,6.75,7.335,5.0,Fase 1 (3° e 4° ano),-1,Cursando,7.1807,Ametista,2024,0.0,0.0,1,Moderada (−1 fase)
RA-1358,Aluno-1358,ALFA,ALFA R - G0/G1,7.0,Feminino,2024,Pública,9.168,7.380952381,5.01,6.25,4.0,6.17,10.0,ALFA (1° e 2° ano),0,Cursando,6.552990476200001,Ágata,2024,0.0,0.0,0,Adequada/adiantada (≥ 0)
RA-1359,Aluno-1359,ALFA,ALFA R - G0/G1,7.0,Feminino,2024,Pública,8.502,9.0,5.635,5.625,6.0,6.17,10.0,ALFA (1° e 2° ano),0,Cursando,7.2102,Ametista,2024,0.0,0.0,0,Adequada/adiantada (≥ 0)
RA-136,Aluno-136,4,F,15.0,Menino,2019,Escola Pública,10.0,6.3,7.5,,4.6,6.667,5.0,Fase 5 (1º EM),-1,,6.478,Ágata,2022,4.0,3.0,1,Moderada (−1 fase)
RA-1360,Aluno-1360,ALFA,ALFA R - G0/G1,8.0,Masculino,2024,Pública,8.502,7.0018115945,7.51,5.625,5.0,6.42,10.0,ALFA (1° e 2° ano),0,Cursando,6.8480623189,Ágata,2024,0.0,0.0,0,Adequada/adiantada (≥ 0)
RA-1361,Aluno-1361,ALFA,ALFA R - G0/G1,8.0,Feminino,2024,Pública,9.502,9.375,5.635,7.5,10.0,8.0,10.0,ALFA (1° e 2° ano),0,Cursando,8.738700000000001,Topázio,2024,0.0,0.0,0,Adequada/adiantada (≥ 0)
RA-1362,Aluno-1362,ALFA,ALFA R - G0/G1,7.0,Masculino,2024,Pública,10.002,6.875,5.635,6.875,8.5,6.915,10.0,ALFA (1° e 2° ano),0,Cursando,7.709200000000001,Ametista,2024,0.0,0.0,0,Adequada/adiantada (≥ 0)
RA-1363,Aluno-1363,ALFA,ALFA S - G2/G3,7.0,Feminino,2024,Pública,7.418,10.0,5.635,6.875,6.5,6.99,10.0,ALFA (1° e 2° ano),0,Cursando,7.690800000000001,Ametista,2024,0.0,0.0,0,Adequada/adiantada (≥ 0)
RA-1364,Aluno-1364,ALFA,ALFA S - G2/G3,9.0,Masculino,2024,Pública,8.002,8.4166666665,7.51,6.875,8.75,6.99,5.0,Fase 1 (3° e 4° ano),-1,Cursando,7.570033333300001,Ametista,2024,0.0,0.0,1,Moderada (−1 fase)
RA-1365,Aluno-1365,ALFA,ALFA S - G2/G3,9.0,Masculino,2024,Pública,9.002,9.7916666665,6.26,6.875,6.5,6.99,5.0,Fase 1 (3° e 4° ano),-1,Cursando,7.3700333333,Ametista,2024,0.0,0.0,1,Moderada (−1 fase)
RA-1366,Aluno-1366,ALFA,ALFA S - G2/G3,8.0,Feminino,2024,Pública,9.002,6.6032608695,7.51,7.5,6.5,6.99,5.0,Fase 1 (3° e 4° ano),-1,Cursando,6.919852173900001,Ágata,2024,0.0,0.0,1,Moderada (−1 fase)
RA-1367,Aluno-1367,ALFA,ALFA S - G2/G3,8.0,Feminino,2024,Pública,10.002,8.3804347825,7.51,7.5,8.75,7.5,10.0,ALFA (1° e 2° ano),0,Cursando,8.427286956500001,Topázio,2024,0.0,0.0,0,Adequada/adiantada (≥ 0)
RA-1368,Aluno-1368,ALFA,ALFA S - G2/G3,8.0,Masculino,2024,Pública,7.002,10.0,7.51,7.5,9.5,7.5,10.0,ALFA (1° e 2° ano),0,Cursando,8.6012,Topázio,2024,0.0,0.0,0,Adequada/adiantada (≥ 0)
RA-1369,Aluno-1369,ALFA,ALFA S - G2/G3,7.0,Feminino,2024,Pública,8.502,8.6304347825,6.26,7.5,8.0,7.5,10.0,ALFA (1° e 2° ano),0,Cursando,8.052286956500001,Topázio,2024,0.0,0.0,0,Adequada/adiantada (≥ 0)
RA-137,Aluno-137,4,F,17.0,Menina,2016,Rede Decisão,7.5,8.9,5.0,,7.3,7.792,2.5,Fase 7 (3º EM),-3,,7.056,Ametista,2022,4.0,6.0,1,Severa (≤ −2 fases)
RA-137,Aluno-137,FASE 5,5F,17.0,Feminino,2016,Privada - Programa de Apadrinhamento,7.1,6.3,2.52,6.40625,6.0,6.88,5.0,Fase 7 (3° EM),-2,,5.937025,Quartzo,2023,5.0,7.0,1,Severa (≤ −2 fases)
RA-137,Aluno-137,5F,5F,18.0,Feminino,2021,Concluiu o 3º EM,9.585,7.582972583,5.005,4.791666667,6.833333333333333,6.276666667,5.0,Fase 7 (3° EM),-2,Cursando,6.576761183366667,Ágata,2024,5.0,3.0,1,Severa (≤ −2 fases)
RA-1370,Aluno-1370,ALFA,ALFA S - G2/G3,9.0,Masculino,2024,Pública,10.002,8.722222222,7.51,7.5,9.0,7.5,5.0,Fase 1 (3° e 4° ano),-1,Cursando,8.0456444444,Topázio,2024,0.0,0.0,1,Moderada (−1 fase)
RA-1371,Aluno-1371,ALFA,ALFA S - G2/G3,11.0,Feminino,2024,Pública,7.502,6.9782608695,7.51,6.875,4.5,7.5,5.0,Fase 1 (3° e 4° ano),-1,Cursando,6.4843521739,Ágata,2024,0.0,0.0,1,Moderada (−1 fase)
RA-1372,Aluno-1372,ALFA,ALFA T - G2/G3,8.0,Feminino,2024,Pública,9.502,10.0,8.13,7.5,4.75,7.5,10.0,ALFA (1° e 2° ano),0,Cursando,7.9632000000000005,Ametista,2024,0.0,0.0,0,Adequada/adiantada (≥ 0)
RA-1373,Aluno-1373,ALFA,ALFA T - G2/G3,9.0,Feminino,2024,Pública,9.502,8.8804347825,7.51,7.5,6.75,7.5,5.0,Fase 1 (3° e 4° ano),-1,Cursando,7.577286956500001,Ametista,2024,0.0,0.0,1,Moderada (−1 fase)
RA-1374,Aluno-1374,ALFA,ALFA T - G2/G3,9.0,Masculino,2024,Pública,9.502,9.347826087,7.51,7.5,5.25,7.5,5.0,Fase 1 (3° e 4° ano),-1,Cursando,7.3707652174,Ametista,2024,0.0,0.0,1,Moderada (−1 fase)
RA-1375,Aluno-1375,ALFA,ALFA T - G2/G3,9.0,Masculino,2024,Pública,9.502,10.0,7.51,7.5,8.25,7.5,5.0,Fase 1 (3° e 4° ano),-1,Cursando,8.101200000000002,Topázio,2024,0.0,0.0,1,Moderada (−1 fase)
RA-1376,Aluno-1376,ALFA,ALFA T - G2/G3,9.0,Masculino,2024,Pública,9.002,9.6153846155,7.51,7.5,9.75,7.5,5.0,Fase 1 (3° e 4° ano),-1,Cursando,8.2742769231,Topázio,2024,0.0,0.0,1,Moderada (−1 fase)
RA-1377,Aluno-1377,ALFA,ALFA T - G2/G3,8.0,Masculino,2024,Pública,9.002,10.0,8.13,6.875,5.5,6.99,10.0,ALFA (1° e 2° ano),0,Cursando,7.8987,Ametista,2024,0.0,0.0,0,Adequada/adiantada (≥ 0)
RA-1378,Aluno-1378,ALFA,ALFA U - G2/G3,10.0,Feminino,2024,Pública,9.002,9.2857142855,8.13,7.5,6.75,7.5,5.0,Fase 1 (3° e 4° ano),-1,Cursando,7.6703428571,Ametista,2024,0.0,0.0,1,Moderada (−1 fase)
RA-1379,Aluno-1379,ALFA,ALFA U - G2/G3,8.0,Masculino,2024,Pública,9.502,8.6842105265,3.755,5.9375,7.25,5.16,5.0,Fase 1 (3° e 4° ano),-1,Cursando,6.638292105300001,Ágata,2024,0.0,0.0,1,Moderada (−1 fase)
RA-138,Aluno-138,4,F,15.0,Menino,2016,Escola Pública,9.6,8.0,5.6,,5.6,6.375,5.0,Fase 5 (1º EM),-1,,6.738,Ágata,2022,4.0,6.0,1,Moderada (−1 fase)
RA-138,Aluno-138,FASE 4,4F,16.0,Masculino,2016,Pública,10.0,7.9,6.26,7.34375,4.3,7.4175,5.0,Fase 6 (2° EM),-2,,6.784075,Ágata,2023,4.0,7.0,1,Severa (≤ −2 fases)
RA-138,Aluno-138,5F,5F,17.0,Masculino,2021,Pública,9.585,8.751803751666666,7.51,7.708333333,5.833333333333333,7.443333333,5.0,Fase 7 (3° EM),-2,Cursando,7.3860274169,Ametista,2024,5.0,3.0,1,Severa (≤ −2 fases)
RA-1380,Aluno-1380,ALFA,ALFA U - G2/G3,8.0,Masculino,2024,Pública,9.502,8.784461152999999,4.385,7.1875,8.0,7.5,10.0,ALFA (1° e 2° ano),0,Cursando,7.964342230600001,Ametista,2024,0.0,0.0,0,Adequada/adiantada (≥ 0)
RA-1381,Aluno-1381,ALFA,ALFA U - G2/G3,8.0,Feminino,2024,Pública,9.502,10.0,8.13,8.75,9.5,7.5,10.0,ALFA (1° e 2° ano),0,Cursando,9.038200000000002,Topázio,2024,0.0,0.0,0,Adequada/adiantada (≥ 0)
RA-1382,Aluno-1382,ALFA,ALFA U - G2/G3,9.0,Feminino,2024,Pública,8.502,9.761904762,7.51,7.8125,7.5,7.5,5.0,Fase 1 (3° e 4° ano),-1,Cursando,7.834830952400001,Ametista,2024,0.0,0.0,1,Moderada (−1 fase)
RA-1383,Aluno-1383,ALFA,ALFA U - G2/G3,8.0,Feminino,2024,Pública,8.502,9.2606516295,7.51,7.1875,8.5,7.5,10.0,ALFA (1° e 2° ano),0,Cursando,8.3720803259,Topázio,2024,0.0,0.0,0,Adequada/adiantada (≥ 0)
RA-1384,Aluno-1384,ALFA,ALFA U - G2/G3,10.0,Masculino,2024,Pública,8.002,7.5689223055,7.51,6.25,5.0,5.16,5.0,Fase 2 (5° e 6° ano),-2,Cursando,6.221984461100001,Ágata,2024,0.0,0.0,1,Severa (≤ −2 fases)
RA-1385,Aluno-1385,ALFA,ALFA U - G2/G3,8.0,Masculino,2024,Pública,10.002,10.0,4.385,6.875,8.0,7.5,5.0,Fase 1 (3° e 4° ano),-1,Cursando,7.7262,Ametista,2024,0.0,0.0,1,Moderada (−1 fase)
RA-1386,Aluno-1386,ALFA,ALFA U - G2/G3,8.0,Feminino,2024,Pública,9.002,9.761904762,7.51,7.5,7.25,7.5,5.0,Fase 1 (3° e 4° ano),-1,Cursando,7.803580952400001,Ametista,2024,0.0,0.0,1,Moderada (−1 fase)
RA-1387,Aluno-1387,ALFA,ALFA U - G2/G3,8.0,Feminino,2024,Pública,9.502,8.759398496,7.51,7.5,8.0,7.5,5.0,Fase 1 (3° e 4° ano),-1,Cursando,7.8030796992,Ametista,2024,0.0,0.0,1,Moderada (−1 fase)
RA-1388,Aluno-1388,ALFA,ALFA Y - G0/G1,8.0,Feminino,2024,Pública,9.002,8.214285713999999,6.88,7.5,5.0,7.67,5.0,Fase 1 (3° e 4° ano),-1,Cursando,7.015057142799999,Ametista,2024,0.0,0.0,1,Moderada (−1 fase)
RA-1389,Aluno-1389,ALFA,ALFA Y - G0/G1,7.0,Feminino,2024,Pública,9.002,9.7916666665,6.88,7.5,10.0,8.42,10.0,ALFA (1° e 2° ano),0,Cursando,8.980533333299999,Topázio,2024,0.0,0.0,0,Adequada/adiantada (≥ 0)
RA-139,Aluno-139,4,F,17.0,Menino,2019,Escola Pública,7.1,3.5,5.0,,1.4,3.917,2.5,Fase 7 (3º EM),-3,,3.738,Quartzo,2022,4.0,3.0,1,Severa (≤ −2 fases)
RA-1390,Aluno-1390,ALFA,ALFA Y - G0/G1,7.0,Feminino,2024,Pública,9.502,9.7916666665,5.005,7.5,8.25,8.42,10.0,ALFA (1° e 2° ano),0,Cursando,8.4930333333,Topázio,2024,0.0,0.0,0,Adequada/adiantada (≥ 0)
RA-1391,Aluno-1391,ALFA,ALFA Y - G0/G1,7.0,Masculino,2024,Pública,8.502,9.2916666665,7.51,7.5,10.0,8.17,10.0,ALFA (1° e 2° ano),0,Cursando,8.8435333333,Topázio,2024,0.0,0.0,0,Adequada/adiantada (≥ 0)
RA-1392,Aluno-1392,ALFA,ALFA Y - G0/G1,9.0,Masculino,2024,Pública,9.002,5.625,7.51,7.5,0.0,7.0,5.0,Fase 1 (3° e 4° ano),-1,Cursando,5.4262,Quartzo,2024,0.0,0.0,1,Moderada (−1 fase)
RA-1393,Aluno-1393,ALFA,ALFA Y - G0/G1,7.0,Feminino,2024,Pública,9.502,7.5,3.755,7.5,5.0,8.42,10.0,ALFA (1° e 2° ano),0,Cursando,7.2597000000000005,Ametista,2024,0.0,0.0,0,Adequada/adiantada (≥ 0)
RA-1394,Aluno-1394,1A,1A,10.0,Feminino,2024,Pública,9.502,8.6944444445,7.51,8.125,5.75,8.003333333,5.0,Fase 2 (5° e 6° ano),-1,Cursando,7.503255555500002,Ametista,2024,1.0,0.0,1,Moderada (−1 fase)
RA-1395,Aluno-1395,1A,1A,9.0,Feminino,2024,Pública,9.502,10.0,7.51,7.8125,7.75,7.836666667,10.0,Fase 1 (3° e 4° ano),0,Cursando,8.5997833334,Topázio,2024,1.0,0.0,0,Adequada/adiantada (≥ 0)
RA-1396,Aluno-1396,1A,1A,11.0,Feminino,2024,Pública,9.502,10.0,7.51,8.125,6.5,7.67,5.0,Fase 2 (5° e 6° ano),-1,Cursando,7.8477,Ametista,2024,1.0,0.0,1,Moderada (−1 fase)
RA-1397,Aluno-1397,1A,1A,10.0,Feminino,2024,Pública,9.002,10.0,6.26,8.125,7.0,7.946666667,5.0,Fase 2 (5° e 6° ano),-1,Cursando,7.8280333334000005,Ametista,2024,1.0,0.0,1,Moderada (−1 fase)
RA-1398,Aluno-1398,1B,1B,11.0,Feminino,2024,Pública,6.918,9.555335968,7.51,8.125,8.0,8.616666667,5.0,Fase 2 (5° e 6° ano),-1,Cursando,7.989700527000001,Ametista,2024,1.0,0.0,1,Moderada (−1 fase)
RA-1399,Aluno-1399,1B,1B,11.0,Feminino,2024,Pública,9.002,9.7727272725,5.005,7.5,6.0,8.166666667,5.0,Fase 2 (5° e 6° ano),-1,Cursando,7.438578787899999,Ametista,2024,1.0,0.0,1,Moderada (−1 fase)
RA-14,Aluno-14,7,D,21.0,Menino,2022,Escola Pública,7.9,8.3,7.5,,4.0,7.75,5.0,Fase 8 (Universitários),-1,,6.793,Ágata,2022,7.0,0.0,1,Moderada (−1 fase)
RA-14,Aluno-14,FASE 8,8E,21.0,Masculino,2022,Privada *Parcerias com Bolsa 100%,,,,,,,10.0,Fase 8 (Universitários),0,,,,2023,8.0,1.0,0,Adequada/adiantada (≥ 0)
RA-14,Aluno-14,8E,8E,22.0,Masculino,2022,Privada *Parcerias com Bolsa 100%,,0.0,,,,,10.0,Fase 8 (Universitários),0,Cursando,,,2024,8.0,2.0,0,Adequada/adiantada (≥ 0)
RA-140,Aluno-140,4,F,14.0,Menina,2021,Escola Pública,7.9,7.6,6.9,,5.7,7.667,10.0,Fase 4 (9º ano),0,,7.407,Ametista,2022,4.0,1.0,0,Adequada/adiantada (≥ 0)
RA-1400,Aluno-1400,1B,1B,9.0,Masculino,2024,Pública,8.418,6.6501976285,7.51,7.5,7.25,7.5,10.0,Fase 1 (3° e 4° ano),0,Cursando,7.622839525700001,Ametista,2024,1.0,0.0,0,Adequada/adiantada (≥ 0)
RA-1401,Aluno-1401,1C,1C,13.0,Masculino,2024,Pública,6.918,8.888888889,7.51,7.8125,10.0,8.085,5.0,Fase 3 (7° e 8° ano),-2,Cursando,8.1188277778,Topázio,2024,1.0,0.0,1,Severa (≤ −2 fases)
RA-1402,Aluno-1402,1D,1D,10.0,Feminino,2024,Pública,10.002,9.5454545455,7.51,8.4375,7.25,8.17,10.0,Fase 1 (3° e 4° ano),0,Cursando,8.588040909100002,Topázio,2024,1.0,0.0,0,Adequada/adiantada (≥ 0)
RA-1403,Aluno-1403,1D,1D,11.0,Feminino,2024,Pública,9.002,9.3073593075,7.51,8.4375,8.75,8.255,5.0,Fase 2 (5° e 6° ano),-1,Cursando,8.257421861500001,Topázio,2024,1.0,0.0,1,Moderada (−1 fase)
RA-1404,Aluno-1404,1D,1D,9.0,Feminino,2024,Pública,8.502,9.090909091,7.51,8.4375,7.5,8.17,10.0,Fase 1 (3° e 4° ano),0,Cursando,8.3971318182,Topázio,2024,1.0,0.0,0,Adequada/adiantada (≥ 0)
RA-1405,Aluno-1405,1D,1D,10.0,Feminino,2024,Pública,8.002,8.6363636365,7.51,8.125,8.75,8.17,10.0,Fase 1 (3° e 4° ano),0,Cursando,8.4749727273,Topázio,2024,1.0,0.0,0,Adequada/adiantada (≥ 0)
RA-1406,Aluno-1406,1D,1D,10.0,Feminino,2024,Pública,8.002,8.8636363635,7.51,8.4375,7.5,8.255,5.0,Fase 2 (5° e 6° ano),-1,Cursando,7.8186772727000005,Ametista,2024,1.0,0.0,1,Moderada (−1 fase)
RA-1407,Aluno-1407,1D,1D,10.0,Masculino,2024,Pública,10.002,9.318181818,7.51,7.8125,5.75,7.5,5.0,Fase 2 (5° e 6° ano),-1,Cursando,7.546086363600001,Ametista,2024,1.0,0.0,1,Moderada (−1 fase)
RA-1408,Aluno-1408,1D,1D,11.0,Masculino,2024,Pública,10.002,8.409090909,7.51,8.4375,6.75,7.5,5.0,Fase 2 (5° e 6° ano),-1,Cursando,7.626768181800001,Ametista,2024,1.0,0.0,1,Moderada (−1 fase)
RA-1409,Aluno-1409,1D,1D,10.0,Masculino,2024,Pública,10.002,9.0909090905,7.51,8.4375,7.25,7.5,5.0,Fase 2 (5° e 6° ano),-1,Cursando,7.863131818100001,Ametista,2024,1.0,0.0,1,Moderada (−1 fase)
RA-141,Aluno-141,4,F,14.0,Menino,2017,Escola Pública,9.2,8.2,5.6,,5.7,5.917,10.0,Fase 4 (9º ano),0,,7.118,Ametista,2022,4.0,5.0,0,Adequada/adiantada (≥ 0)
RA-141,Aluno-141,FASE 4,4F,15.0,Masculino,2017,Pública,9.6,8.4,5.63,7.03125,4.5,7.0425,5.0,Fase 5 (1° EM),-1,,6.719791667,Ágata,2023,4.0,6.0,1,Moderada (−1 fase)
RA-1410,Aluno-1410,1E,1E,11.0,Masculino,2024,Pública,9.002,8.1136363635,7.51,8.75,6.25,8.165,5.0,Fase 2 (5° e 6° ano),-1,Cursando,7.5319272727,Ametista,2024,1.0,0.0,1,Moderada (−1 fase)
RA-1411,Aluno-1411,1E,1E,11.0,Masculino,2024,Pública,9.002,9.5,6.26,8.4375,2.75,7.835,5.0,Fase 2 (5° e 6° ano),-1,Cursando,6.886950000000001,Ágata,2024,1.0,0.0,1,Moderada (−1 fase)
RA-1412,Aluno-1412,1E,1E,10.0,Masculino,2024,Pública,10.002,9.3073593075,7.51,8.75,9.75,8.835,10.0,Fase 1 (3° e 4° ano),0,Cursando,9.204671861500001,Topázio,2024,1.0,0.0,0,Adequada/adiantada (≥ 0)
RA-1413,Aluno-1413,1E,1E,12.0,Masculino,2024,Pública,9.002,8.593073593,7.51,8.4375,7.25,7.92,5.0,Fase 3 (7° e 8° ano),-2,Cursando,7.747564718600001,Ametista,2024,1.0,0.0,1,Severa (≤ −2 fases)
RA-1414,Aluno-1414,1E,1E,10.0,Feminino,2024,Pública,9.502,9.2965367965,6.885,8.75,8.5,8.835,10.0,Fase 1 (3° e 4° ano),0,Cursando,8.840007359300001,Topázio,2024,1.0,0.0,0,Adequada/adiantada (≥ 0)
RA-1415,Aluno-1415,1G,1G,10.0,Feminino,2024,Pública,8.002,9.7727272725,6.26,7.291666667,6.75,7.056666667,5.0,Fase 2 (5° e 6° ano),-1,Cursando,7.3712454546,Ametista,2024,1.0,0.0,1,Moderada (−1 fase)
RA-1416,Aluno-1416,1G,1G,12.0,Feminino,2024,Pública,8.502,8.2765151515,7.51,7.916666667,7.75,6.386666667,5.0,Fase 2 (5° e 6° ano),-1,Cursando,7.375503030400001,Ametista,2024,1.0,0.0,1,Moderada (−1 fase)
RA-1417,Aluno-1417,1G,1G,10.0,Masculino,2024,Pública,9.002,9.337121212,7.51,6.25,9.0,6.5,5.0,Fase 2 (5° e 6° ano),-1,Cursando,7.7436242424,Ametista,2024,1.0,0.0,1,Moderada (−1 fase)
RA-1418,Aluno-1418,1G,1G,11.0,Masculino,2024,Pública,8.502,9.128787879,7.51,7.916666667,8.25,6.833333333,5.0,Fase 2 (5° e 6° ano),-1,Cursando,7.7352909091000015,Ametista,2024,1.0,0.0,1,Moderada (−1 fase)
RA-1419,Aluno-1419,1H,1H,10.0,Feminino,2024,Pública,8.502,10.0,7.51,8.958333333,7.5,8.783333333,10.0,Fase 1 (3° e 4° ano),0,Cursando,8.7536999999,Topázio,2024,1.0,0.0,0,Adequada/adiantada (≥ 0)
RA-142,Aluno-142,4,F,14.0,Menina,2021,Escola Pública,6.7,8.6,5.6,,6.3,7.583,10.0,Fase 4 (9º ano),0,,7.457,Ametista,2022,4.0,1.0,0,Adequada/adiantada (≥ 0)
RA-1420,Aluno-1420,1H,1H,12.0,Masculino,2024,Pública,7.918,5.520833333500001,6.26,6.458333333,4.5,5.44,5.0,Fase 3 (7° e 8° ano),-2,Cursando,5.6558,Quartzo,2024,1.0,0.0,1,Severa (≤ −2 fases)
RA-1421,Aluno-1421,1H,1H,11.0,Masculino,2024,Pública,9.002,6.777777778,7.51,6.875,7.5,7.163333333,5.0,Fase 2 (5° e 6° ano),-1,Cursando,7.126922222200001,Ametista,2024,1.0,0.0,1,Moderada (−1 fase)
RA-1422,Aluno-1422,1J,1J,11.0,Feminino,2024,Pública,9.502,7.5,7.51,8.125,4.75,7.7475,5.0,Fase 2 (5° e 6° ano),-1,Cursando,7.0132,Ametista,2024,1.0,0.0,1,Moderada (−1 fase)
RA-1423,Aluno-1423,1J,1J,11.0,Masculino,2024,Pública,8.502,5.3125,7.51,7.8125,5.75,6.5425,5.0,Fase 2 (5° e 6° ano),-1,Cursando,6.403450000000001,Ágata,2024,1.0,0.0,1,Moderada (−1 fase)
RA-1424,Aluno-1424,1J,1J,12.0,Feminino,2024,Pública,9.002,8.9444444445,7.51,7.8125,7.25,6.915,5.0,Fase 2 (5° e 6° ano),-1,Cursando,7.5543388889,Ametista,2024,1.0,0.0,1,Moderada (−1 fase)
RA-1425,Aluno-1425,1J,1J,12.0,Masculino,2024,Pública,9.002,6.7976190475,7.51,7.34375,7.0,5.92,5.0,Fase 2 (5° e 6° ano),-1,Cursando,6.8290988095000005,Ágata,2024,1.0,0.0,1,Moderada (−1 fase)
RA-1426,Aluno-1426,1J,1J,11.0,Feminino,2023,Pública,9.502,5.845238095,7.51,7.5,2.75,5.8325,5.0,Fase 2 (5° e 6° ano),-1,Cursando,5.8367476190000005,Quartzo,2024,1.0,1.0,1,Moderada (−1 fase)
RA-1427,Aluno-1427,1J,1J,11.0,Feminino,2024,Pública,9.502,10.0,7.51,8.90625,8.0,8.6675,5.0,Fase 2 (5° e 6° ano),-1,Cursando,8.425325,Topázio,2024,1.0,0.0,1,Moderada (−1 fase)
RA-1428,Aluno-1428,1L,1L,10.0,Masculino,2024,Pública,8.502,8.8562091505,7.51,9.166666667,8.0,8.085,5.0,Fase 2 (5° e 6° ano),-1,Cursando,8.006108496800001,Topázio,2024,1.0,0.0,1,Moderada (−1 fase)
RA-1429,Aluno-1429,1L,1L,11.0,Masculino,2024,Pública,9.502,8.888888889,7.51,8.958333333,7.75,8.085,5.0,Fase 2 (5° e 6° ano),-1,Cursando,8.041811111100001,Topázio,2024,1.0,0.0,1,Moderada (−1 fase)
RA-143,Aluno-143,4,F,13.0,Menino,2019,Rede Decisão,8.3,9.9,5.6,,7.9,9.5,10.0,Fase 3 (7º e 8º ano),1,,8.638,Topázio,2022,4.0,3.0,0,Adequada/adiantada (≥ 0)
RA-143,Aluno-143,FASE 5,5A,,Masculino,2019,Privada - Programa de Apadrinhamento,8.3,9.6,2.52,8.28125,6.5,8.3375,10.0,Fase 4 (9° ano),1,,7.794358333,Ametista,2023,5.0,4.0,0,Adequada/adiantada (≥ 0)
RA-143,Aluno-143,7E,7E,15.0,Masculino,2021,Privada - Programa de Apadrinhamento,10.002,9.92,6.885,7.5,2.6333333333333333,7.5,10.0,Fase 5 (1° EM),2,Cursando,7.449366666666667,Ametista,2024,7.0,3.0,0,Adequada/adiantada (≥ 0)
RA-1430,Aluno-1430,1L,1L,11.0,Masculino,2024,Pública,8.502,10.0,7.51,8.958333333,6.25,8.085,5.0,Fase 2 (5° e 6° ano),-1,Cursando,7.864033333300001,Ametista,2024,1.0,0.0,1,Moderada (−1 fase)
RA-1431,Aluno-1431,1M,1M,11.0,Feminino,2024,Pública,9.002,7.7432712215,7.51,7.96875,8.0,9.09,5.0,Fase 2 (5° e 6° ano),-1,Cursando,7.9147292443,Ametista,2024,1.0,0.0,1,Moderada (−1 fase)
RA-1432,Aluno-1432,1M,1M,10.0,Feminino,2024,Pública,10.002,10.0,7.51,9.21875,9.5,8.505,5.0,Fase 2 (5° e 6° ano),-1,Cursando,8.774075000000002,Topázio,2024,1.0,0.0,1,Moderada (−1 fase)
RA-1433,Aluno-1433,1M,1M,10.0,Feminino,2024,Pública,8.502,9.068322981,7.51,8.28125,8.75,8.505,5.0,Fase 2 (5° e 6° ano),-1,Cursando,8.1939895962,Topázio,2024,1.0,0.0,1,Moderada (−1 fase)
RA-1434,Aluno-1434,1M,1M,10.0,Masculino,2024,Pública,8.502,7.9813664595,6.26,9.53125,9.0,9.76,5.0,Fase 2 (5° e 6° ano),-1,Cursando,8.2775982919,Topázio,2024,1.0,0.0,1,Moderada (−1 fase)
RA-1435,Aluno-1435,1M,1M,10.0,Masculino,2024,Pública,9.502,7.833333333500001,7.51,7.1875,7.5,6.165,10.0,Fase 1 (3° e 4° ano),0,Cursando,7.7196166667,Ametista,2024,1.0,0.0,0,Adequada/adiantada (≥ 0)
RA-1436,Aluno-1436,1M,1M,11.0,Feminino,2024,Pública,7.418,8.674948240500001,7.51,8.28125,8.0,7.17,5.0,Fase 2 (5° e 6° ano),-1,Cursando,7.589914648100001,Ametista,2024,1.0,0.0,1,Moderada (−1 fase)
RA-1437,Aluno-1437,1M,1M,11.0,Feminino,2024,Pública,8.502,9.347826087,7.51,8.28125,8.0,7.92,5.0,Fase 2 (5° e 6° ano),-1,Cursando,7.982890217400001,Ametista,2024,1.0,0.0,1,Moderada (−1 fase)
RA-1438,Aluno-1438,1M,1M,10.0,Feminino,2024,Pública,10.002,9.0,7.51,8.90625,7.0,9.175,5.0,Fase 2 (5° e 6° ano),-1,Cursando,8.176825000000001,Topázio,2024,1.0,0.0,1,Moderada (−1 fase)
RA-1439,Aluno-1439,1M,1M,11.0,Feminino,2024,Pública,7.502,10.0,7.51,9.375,8.5,9.345,5.0,Fase 2 (5° e 6° ano),-1,Cursando,8.507700000000002,Topázio,2024,1.0,0.0,1,Moderada (−1 fase)
RA-144,Aluno-144,4,F,14.0,Menina,2017,Rede Decisão,7.5,9.3,5.0,,7.9,8.292,10.0,Fase 4 (9º ano),0,,8.181,Topázio,2022,4.0,5.0,0,Adequada/adiantada (≥ 0)
RA-144,Aluno-144,FASE 5,5F,14.0,Feminino,2017,Privada - Programa de Apadrinhamento,0.0,5.2,2.52,6.25,4.4,6.0,10.0,Fase 4 (9° ano),1,,4.990333333,Quartzo,2023,5.0,6.0,0,Adequada/adiantada (≥ 0)
RA-1440,Aluno-1440,1M,1M,10.0,Feminino,2024,Pública,9.002,9.544513457499999,7.51,8.75,4.5,8.17,5.0,Fase 2 (5° e 6° ano),-1,Cursando,7.469102691500001,Ametista,2024,1.0,0.0,1,Moderada (−1 fase)
RA-1441,Aluno-1441,1M,1M,9.0,Masculino,2024,Pública,9.502,9.109730849,7.51,9.375,8.5,9.005,10.0,Fase 1 (3° e 4° ano),0,Cursando,8.961646169800002,Topázio,2024,1.0,0.0,0,Adequada/adiantada (≥ 0)
RA-1442,Aluno-1442,1M,1M,13.0,Masculino,2024,Pública,8.002,8.674948240500001,7.51,7.5,7.25,5.745,5.0,Fase 3 (7° e 8° ano),-2,Cursando,7.135189648100001,Ametista,2024,1.0,0.0,1,Severa (≤ −2 fases)
RA-1443,Aluno-1443,1N,1N,13.0,Feminino,2024,Pública,6.918,7.5,6.26,7.708333333,6.75,7.415,5.0,Fase 3 (7° e 8° ano),-2,Cursando,6.921633333300001,Ágata,2024,1.0,0.0,1,Severa (≤ −2 fases)
RA-1444,Aluno-1444,1N,1N,11.0,Masculino,2024,Pública,8.502,5.277777778,7.51,7.708333333,6.0,7.415,5.0,Fase 2 (5° e 6° ano),-1,Cursando,6.610588888900001,Ágata,2024,1.0,0.0,1,Moderada (−1 fase)
RA-1445,Aluno-1445,1N,1N,10.0,Feminino,2024,Pública,9.502,9.5,7.51,7.916666667,7.25,7.5,5.0,Fase 2 (5° e 6° ano),-1,Cursando,7.842866666700001,Ametista,2024,1.0,0.0,1,Moderada (−1 fase)
RA-1446,Aluno-1446,1N,1N,9.0,Masculino,2024,Pública,8.002,6.6501976285,6.26,7.291666667,0.0,7.075,10.0,Fase 1 (3° e 4° ano),0,Cursando,5.9004061924,Quartzo,2024,1.0,0.0,0,Adequada/adiantada (≥ 0)
RA-1447,Aluno-1447,1N,1N,11.0,Feminino,2024,Pública,9.502,9.7368421055,7.51,7.916666667,5.25,7.75,5.0,Fase 2 (5° e 6° ano),-1,Cursando,7.5402350878,Ametista,2024,1.0,0.0,1,Moderada (−1 fase)
RA-1448,Aluno-1448,1P,1P,13.0,Feminino,2024,Pública,9.002,9.5346320345,7.51,7.5,6.0,7.29,5.0,Fase 3 (7° e 8° ano),-2,Cursando,7.466126406900001,Ametista,2024,1.0,0.0,1,Severa (≤ −2 fases)
RA-1449,Aluno-1449,1R,1R,10.0,Feminino,2024,Pública,7.418,8.3333333335,7.51,7.96875,6.75,7.04,5.0,Fase 2 (5° e 6° ano),-1,Cursando,7.214341666700001,Ametista,2024,1.0,0.0,1,Moderada (−1 fase)
RA-145,Aluno-145,4,H,16.0,Menino,2017,Escola Pública,0.0,6.3,8.1,,5.2,7.25,5.0,Fase 6 (2º EM),-2,,5.846,Quartzo,2022,4.0,5.0,1,Severa (≤ −2 fases)
RA-145,Aluno-145,FASE 4,4H,17.0,Masculino,2017,Pública,7.9,9.0,,7.96875,6.2,7.4625,2.5,Fase 7 (3° EM),-3,,,,2023,4.0,6.0,1,Severa (≤ −2 fases)
RA-1450,Aluno-1450,1R,1R,9.0,Masculino,2024,Pública,9.502,8.571428571,7.51,7.8125,3.5,7.5425,10.0,Fase 1 (3° e 4° ano),0,Cursando,7.405235714200002,Ametista,2024,1.0,0.0,0,Adequada/adiantada (≥ 0)
RA-1451,Aluno-1451,1R,1R,11.0,Feminino,2024,Pública,10.002,8.8095238095,7.51,7.96875,6.0,7.7525,5.0,Fase 2 (5° e 6° ano),-1,Cursando,7.560479761900002,Ametista,2024,1.0,0.0,1,Moderada (−1 fase)
RA-1452,Aluno-1452,2A,2A,12.0,Masculino,2024,Pública,9.002,10.0,7.51,7.916666667,7.75,8.17,10.0,Fase 2 (5° e 6° ano),0,Cursando,8.6268666667,Topázio,2024,2.0,0.0,0,Adequada/adiantada (≥ 0)
RA-1453,Aluno-1453,2A,2A,12.0,Feminino,2021,Pública,8.502,7.8214285715,6.25,7.5,6.5,7.67,5.0,Fase 3 (7° e 8° ano),-1,Cursando,7.1234857143,Ametista,2024,2.0,3.0,1,Moderada (−1 fase)
RA-1454,Aluno-1454,2A,2A,10.0,Feminino,2023,Pública,8.002,5.880952381,7.51,7.708333333,7.75,8.28,10.0,Fase 2 (5° e 6° ano),0,Cursando,7.7042238095,Ametista,2024,2.0,1.0,0,Adequada/adiantada (≥ 0)
RA-1455,Aluno-1455,2A,2A,12.0,Feminino,2024,Pública,8.002,7.777777778,7.51,7.708333333,3.5,7.833333333,5.0,Fase 3 (7° e 8° ano),-1,Cursando,6.6442555555,Ágata,2024,2.0,0.0,1,Moderada (−1 fase)
RA-1456,Aluno-1456,2A,2A,11.0,Masculino,2024,Pública,9.502,9.511904762,7.51,7.5,7.75,7.946666667,10.0,Fase 2 (5° e 6° ano),0,Cursando,8.492914285800001,Topázio,2024,2.0,0.0,0,Adequada/adiantada (≥ 0)
RA-1457,Aluno-1457,2B,2B,12.0,Feminino,2024,Pública,3.498,8.0357142855,7.51,7.291666667,2.75,7.663333333,5.0,Fase 3 (7° e 8° ano),-1,Cursando,6.0197761904,Ágata,2024,2.0,0.0,1,Moderada (−1 fase)
RA-1458,Aluno-1458,2B,2B,12.0,Feminino,2024,Pública,8.751,7.280701754500001,7.51,6.041666667,3.25,5.213333333,5.0,Fase 3 (7° e 8° ano),-1,Cursando,5.879073684200001,Quartzo,2024,2.0,0.0,1,Moderada (−1 fase)
RA-1459,Aluno-1459,2C,2C,12.0,Masculino,2024,Pública,8.002,8.2976190475,7.51,7.5,3.75,7.273333333,5.0,Fase 3 (7° e 8° ano),-1,Cursando,6.665390476100001,Ágata,2024,2.0,0.0,1,Moderada (−1 fase)
RA-146,Aluno-146,4,H,15.0,Menina,2022,Escola Pública,8.3,9.2,7.5,,7.9,8.208,5.0,Fase 5 (1º EM),-1,,7.947,Ametista,2022,4.0,0.0,1,Moderada (−1 fase)
RA-146,Aluno-146,FASE 5,5C,,Feminino,2022,Pública,6.2,9.5,5.0,8.4375,7.9,8.2125,5.0,Fase 6 (2° EM),-1,,7.584483333,Ametista,2023,5.0,1.0,1,Moderada (−1 fase)
RA-146,Aluno-146,5D,5D,17.0,Feminino,2022,Pública,8.751,9.514316093333333,5.635,7.65625,9.333333333333334,8.304,5.0,Fase 7 (3° EM),-2,Cursando,8.134554885333333,Topázio,2024,5.0,2.0,1,Severa (≤ −2 fases)
RA-1460,Aluno-1460,2C,2C,12.0,Masculino,2024,Pública,9.502,7.460526316,7.51,6.875,3.25,6.27,10.0,Fase 2 (5° e 6° ano),0,Cursando,6.784805263200001,Ágata,2024,2.0,0.0,0,Adequada/adiantada (≥ 0)
RA-1461,Aluno-1461,2C,2C,12.0,Feminino,2024,Pública,10.002,9.273809524,7.51,7.5,2.75,7.33,5.0,Fase 3 (7° e 8° ano),-1,Cursando,6.871961904800001,Ágata,2024,2.0,0.0,1,Moderada (−1 fase)
RA-1462,Aluno-1462,2D,2D,13.0,Feminino,2024,Pública,8.502,10.0,7.51,8.125,6.5,7.053333333,5.0,Fase 3 (7° e 8° ano),-1,Cursando,7.6243666666,Ametista,2024,2.0,0.0,1,Moderada (−1 fase)
RA-1463,Aluno-1463,2D,2D,12.0,Masculino,2024,Pública,8.502,9.722222222,7.51,9.0625,10.0,8.113333333,10.0,Fase 2 (5° e 6° ano),0,Cursando,9.074561111000001,Topázio,2024,2.0,0.0,0,Adequada/adiantada (≥ 0)
RA-1464,Aluno-1464,2D,2D,13.0,Feminino,2024,Pública,8.002,7.794871795,7.51,9.0625,6.25,7.61,5.0,Fase 3 (7° e 8° ano),-1,Cursando,7.288424359,Ametista,2024,2.0,0.0,1,Moderada (−1 fase)
RA-1465,Aluno-1465,2D,2D,12.0,Masculino,2024,Pública,7.418,8.75,7.51,8.75,5.75,7.833333333,5.0,Fase 3 (7° e 8° ano),-1,Cursando,7.3344666666,Ametista,2024,2.0,0.0,1,Moderada (−1 fase)
RA-1466,Aluno-1466,2D,2D,12.0,Masculino,2024,Pública,10.002,7.380952381,7.51,8.75,7.5,8.056666667,10.0,Fase 2 (5° e 6° ano),0,Cursando,8.213723809600001,Topázio,2024,2.0,0.0,0,Adequada/adiantada (≥ 0)
RA-1467,Aluno-1467,2D,2D,12.0,Masculino,2024,Pública,9.002,9.022556391,7.51,8.75,9.25,8.28,10.0,Fase 2 (5° e 6° ano),0,Cursando,8.836711278200001,Topázio,2024,2.0,0.0,0,Adequada/adiantada (≥ 0)
RA-1468,Aluno-1468,2D,2D,12.0,Feminino,2024,Pública,8.502,8.972431078,7.51,8.4375,7.0,7.443333333,10.0,Fase 2 (5° e 6° ano),0,Cursando,8.1281028822,Topázio,2024,2.0,0.0,0,Adequada/adiantada (≥ 0)
RA-1469,Aluno-1469,2D,2D,13.0,Masculino,2024,Pública,8.502,9.4444444445,7.51,8.75,4.75,8.223333333,5.0,Fase 3 (7° e 8° ano),-1,Cursando,7.459755555500001,Ametista,2024,2.0,0.0,1,Moderada (−1 fase)
RA-147,Aluno-147,4,H,14.0,Menina,2022,Escola Pública,8.3,7.7,7.5,,6.1,7.25,10.0,Fase 4 (9º ano),0,,7.541,Ametista,2022,4.0,0.0,0,Adequada/adiantada (≥ 0)
RA-147,Aluno-147,FASE 4,4F,15.0,Feminino,2022,Pública,0.0,7.0,5.63,6.875,4.5,7.46,5.0,Fase 5 (1° EM),-1,,5.5425,Quartzo,2023,4.0,1.0,1,Moderada (−1 fase)
RA-147,Aluno-147,5F,5F,16.0,Feminino,2022,Pública,8.334,9.277056277,7.51,7.5,6.166666666666667,7.386666667,5.0,Fase 6 (2° EM),-1,Cursando,7.400477922133334,Ametista,2024,5.0,2.0,1,Moderada (−1 fase)
RA-1470,Aluno-1470,2G,2G,12.0,Feminino,2024,Pública,8.002,6.35610766,6.26,6.875,5.0,5.4125,5.0,Fase 3 (7° e 8° ano),-1,Cursando,5.967421532000001,Quartzo,2024,2.0,0.0,1,Moderada (−1 fase)
RA-1471,Aluno-1471,2G,2G,13.0,Masculino,2024,Pública,10.002,7.195652174,7.51,7.65625,7.5,7.2425,5.0,Fase 3 (7° e 8° ano),-1,Cursando,7.404455434800001,Ametista,2024,2.0,0.0,1,Moderada (−1 fase)
RA-1472,Aluno-1472,2G,2G,11.0,Masculino,2022,Pública,8.502,10.0,7.51,7.96875,8.75,8.1275,10.0,Fase 2 (5° e 6° ano),0,Cursando,8.773575000000001,Topázio,2024,2.0,2.0,0,Adequada/adiantada (≥ 0)
RA-1473,Aluno-1473,2G,2G,13.0,Masculino,2024,Pública,9.502,8.4368530025,5.625,6.5625,5.25,6.415,5.0,Fase 3 (7° e 8° ano),-1,Cursando,6.689320600500001,Ágata,2024,2.0,0.0,1,Moderada (−1 fase)
RA-1474,Aluno-1474,2H,2H,11.0,Feminino,2024,Pública,8.002,7.960662526,5.625,6.71875,7.5,6.2875,10.0,Fase 2 (5° e 6° ano),0,Cursando,7.384207505200001,Ametista,2024,2.0,0.0,0,Adequada/adiantada (≥ 0)
RA-1475,Aluno-1475,2I,2I,10.0,Feminino,2024,Pública,9.002,8.070175439,7.51,7.5,5.0,6.993333333,10.0,Fase 2 (5° e 6° ano),0,Cursando,7.413901754400001,Ametista,2024,2.0,0.0,0,Adequada/adiantada (≥ 0)
RA-1476,Aluno-1476,2K,2K,11.0,Feminino,2024,Pública,9.502,10.0,5.635,8.4375,8.5,8.7525,10.0,Fase 2 (5° e 6° ano),0,Cursando,8.80795,Topázio,2024,2.0,0.0,0,Adequada/adiantada (≥ 0)
RA-1477,Aluno-1477,2K,2K,11.0,Masculino,2024,Pública,8.002,8.010869565,7.51,6.40625,5.0,6.2875,10.0,Fase 2 (5° e 6° ano),0,Cursando,7.0514989130000005,Ametista,2024,2.0,0.0,0,Adequada/adiantada (≥ 0)
RA-1478,Aluno-1478,2K,2K,11.0,Masculino,2024,Pública,8.002,6.666666667,6.255,6.875,4.25,7.1225,10.0,Fase 2 (5° e 6° ano),0,Cursando,6.7210333334,Ágata,2024,2.0,0.0,0,Adequada/adiantada (≥ 0)
RA-1479,Aluno-1479,2K,2K,12.0,Masculino,2024,Pública,8.502,6.1965811965,7.51,7.1875,4.25,6.0325,10.0,Fase 2 (5° e 6° ano),0,Cursando,6.615766239300001,Ágata,2024,2.0,0.0,0,Adequada/adiantada (≥ 0)
RA-148,Aluno-148,4,H,14.0,Menino,2022,Escola Pública,9.2,7.9,10.0,,5.3,7.708,10.0,Fase 4 (9º ano),0,,7.894,Ametista,2022,4.0,0.0,0,Adequada/adiantada (≥ 0)
RA-1480,Aluno-1480,2K,2K,12.0,Masculino,2024,Pública,8.502,8.875,7.51,7.1875,5.5,6.9975,5.0,Fase 3 (7° e 8° ano),-1,Cursando,7.09445,Ametista,2024,2.0,0.0,1,Moderada (−1 fase)
RA-1481,Aluno-1481,2K,2K,12.0,Feminino,2024,Pública,8.502,8.782608695499999,7.51,6.875,4.75,6.8275,5.0,Fase 3 (7° e 8° ano),-1,Cursando,6.860721739100001,Ágata,2024,2.0,0.0,1,Moderada (−1 fase)
RA-1482,Aluno-1482,2K,2K,14.0,Masculino,2024,Pública,8.502,5.0,7.51,7.5,0.0,6.8725,5.0,Fase 3 (7° e 8° ano),-1,Cursando,5.2257,Quartzo,2024,2.0,0.0,1,Moderada (−1 fase)
RA-1483,Aluno-1483,2K,2K,11.0,Masculino,2024,Pública,9.502,7.913043478500001,7.51,5.78125,6.5,5.7475,10.0,Fase 2 (5° e 6° ano),0,Cursando,7.311433695700001,Ametista,2024,2.0,0.0,0,Adequada/adiantada (≥ 0)
RA-1484,Aluno-1484,2L,2L,14.0,Feminino,2024,Pública,9.002,10.0,6.26,7.5,7.0,7.89,5.0,Fase 3 (7° e 8° ano),-1,Cursando,7.754200000000001,Ametista,2024,2.0,0.0,1,Moderada (−1 fase)
RA-1485,Aluno-1485,2L,2L,13.0,Masculino,2024,Pública,9.002,7.7432712215,5.625,7.5,5.0,7.386666667,5.0,Fase 3 (7° e 8° ano),-1,Cursando,6.7386875776999995,Ágata,2024,2.0,0.0,1,Moderada (−1 fase)
RA-1486,Aluno-1486,2L,2L,11.0,Masculino,2024,Pública,8.002,5.431372549,6.26,7.916666667,5.75,7.056666667,10.0,Fase 2 (5° e 6° ano),0,Cursando,6.865474509900001,Ágata,2024,2.0,0.0,0,Adequada/adiantada (≥ 0)
RA-1487,Aluno-1487,2L,2L,13.0,Feminino,2024,Pública,10.002,9.5652173915,6.26,7.708333333,8.25,7.833333333,5.0,Fase 3 (7° e 8° ano),-1,Cursando,8.0267434782,Topázio,2024,2.0,0.0,1,Moderada (−1 fase)
RA-1488,Aluno-1488,2L,2L,11.0,Feminino,2024,Pública,8.002,7.111801242,7.51,7.5,3.5,6.716666667,10.0,Fase 2 (5° e 6° ano),0,Cursando,6.7668935818000016,Ágata,2024,2.0,0.0,0,Adequada/adiantada (≥ 0)
RA-1489,Aluno-1489,2L,2L,12.0,Masculino,2024,Pública,9.002,5.793478261000001,6.26,6.666666667,5.0,5.663333333,5.0,Fase 3 (7° e 8° ano),-1,Cursando,5.9842289855000015,Quartzo,2024,2.0,0.0,1,Moderada (−1 fase)
RA-149,Aluno-149,4,H,15.0,Menina,2022,Escola Pública,9.2,6.5,7.5,,5.0,6.125,5.0,Fase 5 (1º EM),-1,,6.323,Ágata,2022,4.0,0.0,1,Moderada (−1 fase)
RA-149,Aluno-149,FASE 4,4C,,Feminino,2022,Pública,8.8,4.2,2.52,7.5,4.7,7.2925,5.0,Fase 6 (2° EM),-2,,5.622266667,Quartzo,2023,4.0,1.0,1,Severa (≤ −2 fases)
RA-149,Aluno-149,5D,5D,17.0,Feminino,2022,Pública,9.585,4.104378593666667,6.26,7.34375,3.8333333333333335,6.626,5.0,Fase 7 (3° EM),-2,Cursando,5.7316173854,Quartzo,2024,5.0,2.0,1,Severa (≤ −2 fases)
RA-1490,Aluno-1490,2L,2L,12.0,Feminino,2024,Privada,8.502,9.5652173915,6.26,6.666666667,7.75,6.333333333,5.0,Fase 3 (7° e 8° ano),-1,Cursando,7.3725768116,Ametista,2024,2.0,0.0,1,Moderada (−1 fase)
RA-1491,Aluno-1491,2L,2L,12.0,Masculino,2024,Pública,9.002,6.25,7.51,7.5,6.5,7.78,10.0,Fase 2 (5° e 6° ano),0,Cursando,7.5072,Ametista,2024,2.0,0.0,0,Adequada/adiantada (≥ 0)
RA-1492,Aluno-1492,2L,2L,9.0,Masculino,2024,Pública,8.002,8.8141025645,7.51,8.75,8.0,8.45,10.0,Fase 1 (3° e 4° ano),1,Cursando,8.479020512900002,Topázio,2024,2.0,0.0,0,Adequada/adiantada (≥ 0)
RA-1493,Aluno-1493,2M,2M,12.0,Masculino,2024,Pública,8.502,7.8468899525,7.51,7.1875,4.0,5.946666667,5.0,Fase 3 (7° e 8° ano),-1,Cursando,6.378661323900001,Ágata,2024,2.0,0.0,1,Moderada (−1 fase)
RA-1494,Aluno-1494,2M,2M,11.0,Feminino,2024,Pública,0.0,6.7794117645,7.51,7.5,4.25,5.84,10.0,Fase 2 (5° e 6° ano),0,Cursando,5.8748823529,Quartzo,2024,2.0,0.0,0,Adequada/adiantada (≥ 0)
RA-1495,Aluno-1495,2M,2M,11.0,Feminino,2021,Pública,9.002,8.318181818,7.51,8.75,8.25,8.223333333,10.0,Fase 2 (5° e 6° ano),0,Cursando,8.4845030302,Topázio,2024,2.0,3.0,0,Adequada/adiantada (≥ 0)
RA-1496,Aluno-1496,2M,2M,12.0,Feminino,2024,Pública,9.002,5.714285714500001,7.51,7.8125,4.25,6.773333333,10.0,Fase 2 (5° e 6° ano),0,Cursando,6.7799738095,Ágata,2024,2.0,0.0,0,Adequada/adiantada (≥ 0)
RA-1497,Aluno-1497,2M,2M,12.0,Feminino,2024,Pública,0.0,5.0227272725,7.51,6.875,2.0,6.996666667,10.0,Fase 2 (5° e 6° ano),0,Cursando,5.2423787879,Quartzo,2024,2.0,0.0,0,Adequada/adiantada (≥ 0)
RA-1498,Aluno-1498,2M,2M,13.0,Feminino,2024,Pública,8.502,7.840909091,7.51,8.125,7.0,6.33,5.0,Fase 3 (7° e 8° ano),-1,Cursando,7.147881818200001,Ametista,2024,2.0,0.0,1,Moderada (−1 fase)
RA-1499,Aluno-1499,2N,2N,12.0,Feminino,2024,Pública,8.418,9.25,6.885,8.125,6.5,7.11,10.0,Fase 2 (5° e 6° ano),0,Cursando,7.914800000000001,Ametista,2024,2.0,0.0,0,Adequada/adiantada (≥ 0)
RA-15,Aluno-15,7,D,18.0,Menino,2022,Escola Pública,8.8,10.0,7.5,,7.3,7.292,5.0,Fase 8 (Universitários),-1,,7.783,Ametista,2022,7.0,0.0,1,Moderada (−1 fase)
RA-150,Aluno-150,4,H,16.0,Menina,2020,Escola Pública,9.6,6.3,6.9,,6.9,7.333,5.0,Fase 6 (2º EM),-2,,6.962,Ágata,2022,4.0,2.0,1,Severa (≤ −2 fases)
RA-1500,Aluno-1500,2N,2N,11.0,Masculino,2024,Pública,9.502,8.3333333335,6.885,8.4375,3.5,7.556666667,10.0,Fase 2 (5° e 6° ano),0,Cursando,7.360450000100002,Ametista,2024,2.0,0.0,0,Adequada/adiantada (≥ 0)
RA-1501,Aluno-1501,2N,2N,11.0,Feminino,2024,Pública,9.502,10.0,7.51,8.4375,5.0,7.5,10.0,Fase 2 (5° e 6° ano),0,Cursando,8.04495,Topázio,2024,2.0,0.0,0,Adequada/adiantada (≥ 0)
RA-1502,Aluno-1502,2N,2N,12.0,Feminino,2024,Pública,8.002,7.628205128,7.51,7.8125,5.25,7.39,5.0,Fase 3 (7° e 8° ano),-1,Cursando,6.886091025600001,Ágata,2024,2.0,0.0,1,Moderada (−1 fase)
RA-1503,Aluno-1503,2P,2P,13.0,Feminino,2024,Pública,7.502,10.0,7.51,8.958333333,2.75,7.723333333,5.0,Fase 3 (7° e 8° ano),-1,Cursando,6.991699999900001,Ágata,2024,2.0,0.0,1,Moderada (−1 fase)
RA-1504,Aluno-1504,2P,2P,12.0,Feminino,2024,Pública,7.5,4.6136363634999995,5.63,5.833333333,6.75,6.94,5.0,Fase 3 (7° e 8° ano),-1,Cursando,6.057060605999999,Ágata,2024,2.0,0.0,1,Moderada (−1 fase)
RA-1505,Aluno-1505,2P,2P,13.0,Masculino,2024,Pública,9.502,7.5252525255,7.51,8.75,3.75,6.943333333,5.0,Fase 3 (7° e 8° ano),-1,Cursando,6.7199171717,Ágata,2024,2.0,0.0,1,Moderada (−1 fase)
RA-1506,Aluno-1506,2R,2R,11.0,Feminino,2024,Pública,8.002,8.3874458875,7.51,6.458333333,3.5,7.886666667,10.0,Fase 2 (5° e 6° ano),0,Cursando,7.151855844200001,Ametista,2024,2.0,0.0,0,Adequada/adiantada (≥ 0)
RA-1507,Aluno-1507,2R,2R,12.0,Masculino,2024,Pública,6.918,4.448051948,7.51,4.583333333,5.0,3.776666667,5.0,Fase 3 (7° e 8° ano),-1,Cursando,5.046077056300001,Quartzo,2024,2.0,0.0,1,Moderada (−1 fase)
RA-1508,Aluno-1508,2R,2R,10.0,Feminino,2024,Pública,7.502,7.2294372295,7.51,7.5,9.25,8.166666667,10.0,Fase 2 (5° e 6° ano),0,Cursando,8.1804207793,Topázio,2024,2.0,0.0,0,Adequada/adiantada (≥ 0)
RA-1509,Aluno-1509,2R,2R,11.0,Masculino,2024,Pública,8.502,6.5151515155,7.51,6.666666667,7.5,7.446666667,10.0,Fase 2 (5° e 6° ano),0,Cursando,7.560230303200001,Ametista,2024,2.0,0.0,0,Adequada/adiantada (≥ 0)
RA-151,Aluno-151,4,H,16.0,Menina,2020,Escola Pública,8.8,7.5,6.9,,8.3,7.958,5.0,Fase 6 (2º EM),-2,,7.563,Ametista,2022,4.0,2.0,1,Severa (≤ −2 fases)
RA-151,Aluno-151,FASE 5,5C,17.0,Feminino,2020,Pública,0.0,7.8,7.52,8.59375,7.9,8.1725,5.0,Fase 7 (3° EM),-2,,6.892541667,Ágata,2023,5.0,3.0,1,Severa (≤ −2 fases)
RA-1510,Aluno-1510,2R,2R,11.0,Feminino,2024,Pública,10.002,9.7727272725,7.51,9.583333333,10.0,9.003333333,10.0,Fase 2 (5° e 6° ano),0,Cursando,9.464745454400001,Topázio,2024,2.0,0.0,0,Adequada/adiantada (≥ 0)
RA-1511,Aluno-1511,2U,2U,11.0,Feminino,2024,Pública,10.002,9.3271221535,7.51,8.4375,8.75,8.556666667,10.0,Fase 2 (5° e 6° ano),0,Cursando,8.9217077641,Topázio,2024,2.0,0.0,0,Adequada/adiantada (≥ 0)
RA-1512,Aluno-1512,2U,2U,10.0,Feminino,2024,Pública,9.502,10.0,7.51,7.8125,5.5,7.61,10.0,Fase 2 (5° e 6° ano),0,Cursando,8.10445,Topázio,2024,2.0,0.0,0,Adequada/adiantada (≥ 0)
RA-1513,Aluno-1513,2U,2U,12.0,Feminino,2024,Pública,8.502,7.5252525255,7.51,7.5,3.75,7.223333333,5.0,Fase 3 (7° e 8° ano),-1,Cursando,6.5509171717,Ágata,2024,2.0,0.0,1,Moderada (−1 fase)
RA-1514,Aluno-1514,2U,2U,12.0,Feminino,2024,Pública,9.002,7.979797980000001,7.51,7.1875,5.5,7.273333333,10.0,Fase 2 (5° e 6° ano),0,Cursando,7.520576262600001,Ametista,2024,2.0,0.0,0,Adequada/adiantada (≥ 0)
RA-1515,Aluno-1515,2U,2U,12.0,Feminino,2024,Pública,6.418,6.6666666665,6.255,6.875,3.5,6.72,5.0,Fase 3 (7° e 8° ano),-1,Cursando,5.832133333300001,Quartzo,2024,2.0,0.0,1,Moderada (−1 fase)
RA-1516,Aluno-1516,3A,3A,13.0,Feminino,2024,Privada,9.585,5.404288499000001,9.38,7.96875,4.666666666666667,7.5475,10.0,Fase 3 (7° e 8° ano),3,Cursando,7.217066033133334,Ametista,2024,3.0,0.0,0,Adequada/adiantada (≥ 0)
RA-1517,Aluno-1517,3A,3A,15.0,Masculino,2024,Pública,9.168,4.305555555666667,9.38,7.5,4.666666666666667,6.7075,5.0,Fase 4 (9° ano),-1,Cursando,6.240744444466667,Ágata,2024,3.0,0.0,1,Moderada (−1 fase)
RA-1518,Aluno-1518,3A,3A,15.0,Feminino,2022,Pública,7.084,5.714285714333333,9.38,7.65625,1.75,6.5825,5.0,Fase 4 (9° ano),-1,Cursando,5.721382142866666,Quartzo,2024,3.0,2.0,1,Moderada (−1 fase)
RA-1519,Aluno-1519,3A,3A,15.0,Masculino,2024,,9.585,5.560902255666666,8.755,7.96875,4.833333333333333,7.5025,10.0,Fase 3 (7° e 8° ano),3,Cursando,7.210222117800001,Ametista,2024,3.0,0.0,0,Adequada/adiantada (≥ 0)
RA-152,Aluno-152,4,L,16.0,Menina,2022,Escola Pública,8.3,7.0,7.5,,6.5,6.292,5.0,Fase 6 (2º EM),-2,,6.712,Ágata,2022,4.0,0.0,1,Severa (≤ −2 fases)
RA-152,Aluno-152,FASE 4,4M,16.0,Feminino,2022,Pública,7.9,7.7,2.52,7.8125,4.5,7.71,5.0,Fase 6 (2° EM),-2,,6.30695,Ágata,2023,4.0,1.0,1,Severa (≤ −2 fases)
RA-152,Aluno-152,5L,5L,17.0,Feminino,2022,Pública,7.5,7.337719298333333,5.63,7.8125,5.166666666666667,7.443333333,5.0,Fase 7 (3° EM),-2,Cursando,6.5837938596,Ágata,2024,5.0,2.0,1,Severa (≤ −2 fases)
RA-1520,Aluno-1520,3B,3B,14.0,Feminino,2024,Pública,8.334,9.060606060666666,8.75,7.65625,3.75,7.3325,5.0,Fase 4 (9° ano),-1,Cursando,7.0026462121333335,Ametista,2024,3.0,0.0,1,Moderada (−1 fase)
RA-1521,Aluno-1521,3B,3B,14.0,Feminino,2024,Pública,7.5,6.157902555,2.51,6.09375,3.1666666666666665,5.4525,5.0,Fase 4 (9° ano),-1,Cursando,5.065788844333333,Quartzo,2024,3.0,0.0,1,Moderada (−1 fase)
RA-1522,Aluno-1522,3B,3B,13.0,Masculino,2024,Pública,8.751,10.0,9.38,6.875,7.0,7.1275,10.0,Fase 3 (7° e 8° ano),0,Cursando,8.3261,Topázio,2024,3.0,0.0,0,Adequada/adiantada (≥ 0)
RA-1523,Aluno-1523,3B,3B,11.0,Masculino,2024,Pública,6.666,9.283272283333334,8.755,8.90625,8.166666666666666,8.755,10.0,Fase 2 (5° e 6° ano),1,Cursando,8.67371279,Topázio,2024,3.0,0.0,0,Adequada/adiantada (≥ 0)
RA-1524,Aluno-1524,3B,3B,14.0,Feminino,2024,Pública,7.917,2.777777777666667,7.51,7.65625,4.0,6.9175,5.0,Fase 4 (9° ano),-1,Cursando,5.5473805555333335,Quartzo,2024,3.0,0.0,1,Moderada (−1 fase)
RA-1525,Aluno-1525,3C,3C,13.0,Masculino,2024,Pública,7.917,8.293650793666666,5.63,8.541666667,7.0,7.553333333,10.0,Fase 3 (7° e 8° ano),0,Cursando,7.778263492033334,Ametista,2024,3.0,0.0,0,Adequada/adiantada (≥ 0)
RA-1526,Aluno-1526,3D,3D,13.0,Feminino,2024,Pública,9.168,10.0,8.75,8.125,3.75,8.1275,10.0,Fase 3 (7° e 8° ano),0,Cursando,7.9798,Ametista,2024,3.0,0.0,0,Adequada/adiantada (≥ 0)
RA-1527,Aluno-1527,3D,3D,13.0,Masculino,2024,Pública,9.168,10.0,7.51,7.96875,8.0,7.835,10.0,Fase 3 (7° e 8° ano),0,Cursando,8.631675000000001,Topázio,2024,3.0,0.0,0,Adequada/adiantada (≥ 0)
RA-1528,Aluno-1528,3D,3D,13.0,Masculino,2024,Pública,9.168,7.787878788,7.51,7.96875,5.666666666666667,7.335,10.0,Fase 3 (7° e 8° ano),0,Cursando,7.622584090933335,Ametista,2024,3.0,0.0,0,Adequada/adiantada (≥ 0)
RA-1529,Aluno-1529,3F,3F,14.0,Feminino,2024,Pública,6.666,7.435897436,7.51,8.125,5.5,6.964,5.0,Fase 4 (9° ano),-1,Cursando,6.710079487200001,Ágata,2024,3.0,0.0,1,Moderada (−1 fase)
RA-153,Aluno-153,4,L,14.0,Menina,2018,Rede Decisão,7.9,8.2,5.0,,6.6,7.708,10.0,Fase 4 (9º ano),0,,7.535,Ametista,2022,4.0,4.0,0,Adequada/adiantada (≥ 0)
RA-153,Aluno-153,FASE 5,5M,15.0,Feminino,2018,Privada - Programa de Apadrinhamento,9.2,7.4,2.52,8.125,6.4,7.71,10.0,Fase 5 (1° EM),0,,7.289966667,Ametista,2023,5.0,5.0,0,Adequada/adiantada (≥ 0)
RA-153,Aluno-153,7E,7E,16.0,Feminino,2021,Privada - Programa de Apadrinhamento,8.751,0.0,6.5675,7.5,0.0,7.5,10.0,Fase 5 (1° EM),2,Cursando,4.78185,Quartzo,2024,7.0,3.0,0,Adequada/adiantada (≥ 0)
RA-1530,Aluno-1530,3F,3F,13.0,Masculino,2024,Pública,0.0,2.5238095237666665,8.13,7.03125,2.8333333333333335,5.258,10.0,Fase 3 (7° e 8° ano),0,Cursando,4.6391535714200005,Quartzo,2024,3.0,0.0,0,Adequada/adiantada (≥ 0)
RA-1531,Aluno-1531,3F,3F,14.0,Masculino,2024,Pública,8.751,7.9726867336666665,7.505,7.34375,5.833333333333333,7.14,5.0,Fase 4 (9° ano),-1,Cursando,7.0491790134,Ametista,2024,3.0,0.0,1,Moderada (−1 fase)
RA-1532,Aluno-1532,3H,3H,15.0,Masculino,2024,Pública,0.0,3.9057239053333332,7.51,7.5,2.0,6.832,5.0,Fase 4 (9° ano),-1,Cursando,4.548544781066667,Quartzo,2024,3.0,0.0,1,Moderada (−1 fase)
RA-1533,Aluno-1533,3I,3I,14.0,Feminino,2024,Pública,9.168,9.710144927666667,8.135,8.5,9.5,8.3375,10.0,Fase 3 (7° e 8° ano),0,Cursando,9.089828985533336,Topázio,2024,3.0,0.0,0,Adequada/adiantada (≥ 0)
RA-1534,Aluno-1534,3I,3I,13.0,Feminino,2024,Pública,7.917,9.666666666666666,8.135,8.0,1.1666666666666667,8.0825,10.0,Fase 3 (7° e 8° ano),0,Cursando,7.188366666666667,Ametista,2024,3.0,0.0,0,Adequada/adiantada (≥ 0)
RA-1535,Aluno-1535,3I,3I,13.0,Feminino,2024,Pública,8.751,5.103121516333333,7.51,7.125,5.833333333333333,7.9175,10.0,Fase 3 (7° e 8° ano),0,Cursando,7.109390969933334,Ametista,2024,3.0,0.0,0,Adequada/adiantada (≥ 0)
RA-1536,Aluno-1536,3I,3I,15.0,Feminino,2024,Pública,9.168,8.722222222333334,8.135,7.875,7.0,7.4575,5.0,Fase 4 (9° ano),-1,Cursando,7.653744444466668,Ametista,2024,3.0,0.0,1,Moderada (−1 fase)
RA-1537,Aluno-1537,3I,3I,14.0,Feminino,2024,Pública,9.168,8.33064949,8.135,8.125,8.666666666666666,8.67,5.0,Fase 4 (9° ano),-1,Cursando,8.176263231333333,Topázio,2024,3.0,0.0,1,Moderada (−1 fase)
RA-1538,Aluno-1538,3K,3K,13.0,Masculino,2021,Pública,9.168,7.935185184999999,8.13,7.916666667,7.166666666666667,7.106666667,10.0,Fase 2 (5° e 6° ano),1,Cursando,7.9631703704333345,Ametista,2024,3.0,3.0,0,Adequada/adiantada (≥ 0)
RA-1539,Aluno-1539,3K,3K,13.0,Feminino,2024,Pública,6.667,9.027777777666666,6.885,7.708333333,6.833333333333333,7.056666667,10.0,Fase 3 (7° e 8° ano),0,Cursando,7.709588888900001,Ametista,2024,3.0,0.0,0,Adequada/adiantada (≥ 0)
RA-154,Aluno-154,4,L,15.0,Menino,2017,Escola Pública,8.3,6.1,6.3,,4.0,6.833,5.0,Fase 5 (1º EM),-1,,6.073,Ágata,2022,4.0,5.0,1,Moderada (−1 fase)
RA-1540,Aluno-1540,3M,3M,14.0,Feminino,2024,Pública,8.334,5.0,7.51,7.125,2.6666666666666665,6.83,5.0,Fase 4 (9° ano),-1,Cursando,5.696233333333334,Quartzo,2024,3.0,0.0,1,Moderada (−1 fase)
RA-1541,Aluno-1541,3M,3M,13.0,Masculino,2024,Pública,9.168,8.633333333333333,6.88,8.25,8.166666666666666,7.736,10.0,Fase 3 (7° e 8° ano),0,Cursando,8.337,Topázio,2024,3.0,0.0,0,Adequada/adiantada (≥ 0)
RA-1542,Aluno-1542,3M,3M,16.0,Feminino,2024,Pública,7.501,6.304873294333333,8.135,7.375,3.1666666666666665,6.966,5.0,Fase 5 (1° EM),-2,Cursando,6.0886079922,Ágata,2024,3.0,0.0,1,Severa (≤ −2 fases)
RA-1543,Aluno-1543,3M,3M,14.0,Masculino,2024,Pública,7.5,8.076923077,7.51,7.25,5.0,7.066,5.0,Fase 4 (9° ano),-1,Cursando,6.754584615400001,Ágata,2024,3.0,0.0,1,Moderada (−1 fase)
RA-1544,Aluno-1544,3M,3M,14.0,Feminino,2024,Pública,8.334,8.674509804,6.885,6.625,5.833333333333333,6.598,5.0,Fase 4 (9° ano),-1,Cursando,6.905568627466667,Ágata,2024,3.0,0.0,1,Moderada (−1 fase)
RA-1545,Aluno-1545,3N,3N,12.0,Feminino,2024,Pública,7.501,6.210826211,8.13,6.25,8.166666666666666,6.165,10.0,Fase 3 (7° e 8° ano),0,Cursando,7.296598575533334,Ametista,2024,3.0,0.0,0,Adequada/adiantada (≥ 0)
RA-1546,Aluno-1546,3N,3N,14.0,Masculino,2024,Pública,8.334,6.374643874666667,8.75,7.5,4.666666666666667,6.17,10.0,Fase 3 (7° e 8° ano),0,Cursando,6.900662108266667,Ágata,2024,3.0,0.0,0,Adequada/adiantada (≥ 0)
RA-1547,Aluno-1547,3N,3N,14.0,Feminino,2024,Pública,7.917,6.467236467333334,8.13,7.5,6.666666666666667,6.335,5.0,Fase 4 (9° ano),-1,Cursando,6.748480626800001,Ágata,2024,3.0,0.0,1,Moderada (−1 fase)
RA-1548,Aluno-1548,3N,3N,13.0,Feminino,2024,Pública,8.334,5.2421652420000004,7.51,7.5,4.833333333333333,5.665,10.0,Fase 3 (7° e 8° ano),0,Cursando,6.482499715066667,Ágata,2024,3.0,0.0,0,Adequada/adiantada (≥ 0)
RA-1549,Aluno-1549,3N,3N,15.0,Masculino,2024,Pública,9.585,7.441394335666668,7.51,7.1875,4.166666666666667,6.325,5.0,Fase 5 (1° EM),-2,Cursando,6.514862200466668,Ágata,2024,3.0,0.0,1,Severa (≤ −2 fases)
RA-155,Aluno-155,4,L,16.0,Menino,2022,Escola Pública,10.0,8.3,7.5,,5.2,6.833,5.0,Fase 6 (2º EM),-2,,7.051,Ametista,2022,4.0,0.0,1,Severa (≤ −2 fases)
RA-155,Aluno-155,FASE 5,5L,17.0,Masculino,2022,Pública,7.9,8.1,5.0,7.03125,4.4,6.5875,5.0,Fase 7 (3° EM),-2,,6.318991667,Ágata,2023,5.0,1.0,1,Severa (≤ −2 fases)
RA-155,Aluno-155,8F,8F,18.0,Masculino,2022,Privada *Parcerias com Bolsa 100%,,0.0,,,,,10.0,Fase 8 (Universitários),0,Cursando,,,2024,8.0,2.0,0,Adequada/adiantada (≥ 0)
RA-1550,Aluno-1550,3P,3P,15.0,Masculino,2024,Pública,9.585,5.222222222,7.51,7.03125,4.333333333333333,6.2025,5.0,Fase 4 (9° ano),-1,Cursando,6.064236111066667,Ágata,2024,3.0,0.0,1,Moderada (−1 fase)
RA-1551,Aluno-1551,3P,3P,15.0,Masculino,2024,Pública,9.585,4.7710437709999995,7.51,7.5,3.5,6.79,5.0,Fase 5 (1° EM),-2,Cursando,5.9717087542,Quartzo,2024,3.0,0.0,1,Severa (≤ −2 fases)
RA-1552,Aluno-1552,3P,3P,13.0,Masculino,2024,Pública,9.585,9.743589743666666,7.51,7.1875,3.1666666666666665,7.165,10.0,Fase 3 (7° e 8° ano),0,Cursando,7.443301282066667,Ametista,2024,3.0,0.0,0,Adequada/adiantada (≥ 0)
RA-1553,Aluno-1553,3R,3R,13.0,Masculino,2024,Pública,8.334,9.003921568666668,7.51,8.333333333,4.333333333333333,7.78,10.0,Fase 3 (7° e 8° ano),0,Cursando,7.641184313700001,Ametista,2024,3.0,0.0,0,Adequada/adiantada (≥ 0)
RA-1554,Aluno-1554,3R,3R,15.0,Masculino,2024,Pública,6.666,9.629629629666667,8.76,7.291666667,4.0,7.22,5.0,Fase 5 (1° EM),-2,Cursando,6.941692592633334,Ágata,2024,3.0,0.0,1,Severa (≤ −2 fases)
RA-1555,Aluno-1555,3R,3R,13.0,Masculino,2024,Pública,8.334,10.0,6.255,8.125,3.0,8.056666667,10.0,Fase 3 (7° e 8° ano),0,Cursando,7.4827333334,Ametista,2024,3.0,0.0,0,Adequada/adiantada (≥ 0)
RA-1556,Aluno-1556,3U,3U,14.0,Masculino,2024,Pública,7.917,5.222222222333333,7.51,7.916666667,4.0,7.44,10.0,Fase 3 (7° e 8° ano),0,Cursando,6.666811111166668,Ágata,2024,3.0,0.0,0,Adequada/adiantada (≥ 0)
RA-1557,Aluno-1557,3U,3U,14.0,Feminino,2024,Pública,9.585,8.916666666666666,7.51,7.916666667,7.0,7.72,10.0,Fase 3 (7° e 8° ano),0,Cursando,8.228500000033334,Topázio,2024,3.0,0.0,0,Adequada/adiantada (≥ 0)
RA-1558,Aluno-1558,4A,4A,16.0,Masculino,2024,Pública,9.168,8.705360238666666,8.755,8.5,5.5,8.302,5.0,Fase 5 (1° EM),-1,Cursando,7.643772047733333,Ametista,2024,4.0,0.0,1,Moderada (−1 fase)
RA-1559,Aluno-1559,4A,4A,15.0,Feminino,2024,Pública,7.917,5.2929755216666665,6.885,8.375,4.666666666666667,7.604,5.0,Fase 5 (1° EM),-1,Cursando,6.330428437666668,Ágata,2024,4.0,0.0,1,Moderada (−1 fase)
RA-156,Aluno-156,4,L,15.0,Menino,2018,Escola Pública,10.0,8.3,9.4,,4.4,7.792,5.0,Fase 5 (1º EM),-1,,7.357,Ametista,2022,4.0,4.0,1,Moderada (−1 fase)
RA-1560,Aluno-1560,4A,4A,14.0,Feminino,2024,Privada,9.168,9.206349206333334,5.635,8.5,8.166666666666666,8.336,10.0,Fase 3 (7° e 8° ano),1,Cursando,8.4721031746,Topázio,2024,4.0,0.0,0,Adequada/adiantada (≥ 0)
RA-1561,Aluno-1561,4A,4A,16.0,Masculino,2024,Pública,9.585,9.174603174666666,5.0,8.0,9.0,7.734,5.0,Fase 5 (1° EM),-1,Cursando,7.9402206349333335,Ametista,2024,4.0,0.0,1,Moderada (−1 fase)
RA-1562,Aluno-1562,4B,4B,16.0,Feminino,2024,Pública,6.25,8.666666666666666,5.01,6.25,0.5,6.8725,5.0,Fase 6 (2° EM),-2,Cursando,5.458833333333334,Quartzo,2024,4.0,0.0,1,Severa (≤ −2 fases)
RA-1563,Aluno-1563,4B,4B,15.0,Feminino,2024,Pública,8.751,8.305555555666666,7.51,7.25,7.0,8.46,5.0,Fase 5 (1° EM),-1,Cursando,7.604211111133335,Ametista,2024,4.0,0.0,1,Moderada (−1 fase)
RA-1564,Aluno-1564,4B,4B,15.0,Masculino,2024,Pública,8.334,4.942067736333334,6.885,5.75,2.1666666666666665,5.2875,5.0,Fase 5 (1° EM),-1,Cursando,5.0761468806000005,Quartzo,2024,4.0,0.0,1,Moderada (−1 fase)
RA-1565,Aluno-1565,4B,4B,16.0,Masculino,2024,Pública,0.0,8.102240896333333,7.51,6.375,5.5,6.0375,5.0,Fase 5 (1° EM),-1,Cursando,5.816448179266667,Quartzo,2024,4.0,0.0,1,Moderada (−1 fase)
RA-1566,Aluno-1566,4B,4B,17.0,Feminino,2024,Pública,9.168,9.247219355666667,7.51,7.75,6.5,8.335,5.0,Fase 6 (2° EM),-2,Cursando,7.759243871133334,Ametista,2024,4.0,0.0,1,Severa (≤ −2 fases)
RA-1567,Aluno-1567,4B,4B,16.0,Feminino,2024,Pública,8.334,8.771043771,7.51,7.75,8.166666666666666,8.335,5.0,Fase 6 (2° EM),-2,Cursando,7.913942087533334,Ametista,2024,4.0,0.0,1,Severa (≤ −2 fases)
RA-1568,Aluno-1568,4B,4B,15.0,Feminino,2024,Pública,9.168,7.493464052333334,7.51,8.0,8.166666666666666,8.5025,5.0,Fase 5 (1° EM),-1,Cursando,7.8003261438000004,Ametista,2024,4.0,0.0,1,Moderada (−1 fase)
RA-1569,Aluno-1569,4B,4B,17.0,Feminino,2024,Pública,6.666,7.111111111333334,6.26,6.875,2.1666666666666665,6.9175,5.0,Fase 6 (2° EM),-2,Cursando,5.7191555556,Quartzo,2024,4.0,0.0,1,Severa (≤ −2 fases)
RA-157,Aluno-157,4,L,12.0,Menina,2018,Rede Decisão,7.5,10.0,6.3,,7.7,8.292,10.0,Fase 3 (7º e 8º ano),1,,8.317,Topázio,2022,4.0,4.0,0,Adequada/adiantada (≥ 0)
RA-157,Aluno-157,FASE 5,5M,13.0,Feminino,2018,Privada - Programa de Apadrinhamento,7.1,9.9,2.52,8.59375,6.8,8.63,10.0,Fase 3 (7° e 8° ano),2,,7.879008333,Ametista,2023,5.0,5.0,0,Adequada/adiantada (≥ 0)
RA-157,Aluno-157,5N,5N,14.0,Feminino,2021,Privada - Programa de Apadrinhamento,8.334,10.0,6.26,8.125,9.666666666666666,8.726666667,10.0,Fase 4 (9° ano),1,Cursando,8.950566666733334,Topázio,2024,5.0,3.0,0,Adequada/adiantada (≥ 0)
RA-1570,Aluno-1570,4B,4B,16.0,Feminino,2024,Pública,9.585,7.542087542,7.51,7.75,8.333333333333334,8.6725,5.0,Fase 5 (1° EM),-1,Cursando,7.894084175066667,Ametista,2024,4.0,0.0,1,Moderada (−1 fase)
RA-1571,Aluno-1571,4B,4B,16.0,Masculino,2024,Pública,8.334,9.111111111333335,5.005,7.5,5.666666666666667,8.545,5.0,Fase 5 (1° EM),-1,Cursando,7.2484555556,Ametista,2024,4.0,0.0,1,Moderada (−1 fase)
RA-1572,Aluno-1572,4C,4C,15.0,Feminino,2024,Pública,9.168,9.841269841333334,7.51,7.65625,7.5,8.393333333,5.0,Fase 5 (1° EM),-1,Cursando,8.080345634866667,Topázio,2024,4.0,0.0,1,Moderada (−1 fase)
RA-1573,Aluno-1573,4C,4C,16.0,Masculino,2024,Pública,9.168,6.120448179333334,6.26,7.65625,5.0,8.556666667,5.0,Fase 5 (1° EM),-1,Cursando,6.743847969266667,Ágata,2024,4.0,0.0,1,Moderada (−1 fase)
RA-1574,Aluno-1574,4C,4C,16.0,Feminino,2024,Pública,8.751,8.399470899666667,7.51,7.8125,7.333333333333333,8.616666667,5.0,Fase 5 (1° EM),-1,Cursando,7.777244180000001,Ametista,2024,4.0,0.0,1,Moderada (−1 fase)
RA-1575,Aluno-1575,4C,4C,16.0,Feminino,2024,Pública,9.168,8.624338624,6.885,7.65625,5.333333333333333,8.28,5.0,Fase 5 (1° EM),-1,Cursando,7.318459391466667,Ametista,2024,4.0,0.0,1,Moderada (−1 fase)
RA-1576,Aluno-1576,4C,4C,16.0,Feminino,2024,Pública,8.334,9.523809523666666,5.635,6.40625,6.666666666666667,8.44,5.0,Fase 5 (1° EM),-1,Cursando,7.4636202380666665,Ametista,2024,4.0,0.0,1,Moderada (−1 fase)
RA-1577,Aluno-1577,4C,4C,16.0,Masculino,2024,Pública,10.002,4.993386243333333,7.51,7.34375,4.333333333333333,7.273333333,5.0,Fase 5 (1° EM),-1,Cursando,6.305585581933334,Ágata,2024,4.0,0.0,1,Moderada (−1 fase)
RA-1578,Aluno-1578,4F,4F,13.0,Feminino,2024,Pública,8.334,6.761695906666667,7.51,7.5,7.333333333333333,8.636,10.0,Fase 3 (7° e 8° ano),1,Cursando,7.880605848,Ametista,2024,4.0,0.0,0,Adequada/adiantada (≥ 0)
RA-1579,Aluno-1579,4F,4F,16.0,Feminino,2022,Pública,8.751,9.090261886999999,5.635,8.5,7.166666666666667,9.272,5.0,Fase 6 (2° EM),-2,Cursando,7.894385710733333,Ametista,2024,4.0,2.0,1,Severa (≤ −2 fases)
RA-158,Aluno-158,4,L,17.0,Menina,2017,Rede Decisão,7.9,9.8,5.6,,6.6,8.125,2.5,Fase 7 (3º EM),-3,,7.302,Ametista,2022,4.0,5.0,1,Severa (≤ −2 fases)
RA-158,Aluno-158,FASE 5,5M,,Feminino,2017,Privada - Programa de Apadrinhamento,7.1,9.0,2.52,8.28125,6.0,7.545,10.0,Fase 4 (9° ano),1,,7.297425,Ametista,2023,5.0,6.0,0,Adequada/adiantada (≥ 0)
RA-158,Aluno-158,5M,5M,15.0,Feminino,2021,Privada - Programa de Apadrinhamento,8.334,7.796296296333334,6.26,6.875,4.0,6.745,10.0,Fase 5 (1° EM),0,Cursando,6.855159259266667,Ágata,2024,5.0,3.0,0,Adequada/adiantada (≥ 0)
RA-1580,Aluno-1580,4F,4F,16.0,Masculino,2024,Pública,8.751,9.049953314666666,7.51,7.875,6.166666666666667,9.168,5.0,Fase 5 (1° EM),-1,Cursando,7.790523996266667,Ametista,2024,4.0,0.0,1,Moderada (−1 fase)
RA-1581,Aluno-1581,4H,4H,16.0,Masculino,2024,Pública,8.334,7.834844760666667,6.26,7.083333333,6.333333333333333,7.386666667,5.0,Fase 5 (1° EM),-1,Cursando,6.9787022855,Ágata,2024,4.0,0.0,1,Moderada (−1 fase)
RA-1582,Aluno-1582,4H,4H,15.0,Masculino,2024,Pública,8.334,8.069444444333334,6.255,6.666666667,4.5,6.666666667,5.0,Fase 5 (1° EM),-1,Cursando,6.472788888966667,Ágata,2024,4.0,0.0,1,Moderada (−1 fase)
RA-1583,Aluno-1583,4H,4H,15.0,Feminino,2024,Pública,7.917,7.753623188333333,6.26,9.166666667,8.166666666666666,9.006666667,5.0,Fase 5 (1° EM),-1,Cursando,7.8197579711000005,Ametista,2024,4.0,0.0,1,Moderada (−1 fase)
RA-1584,Aluno-1584,4L,4L,15.0,Feminino,2024,Pública,8.334,9.153439153333332,7.51,7.8125,5.5,8.1675,5.0,Fase 5 (1° EM),-1,Cursando,7.429837830666667,Ametista,2024,4.0,0.0,1,Moderada (−1 fase)
RA-1585,Aluno-1585,4L,4L,15.0,Feminino,2024,Pública,10.002,6.775210084333334,7.51,7.65625,4.0,7.7925,5.0,Fase 5 (1° EM),-1,Cursando,6.730367016866668,Ágata,2024,4.0,0.0,1,Moderada (−1 fase)
RA-1586,Aluno-1586,4L,4L,15.0,Feminino,2024,Pública,10.002,6.128654970666666,5.01,6.875,5.666666666666667,7.54,5.0,Fase 5 (1° EM),-1,Cursando,6.555764327466668,Ágata,2024,4.0,0.0,1,Moderada (−1 fase)
RA-1587,Aluno-1587,4L,4L,16.0,Feminino,2024,Pública,9.168,10.0,7.51,7.8125,3.75,8.2075,5.0,Fase 6 (2° EM),-2,Cursando,7.34055,Ametista,2024,4.0,0.0,1,Severa (≤ −2 fases)
RA-1588,Aluno-1588,4L,4L,14.0,Feminino,2024,Pública,7.917,8.640618640666666,7.51,7.5,4.0,7.415,10.0,Fase 4 (9° ano),0,Cursando,7.303823728133333,Ametista,2024,4.0,0.0,0,Adequada/adiantada (≥ 0)
RA-1589,Aluno-1589,4M,4M,15.0,Feminino,2024,Pública,0.0,6.259259259333334,7.51,7.5,2.5,7.54,5.0,Fase 5 (1° EM),-1,Cursando,5.260851851866667,Quartzo,2024,4.0,0.0,1,Moderada (−1 fase)
RA-159,Aluno-159,4,L,15.0,Menina,2021,Escola Pública,8.3,8.1,5.6,,4.7,6.458,5.0,Fase 5 (1º EM),-1,,6.49,Ágata,2022,4.0,1.0,1,Moderada (−1 fase)
RA-159,Aluno-159,FASE 4,4N,16.0,Feminino,2021,Pública,7.9,8.1,2.52,8.125,6.3,7.8775,5.0,Fase 6 (2° EM),-2,,6.805033333,Ágata,2023,4.0,2.0,1,Severa (≤ −2 fases)
RA-1590,Aluno-1590,4N,4N,15.0,Feminino,2024,Pública,7.917,8.267770876333332,7.51,10.0,8.666666666666666,8.806,5.0,Fase 5 (1° EM),-1,Cursando,8.1907875086,Topázio,2024,4.0,0.0,1,Moderada (−1 fase)
RA-1591,Aluno-1591,4N,4N,16.0,Feminino,2024,Pública,7.083,6.430976431,7.51,8.125,3.5,7.064,5.0,Fase 6 (2° EM),-2,Cursando,6.1707952862,Ágata,2024,4.0,0.0,1,Severa (≤ −2 fases)
RA-1592,Aluno-1592,4N,4N,15.0,Feminino,2024,Pública,7.917,6.854727398333334,7.51,8.125,5.5,7.432,5.0,Fase 5 (1° EM),-1,Cursando,6.812545479666667,Ágata,2024,4.0,0.0,1,Moderada (−1 fase)
RA-1593,Aluno-1593,4N,4N,15.0,Masculino,2024,Pública,6.249,4.868875086666667,6.26,9.0625,6.5,8.538,5.0,Fase 5 (1° EM),-1,Cursando,6.638525017333334,Ágata,2024,4.0,0.0,1,Moderada (−1 fase)
RA-1594,Aluno-1594,4N,4N,16.0,Masculino,2024,Pública,9.585,6.112836439,6.26,6.25,3.0,5.996,5.0,Fase 6 (2° EM),-2,Cursando,5.731267287800001,Quartzo,2024,4.0,0.0,1,Severa (≤ −2 fases)
RA-1595,Aluno-1595,4R,4R,14.0,Masculino,2024,Pública,8.334,7.949735449666666,6.26,7.395833333,2.3333333333333335,7.021666667,10.0,Fase 4 (9° ano),0,Cursando,6.6599304233000005,Ágata,2024,4.0,0.0,0,Adequada/adiantada (≥ 0)
RA-1596,Aluno-1596,4R,4R,17.0,Feminino,2024,Pública,8.751,10.0,7.51,8.229166667,3.3333333333333335,8.226666667,5.0,Fase 6 (2° EM),-2,Cursando,7.261016666766667,Ametista,2024,4.0,0.0,1,Severa (≤ −2 fases)
RA-1597,Aluno-1597,4R,4R,16.0,Feminino,2024,Pública,7.5,8.412698412666666,7.51,8.125,2.8333333333333335,8.28,5.0,Fase 5 (1° EM),-1,Cursando,6.7187063492,Ágata,2024,4.0,0.0,1,Moderada (−1 fase)
RA-1598,Aluno-1598,5B,5B,15.0,Feminino,2024,Pública,9.585,8.857142857,7.51,8.375,7.5,8.236,10.0,Fase 5 (1° EM),0,Cursando,8.4656285714,Topázio,2024,5.0,0.0,0,Adequada/adiantada (≥ 0)
RA-1599,Aluno-1599,5B,5B,17.0,Feminino,2024,Pública,8.334,9.666666666666666,7.51,7.75,6.5,7.566,5.0,Fase 7 (3° EM),-2,Cursando,7.6059333333333345,Ametista,2024,5.0,0.0,1,Severa (≤ −2 fases)
RA-16,Aluno-16,7,D,19.0,Menino,2022,Escola Pública,7.9,8.3,5.0,,3.5,6.333,5.0,Fase 8 (Universitários),-1,,6.112,Ágata,2022,7.0,0.0,1,Moderada (−1 fase)
RA-160,Aluno-160,4,L,15.0,Menina,2021,Escola Pública,7.5,7.2,5.6,,5.3,8.25,5.0,Fase 5 (1º EM),-1,,6.746,Ágata,2022,4.0,1.0,1,Moderada (−1 fase)
RA-160,Aluno-160,FASE 5,5L,16.0,Feminino,2021,Privada - Programa de Apadrinhamento,8.8,8.3,2.52,8.125,5.0,7.46,5.0,Fase 6 (2° EM),-1,,6.598266667,Ágata,2023,5.0,2.0,1,Moderada (−1 fase)
RA-160,Aluno-160,5L,5L,17.0,Feminino,2021,Privada - Programa de Apadrinhamento,8.334,7.416666666666667,6.26,7.34375,5.666666666666667,7.723333333,5.0,Fase 6 (2° EM),-1,Cursando,6.855108333266668,Ágata,2024,5.0,3.0,1,Moderada (−1 fase)
RA-1600,Aluno-1600,5B,5B,17.0,Feminino,2024,Pública,8.751,8.425925926,6.26,7.25,5.666666666666667,6.03,5.0,Fase 7 (3° EM),-2,Cursando,6.750618518533334,Ágata,2024,5.0,0.0,1,Severa (≤ −2 fases)
RA-1601,Aluno-1601,5C,5C,17.0,Feminino,2024,Pública,8.751,7.0,7.51,7.5,6.5,8.335,5.0,Fase 6 (2° EM),-1,Cursando,7.2431,Ametista,2024,5.0,0.0,1,Moderada (−1 fase)
RA-1602,Aluno-1602,5C,5C,15.0,Feminino,2024,Pública,7.917,8.782407407333332,7.51,7.34375,7.166666666666667,7.875,10.0,Fase 5 (1° EM),0,Cursando,8.041889814800001,Topázio,2024,5.0,0.0,0,Adequada/adiantada (≥ 0)
RA-1603,Aluno-1603,5C,5C,16.0,Feminino,2024,Pública,7.5,9.259259258999998,7.51,7.5,8.333333333333334,7.835,5.0,Fase 6 (2° EM),-1,Cursando,7.836518518466668,Ametista,2024,5.0,0.0,1,Moderada (−1 fase)
RA-1604,Aluno-1604,5C,5C,16.0,Masculino,2024,Pública,9.168,7.777777778,7.51,8.125,8.5,8.88,5.0,Fase 6 (2° EM),-1,Cursando,8.0118555556,Topázio,2024,5.0,0.0,1,Moderada (−1 fase)
RA-1605,Aluno-1605,5D,5D,16.0,Masculino,2024,Pública,0.0,5.0694444443333335,7.51,7.5,2.5,7.028,5.0,Fase 6 (2° EM),-1,Cursando,4.920488888866667,Quartzo,2024,5.0,0.0,1,Moderada (−1 fase)
RA-1606,Aluno-1606,5D,5D,17.0,Feminino,2024,Pública,8.334,5.148148148,7.51,7.8125,2.5,7.132,5.0,Fase 7 (3° EM),-2,Cursando,5.8216796296,Quartzo,2024,5.0,0.0,1,Severa (≤ −2 fases)
RA-1607,Aluno-1607,5D,5D,16.0,Masculino,2024,Pública,5.833,6.222222222333333,5.635,6.5625,0.0,6.762,5.0,Fase 6 (2° EM),-1,Cursando,4.899894444466667,Quartzo,2024,5.0,0.0,1,Moderada (−1 fase)
RA-1608,Aluno-1608,5D,5D,15.0,Masculino,2024,Pública,8.751,7.199074074333335,7.51,6.40625,5.0,6.83,10.0,Fase 5 (1° EM),0,Cursando,7.072539814866667,Ametista,2024,5.0,0.0,0,Adequada/adiantada (≥ 0)
RA-1609,Aluno-1609,5F,5F,17.0,Feminino,2024,Pública,8.334,9.666666666666666,7.51,7.708333333,6.0,7.943333333,5.0,Fase 7 (3° EM),-2,Cursando,7.577233333233334,Ametista,2024,5.0,0.0,1,Severa (≤ −2 fases)
RA-161,Aluno-161,4,L,11.0,Menina,2018,Rede Decisão,7.9,9.1,5.6,,6.9,8.083,10.0,Fase 2 (5º e 6º ano),2,,7.957,Ametista,2022,4.0,4.0,0,Adequada/adiantada (≥ 0)
RA-161,Aluno-161,FASE 5,5M,14.0,Feminino,2018,Privada - Programa de Apadrinhamento,0.0,7.3,2.52,8.125,5.8,7.795,10.0,Fase 4 (9° ano),1,,6.250166667,Ágata,2023,5.0,5.0,0,Adequada/adiantada (≥ 0)
RA-161,Aluno-161,5L,5L,15.0,Feminino,2021,Privada - Programa de Apadrinhamento,8.751,7.965686274666666,6.26,7.96875,4.0,7.836666667,10.0,Fase 5 (1° EM),0,Cursando,7.258445588333334,Ametista,2024,5.0,3.0,0,Adequada/adiantada (≥ 0)
RA-1610,Aluno-1610,5F,5F,17.0,Masculino,2024,Pública,9.168,7.753697970666667,7.51,7.291666667,5.166666666666667,6.106666667,5.0,Fase 7 (3° EM),-2,Cursando,6.7023729275666675,Ágata,2024,5.0,0.0,1,Severa (≤ −2 fases)
RA-1611,Aluno-1611,5F,5F,17.0,Masculino,2024,Pública,7.083,8.361426442,7.51,7.5,4.5,5.886666667,5.0,Fase 7 (3° EM),-2,Cursando,6.4589186218000005,Ágata,2024,5.0,0.0,1,Severa (≤ −2 fases)
RA-1612,Aluno-1612,5F,5F,18.0,Masculino,2024,Pública,6.666,8.523809523666666,7.51,7.708333333,6.166666666666667,6.94,5.0,Fase 7 (3° EM),-2,Cursando,7.014528571366666,Ametista,2024,5.0,0.0,1,Severa (≤ −2 fases)
RA-1613,Aluno-1613,5G,5G,17.0,Feminino,2024,Pública,8.334,7.1428571430000005,7.51,7.291666667,3.0,6.216666667,5.0,Fase 7 (3° EM),-2,Cursando,6.085471428700001,Ágata,2024,5.0,0.0,1,Severa (≤ −2 fases)
RA-1614,Aluno-1614,5L,5L,16.0,Masculino,2024,Pública,7.5,6.574494949666668,7.51,7.5,6.5,7.11,5.0,Fase 6 (2° EM),-1,Cursando,6.787898989933334,Ágata,2024,5.0,0.0,1,Moderada (−1 fase)
RA-1615,Aluno-1615,5M,5M,15.0,Feminino,2024,Pública,7.917,9.833333333333334,7.51,7.5,8.333333333333334,7.4575,10.0,Fase 5 (1° EM),0,Cursando,8.417533333333333,Topázio,2024,5.0,0.0,0,Adequada/adiantada (≥ 0)
RA-1616,Aluno-1616,5M,5M,17.0,Feminino,2024,Pública,8.334,8.436274509666667,7.51,7.1875,6.166666666666667,7.12,5.0,Fase 6 (2° EM),-1,Cursando,7.147738235266668,Ametista,2024,5.0,0.0,1,Moderada (−1 fase)
RA-1617,Aluno-1617,5M,5M,16.0,Feminino,2024,Pública,0.0,5.571428571333333,7.51,6.875,3.25,6.1175,5.0,Fase 6 (2° EM),-1,Cursando,4.926285714266666,Quartzo,2024,5.0,0.0,1,Moderada (−1 fase)
RA-1618,Aluno-1618,5M,5M,17.0,Masculino,2024,Pública,8.334,7.908496732000001,7.51,7.5,6.333333333333333,6.83,5.0,Fase 6 (2° EM),-1,Cursando,7.0487660130666665,Ametista,2024,5.0,0.0,1,Moderada (−1 fase)
RA-1619,Aluno-1619,5M,5M,15.0,Masculino,2024,Pública,7.501,9.259259259333334,7.51,7.5,4.25,7.205,10.0,Fase 4 (9° ano),1,Cursando,7.393951851866667,Ametista,2024,5.0,0.0,0,Adequada/adiantada (≥ 0)
RA-162,Aluno-162,4,L,14.0,Menina,2021,Escola Pública,6.7,8.5,7.5,,5.5,6.542,10.0,Fase 4 (9º ano),0,,7.215,Ametista,2022,4.0,1.0,0,Adequada/adiantada (≥ 0)
RA-1620,Aluno-1620,5N,5N,16.0,Masculino,2024,Pública,8.751,6.666666666666667,7.51,7.5,5.166666666666667,7.05,5.0,Fase 6 (2° EM),-1,Cursando,6.652766666666667,Ágata,2024,5.0,0.0,1,Moderada (−1 fase)
RA-1621,Aluno-1621,5N,5N,17.0,Feminino,2024,Pública,7.917,10.0,6.26,8.333333333,8.333333333333334,8.446666667,5.0,Fase 6 (2° EM),-1,Cursando,8.107033333366667,Topázio,2024,5.0,0.0,1,Moderada (−1 fase)
RA-1622,Aluno-1622,5N,5N,16.0,Feminino,2024,Pública,8.334,10.0,7.51,8.333333333,9.666666666666666,7.89,5.0,Fase 6 (2° EM),-1,Cursando,8.429066666633334,Topázio,2024,5.0,0.0,1,Moderada (−1 fase)
RA-1623,Aluno-1623,6A,6A,17.0,Masculino,2024,Pública,9.168,8.518518518666667,6.26,7.8125,6.0,7.666,10.0,Fase 6 (2° EM),0,Cursando,7.7609537037333345,Ametista,2024,6.0,0.0,0,Adequada/adiantada (≥ 0)
RA-1624,Aluno-1624,6A,6A,18.0,Feminino,2024,Concluiu o 3º EM,7.917,9.460317460333334,7.51,7.8125,7.5,7.636,5.0,Fase 7 (3° EM),-1,Cursando,7.743213492066667,Ametista,2024,6.0,0.0,1,Moderada (−1 fase)
RA-1625,Aluno-1625,6A,6A,17.0,Masculino,2024,Pública,7.5,7.112887113,7.51,7.1875,4.333333333333333,6.896,10.0,Fase 6 (2° EM),0,Cursando,6.888194089266667,Ágata,2024,6.0,0.0,0,Adequada/adiantada (≥ 0)
RA-1626,Aluno-1626,6A,6A,16.0,Feminino,2024,Pública,8.751,9.696969697,7.51,8.28125,7.333333333333333,8.404,10.0,Fase 6 (2° EM),0,Cursando,8.541085606066668,Topázio,2024,6.0,0.0,0,Adequada/adiantada (≥ 0)
RA-1627,Aluno-1627,6A,6A,17.0,Feminino,2024,Pública,7.083,7.777777777666667,7.51,7.65625,7.833333333333333,8.172,5.0,Fase 7 (3° EM),-1,Cursando,7.481547222200001,Ametista,2024,6.0,0.0,1,Moderada (−1 fase)
RA-1628,Aluno-1628,6A,6A,16.0,Feminino,2024,Pública,8.334,8.509823509666667,7.51,6.875,5.833333333333333,6.798,10.0,Fase 6 (2° EM),0,Cursando,7.500131368600001,Ametista,2024,6.0,0.0,0,Adequada/adiantada (≥ 0)
RA-1629,Aluno-1629,6A,6A,17.0,Feminino,2024,Pública,9.585,8.645502645666667,7.51,7.1875,7.25,7.266,5.0,Fase 7 (3° EM),-1,Cursando,7.560550529133334,Ametista,2024,6.0,0.0,1,Moderada (−1 fase)
RA-163,Aluno-163,4,L,15.0,Menina,2021,Escola Pública,8.8,7.9,5.6,,6.7,6.5,5.0,Fase 5 (1º EM),-1,,6.797,Ágata,2022,4.0,1.0,1,Moderada (−1 fase)
RA-1630,Aluno-1630,6L,6L,16.0,Masculino,2024,Privada - Programa de Apadrinhamento,8.334,9.833333333333334,7.51,8.25,7.333333333333333,8.702,10.0,Fase 6 (2° EM),0,Cursando,8.583133333333334,Topázio,2024,6.0,0.0,0,Adequada/adiantada (≥ 0)
RA-1631,Aluno-1631,6L,6L,17.0,Masculino,2024,Privada,9.585,10.0,7.51,8.5,7.166666666666667,8.468,5.0,Fase 7 (3° EM),-1,Cursando,8.186433333333333,Topázio,2024,6.0,0.0,1,Moderada (−1 fase)
RA-1632,Aluno-1632,6L,6L,16.0,Masculino,2024,Pública,9.168,10.0,7.51,7.75,6.666666666666667,8.066,10.0,Fase 6 (2° EM),0,Cursando,8.389333333333335,Topázio,2024,6.0,0.0,0,Adequada/adiantada (≥ 0)
RA-1633,Aluno-1633,8B,8B,21.0,Masculino,2021,Privada,,0.0,,,,,10.0,Fase 8 (Universitários),0,Cursando,,,2024,8.0,3.0,0,Adequada/adiantada (≥ 0)
RA-1634,Aluno-1634,8B,8B,21.0,Feminino,2021,Privada,,0.0,,,,,10.0,Fase 8 (Universitários),0,Cursando,,,2024,8.0,3.0,0,Adequada/adiantada (≥ 0)
RA-1635,Aluno-1635,8D,8D,20.0,Feminino,2021,Privada,,0.0,,,,,10.0,Fase 8 (Universitários),0,Cursando,,,2024,8.0,3.0,0,Adequada/adiantada (≥ 0)
RA-1636,Aluno-1636,8E,8E,20.0,Feminino,2021,Privada,,0.0,,,,,10.0,Fase 8 (Universitários),0,Cursando,,,2024,8.0,3.0,0,Adequada/adiantada (≥ 0)
RA-1637,Aluno-1637,9,9,23.0,Masculino,2021,Privada,,0.0,,,,,10.0,Fase 8 (Universitários),1,Cursando,,INCLUIR,2024,9.0,3.0,0,Adequada/adiantada (≥ 0)
RA-1638,Aluno-1638,9,9,22.0,Feminino,2021,Bolsista Universitário *Formado (a),,0.0,,,,,10.0,Fase 8 (Universitários),1,Cursando,,INCLUIR,2024,9.0,3.0,0,Adequada/adiantada (≥ 0)
RA-1639,Aluno-1639,9,9,21.0,Masculino,2021,Bolsista Universitário *Formado (a),,0.0,,,,,10.0,Fase 8 (Universitários),1,Cursando,,INCLUIR,2024,9.0,3.0,0,Adequada/adiantada (≥ 0)
RA-164,Aluno-164,4,L,16.0,Menino,2018,Escola Pública,8.3,7.3,5.6,,6.5,7.208,5.0,Fase 6 (2º EM),-2,,6.776,Ágata,2022,4.0,4.0,1,Severa (≤ −2 fases)
RA-164,Aluno-164,FASE 5,5M,16.0,Masculino,2018,Privada,0.0,8.2,2.52,6.875,5.8,6.9625,5.0,Fase 6 (2° EM),-1,,5.638666667,Quartzo,2023,5.0,5.0,1,Moderada (−1 fase)
RA-164,Aluno-164,5L,5L,17.0,Masculino,2021,Privada,9.585,8.084795321666666,6.26,6.25,5.666666666666667,6.886666667,5.0,Fase 7 (3° EM),-2,Cursando,6.837125731066667,Ágata,2024,5.0,3.0,1,Severa (≤ −2 fases)
RA-1640,Aluno-1640,9,9,23.0,Feminino,2021,Privada,,0.0,,,,,10.0,Fase 8 (Universitários),1,Cursando,,INCLUIR,2024,9.0,3.0,0,Adequada/adiantada (≥ 0)
RA-1641,Aluno-1641,9,9,21.0,Masculino,2021,Privada,,0.0,,,,,10.0,Fase 8 (Universitários),1,Cursando,,INCLUIR,2024,9.0,3.0,0,Adequada/adiantada (≥ 0)
RA-1642,Aluno-1642,9,9,23.0,Masculino,2021,Bolsista Universitário *Formado (a),,0.0,,,,,10.0,Fase 8 (Universitários),1,Cursando,,INCLUIR,2024,9.0,3.0,0,Adequada/adiantada (≥ 0)
RA-1643,Aluno-1643,9,9,22.0,Masculino,2021,Privada,,0.0,,,,,10.0,Fase 8 (Universitários),1,Cursando,,INCLUIR,2024,9.0,3.0,0,Adequada/adiantada (≥ 0)
RA-1644,Aluno-1644,9,9,21.0,Masculino,2021,Bolsista Universitário *Formado (a),,0.0,,,,,10.0,Fase 8 (Universitários),1,Cursando,,INCLUIR,2024,9.0,3.0,0,Adequada/adiantada (≥ 0)
RA-1645,Aluno-1645,9,9,23.0,Masculino,2021,Privada,,0.0,,,,,10.0,Fase 8 (Universitários),1,Cursando,,INCLUIR,2024,9.0,3.0,0,Adequada/adiantada (≥ 0)
RA-1646,Aluno-1646,9,9,21.0,Masculino,2021,Bolsista Universitário *Formado (a),,0.0,,,,,10.0,Fase 8 (Universitários),1,Cursando,,INCLUIR,2024,9.0,3.0,0,Adequada/adiantada (≥ 0)
RA-1647,Aluno-1647,9,9,22.0,Feminino,2021,Privada,,0.0,,,,,10.0,Fase 8 (Universitários),1,Cursando,,INCLUIR,2024,9.0,3.0,0,Adequada/adiantada (≥ 0)
RA-1648,Aluno-1648,9,9,22.0,Masculino,2021,Bolsista Universitário *Formado (a),,0.0,,,,,10.0,Fase 8 (Universitários),1,Cursando,,INCLUIR,2024,9.0,3.0,0,Adequada/adiantada (≥ 0)
RA-1649,Aluno-1649,9,9,23.0,Masculino,2021,Privada,,0.0,,,,,10.0,Fase 8 (Universitários),1,Cursando,,INCLUIR,2024,9.0,3.0,0,Adequada/adiantada (≥ 0)
RA-165,Aluno-165,4,L,14.0,Menina,2017,Rede Decisão,7.1,9.8,5.6,,7.6,7.5,10.0,Fase 4 (9º ano),0,,8.063,Topázio,2022,4.0,5.0,0,Adequada/adiantada (≥ 0)
RA-165,Aluno-165,FASE 5,5M,,Feminino,2017,Privada - Programa de Apadrinhamento,6.7,9.2,2.52,8.125,7.3,7.795,10.0,Fase 5 (1° EM),0,,7.583433333,Ametista,2023,5.0,6.0,0,Adequada/adiantada (≥ 0)
RA-165,Aluno-165,5L,5L,16.0,Feminino,2021,Privada - Programa de Apadrinhamento,7.5,9.431042884999998,7.51,7.96875,8.5,7.893333333,10.0,Fase 5 (1° EM),0,Cursando,8.4627502436,Topázio,2024,5.0,3.0,0,Adequada/adiantada (≥ 0)
RA-1650,Aluno-1650,9,9,22.0,Masculino,2021,Privada,,0.0,,,,,10.0,Fase 8 (Universitários),1,Cursando,,INCLUIR,2024,9.0,3.0,0,Adequada/adiantada (≥ 0)
RA-1651,Aluno-1651,9,9,22.0,Masculino,2021,Bolsista Universitário *Formado (a),,0.0,,,,,10.0,Fase 8 (Universitários),1,Cursando,,INCLUIR,2024,9.0,3.0,0,Adequada/adiantada (≥ 0)
RA-1652,Aluno-1652,9,9,22.0,Feminino,2021,Privada,,0.0,,,,,10.0,Fase 8 (Universitários),1,Cursando,,INCLUIR,2024,9.0,3.0,0,Adequada/adiantada (≥ 0)
RA-1653,Aluno-1653,9,9,20.0,Masculino,2021,Bolsista Universitário *Formado (a),,0.0,,,,,10.0,Fase 8 (Universitários),1,Cursando,,INCLUIR,2024,9.0,3.0,0,Adequada/adiantada (≥ 0)
RA-1654,Aluno-1654,9,9,22.0,Masculino,2021,Bolsista Universitário *Formado (a),,0.0,,,,,10.0,Fase 8 (Universitários),1,Cursando,,INCLUIR,2024,9.0,3.0,0,Adequada/adiantada (≥ 0)
RA-1655,Aluno-1655,9,9,21.0,Feminino,2022,Privada,,0.0,,,,,10.0,Fase 8 (Universitários),1,Cursando,,INCLUIR,2024,9.0,2.0,0,Adequada/adiantada (≥ 0)
RA-1656,Aluno-1656,9,9,22.0,Masculino,2021,Privada,,0.0,,,,,10.0,Fase 8 (Universitários),1,Cursando,,INCLUIR,2024,9.0,3.0,0,Adequada/adiantada (≥ 0)
RA-1657,Aluno-1657,9,9,20.0,Masculino,2021,Bolsista Universitário *Formado (a),,0.0,,,,,10.0,Fase 8 (Universitários),1,Cursando,,INCLUIR,2024,9.0,3.0,0,Adequada/adiantada (≥ 0)
RA-1658,Aluno-1658,9,9,21.0,Masculino,2021,Privada,,0.0,,,,,10.0,Fase 8 (Universitários),1,Cursando,,INCLUIR,2024,9.0,3.0,0,Adequada/adiantada (≥ 0)
RA-1659,Aluno-1659,9,9,21.0,Masculino,2021,Bolsista Universitário *Formado (a),,0.0,,,,,10.0,Fase 8 (Universitários),1,Cursando,,INCLUIR,2024,9.0,3.0,0,Adequada/adiantada (≥ 0)
RA-166,Aluno-166,4,L,14.0,Menino,2020,Escola Pública,9.2,9.0,6.3,,8.1,7.542,10.0,Fase 4 (9º ano),0,,8.253,Topázio,2022,4.0,2.0,0,Adequada/adiantada (≥ 0)
RA-166,Aluno-166,FASE 5,5L,,Masculino,2020,Privada - Programa de Apadrinhamento,7.5,8.9,6.26,8.4375,8.1,7.4625,10.0,Fase 5 (1° EM),0,,8.105583333,Topázio,2023,5.0,3.0,0,Adequada/adiantada (≥ 0)
RA-166,Aluno-166,7E,7E,16.0,Masculino,2021,Privada *Parcerias com Bolsa 100%,8.334,9.246,6.5725,7.5,8.266666666666667,7.5,10.0,Fase 6 (2° EM),1,Cursando,8.243183333333334,Topázio,2024,7.0,3.0,0,Adequada/adiantada (≥ 0)
RA-1660,Aluno-1660,9,9,24.0,Feminino,2021,Bolsista Universitário *Formado (a),,0.0,,,,,10.0,Fase 8 (Universitários),1,Cursando,,INCLUIR,2024,9.0,3.0,0,Adequada/adiantada (≥ 0)
RA-1661,Aluno-1661,9,9,21.0,Feminino,2021,Bolsista Universitário *Formado (a),,0.0,,,,,10.0,Fase 8 (Universitários),1,Cursando,,INCLUIR,2024,9.0,3.0,0,Adequada/adiantada (≥ 0)
RA-167,Aluno-167,4,P,16.0,Menina,2018,Rede Decisão,9.2,9.7,5.6,,7.9,7.833,5.0,Fase 6 (2º EM),-2,,7.798,Ametista,2022,4.0,4.0,1,Severa (≤ −2 fases)
RA-167,Aluno-167,FASE 5,5L,,Feminino,2018,Privada - Programa de Apadrinhamento,8.8,9.9,5.0,7.96875,7.9,7.8375,5.0,Fase 7 (3° EM),-2,,7.806141667,Ametista,2023,5.0,5.0,1,Severa (≤ −2 fases)
RA-167,Aluno-167,6L,6L,18.0,Feminino,2021,Privada - Programa de Apadrinhamento,8.751,9.473684210666667,6.26,8.375,8.166666666666666,8.334,5.0,Fase 7 (3° EM),-1,Cursando,8.033470175466666,Topázio,2024,6.0,3.0,1,Moderada (−1 fase)
RA-168,Aluno-168,4,P,15.0,Menina,2018,Rede Decisão,7.9,8.3,6.3,,5.9,7.083,5.0,Fase 5 (1º EM),-1,,6.917,Ágata,2022,4.0,4.0,1,Moderada (−1 fase)
RA-168,Aluno-168,FASE 5,5L,15.0,Feminino,2018,Privada - Programa de Apadrinhamento,0.0,9.6,6.89,6.5625,4.7,6.4225,10.0,Fase 5 (1° EM),0,,6.483083333,Ágata,2023,5.0,5.0,0,Adequada/adiantada (≥ 0)
RA-169,Aluno-169,4,P,15.0,Menina,2018,Escola Pública,7.5,5.1,6.3,,3.2,4.792,5.0,Fase 5 (1º EM),-1,,5.159,Quartzo,2022,4.0,4.0,1,Moderada (−1 fase)
RA-17,Aluno-17,7,D,20.0,Menino,2022,Escola Pública,8.8,10.0,7.5,,7.8,8.292,5.0,Fase 8 (Universitários),-1,,8.068,Topázio,2022,7.0,0.0,1,Moderada (−1 fase)
RA-17,Aluno-17,FASE 8,8E,,Masculino,2022,Privada - Pagamento por *Empresa Parceira,,,,,,,10.0,Fase 8 (Universitários),0,,,,2023,8.0,1.0,0,Adequada/adiantada (≥ 0)
RA-17,Aluno-17,8E,8E,22.0,Masculino,2022,Privada - Pagamento por *Empresa Parceira,,0.0,,,,,10.0,Fase 8 (Universitários),0,Cursando,,,2024,8.0,2.0,0,Adequada/adiantada (≥ 0)
RA-170,Aluno-170,4,P,14.0,Menina,2018,Rede Decisão,8.3,9.2,5.6,,4.9,5.792,10.0,Fase 4 (9º ano),0,,7.007,Ágata,2022,4.0,4.0,0,Adequada/adiantada (≥ 0)
RA-170,Aluno-170,FASE 3,3P,15.0,Feminino,2018,Privada - Programa de Apadrinhamento,8.8,8.9,2.52,6.875,7.2,7.6725,5.0,Fase 5 (1° EM),-2,,7.062433333,Ametista,2023,3.0,5.0,1,Severa (≤ −2 fases)
RA-170,Aluno-170,4R,4R,16.0,Feminino,2021,Privada - Programa de Apadrinhamento,9.168,8.5,5.635,7.604166667,8.0,8.028333333,5.0,Fase 5 (1° EM),-1,Cursando,7.646383333300001,Ametista,2024,4.0,3.0,1,Moderada (−1 fase)
RA-171,Aluno-171,4,P,16.0,Menino,2022,Escola Pública,7.5,6.8,7.5,,5.5,6.875,5.0,Fase 6 (2º EM),-2,,6.581,Ágata,2022,4.0,0.0,1,Severa (≤ −2 fases)
RA-171,Aluno-171,FASE 5,5L,17.0,Masculino,2022,Pública,7.5,7.2,5.0,7.1875,5.2,6.755,5.0,Fase 7 (3° EM),-2,,6.293083333,Ágata,2023,5.0,1.0,1,Severa (≤ −2 fases)
RA-171,Aluno-171,6L,6L,18.0,Masculino,2022,Pública,7.5,7.833333333333333,5.635,7.625,8.333333333333334,7.598,5.0,Fase 7 (3° EM),-1,Cursando,7.3289333333333335,Ametista,2024,6.0,2.0,1,Moderada (−1 fase)
RA-172,Aluno-172,4,P,14.0,Menina,2018,Rede Decisão,9.2,8.9,9.4,,7.3,8.917,10.0,Fase 4 (9º ano),0,,8.673,Topázio,2022,4.0,4.0,0,Adequada/adiantada (≥ 0)
RA-172,Aluno-172,FASE 7,7E,15.0,Feminino,2018,Privada - Programa de Apadrinhamento,0.0,,3.77,,,,10.0,Fase 5 (1° EM),2,,,,2023,7.0,5.0,0,Adequada/adiantada (≥ 0)
RA-172,Aluno-172,7E,7E,16.0,Feminino,2021,Privada - Programa de Apadrinhamento,8.751,9.8,6.57,7.5,6.933333333333334,7.5,10.0,Fase 6 (2° EM),1,Cursando,8.128766666666667,Topázio,2024,7.0,3.0,0,Adequada/adiantada (≥ 0)
RA-173,Aluno-173,4,P,17.0,Menino,2019,Rede Decisão,8.3,9.2,6.9,,7.9,9.25,2.5,Fase 7 (3º EM),-3,,7.816,Ametista,2022,4.0,3.0,1,Severa (≤ −2 fases)
RA-173,Aluno-173,FASE 5,5L,17.0,Masculino,2019,Privada - Programa de Apadrinhamento,9.2,8.5,6.26,8.125,8.1,7.8775,5.0,Fase 7 (3° EM),-2,,7.757466667,Ametista,2023,5.0,4.0,1,Severa (≤ −2 fases)
RA-173,Aluno-173,8F,8F,18.0,Masculino,2021,Privada *Parcerias com Bolsa 100%,,0.0,,,,,10.0,Fase 8 (Universitários),0,Cursando,,,2024,8.0,3.0,0,Adequada/adiantada (≥ 0)
RA-174,Aluno-174,4,P,15.0,Menina,2019,Escola Pública,7.9,6.2,7.5,,4.4,6.042,5.0,Fase 5 (1º EM),-1,,6.075,Ágata,2022,4.0,3.0,1,Moderada (−1 fase)
RA-174,Aluno-174,FASE 4,4L,16.0,Feminino,2019,Pública,7.9,5.6,5.0,7.5,5.1,7.2125,5.0,Fase 6 (2° EM),-2,,6.1242,Ágata,2023,4.0,4.0,1,Severa (≤ −2 fases)
RA-175,Aluno-175,4,P,15.0,Menina,2018,Rede Decisão,8.3,9.2,5.6,,5.9,5.833,5.0,Fase 5 (1º EM),-1,,6.75,Ágata,2022,4.0,4.0,1,Moderada (−1 fase)
RA-175,Aluno-175,FASE 5,5L,,Feminino,2018,Privada - Programa de Apadrinhamento,8.8,9.2,2.52,7.1875,4.8,7.085,5.0,Fase 6 (2° EM),-1,,6.569516667,Ágata,2023,5.0,5.0,1,Moderada (−1 fase)
RA-175,Aluno-175,6L,6L,17.0,Feminino,2021,Privada - Programa de Apadrinhamento,10.002,9.473684210666667,6.26,7.5,8.5,7.766,5.0,Fase 7 (3° EM),-1,Cursando,8.024136842133334,Topázio,2024,6.0,3.0,1,Moderada (−1 fase)
RA-176,Aluno-176,3,A,13.0,Menina,2018,Rede Decisão,9.6,9.1,5.6,,6.9,9.083,10.0,Fase 3 (7º e 8º ano),0,,8.427,Topázio,2022,3.0,4.0,0,Adequada/adiantada (≥ 0)
RA-176,Aluno-176,FASE 4,4A,14.0,Feminino,2018,Privada - Programa de Apadrinhamento,9.6,9.5,2.52,8.125,8.0,9.0025,10.0,Fase 4 (9° ano),0,,8.316833333,Topázio,2023,4.0,5.0,0,Adequada/adiantada (≥ 0)
RA-176,Aluno-176,5C,5C,15.0,Feminino,2021,Privada - Programa de Apadrinhamento,9.585,9.545454545333333,6.26,8.59375,8.833333333333334,8.545,10.0,Fase 4 (9° ano),1,Cursando,8.828632575733334,Topázio,2024,5.0,3.0,0,Adequada/adiantada (≥ 0)
RA-177,Aluno-177,3,A,13.0,Menina,2022,Escola Pública,7.9,8.8,4.4,,6.8,6.958,10.0,Fase 3 (7º e 8º ano),0,,7.424,Ametista,2022,3.0,0.0,0,Adequada/adiantada (≥ 0)
RA-178,Aluno-178,3,A,13.0,Menina,2016,Rede Decisão,0.0,8.8,4.4,,6.3,8.458,10.0,Fase 3 (7º e 8º ano),0,,7.025,Ágata,2022,3.0,6.0,0,Adequada/adiantada (≥ 0)
RA-178,Aluno-178,FASE 4,4A,,Feminino,2016,Privada - Programa de Apadrinhamento,7.9,8.7,2.52,7.65625,5.9,8.42,10.0,Fase 4 (9° ano),0,,7.406658333,Ametista,2023,4.0,7.0,0,Adequada/adiantada (≥ 0)
RA-178,Aluno-178,5A,5A,16.0,Feminino,2021,Privada - Programa de Apadrinhamento,9.585,8.739177489333334,6.26,7.625,4.166666666666667,6.53,10.0,Fase 5 (1° EM),0,Cursando,7.234168831200001,Ametista,2024,5.0,3.0,0,Adequada/adiantada (≥ 0)
RA-179,Aluno-179,3,A,12.0,Menino,2022,Escola Pública,7.5,9.2,7.5,,6.1,8.042,10.0,Fase 3 (7º e 8º ano),0,,7.993,Ametista,2022,3.0,0.0,0,Adequada/adiantada (≥ 0)
RA-179,Aluno-179,FASE 3,3A,12.0,Masculino,2022,Pública,8.8,9.4,7.52,8.59375,6.4,8.9225,10.0,Fase 3 (7° e 8° ano),0,,8.437641667,Topázio,2023,3.0,1.0,0,Adequada/adiantada (≥ 0)
RA-179,Aluno-179,4A,4A,13.0,Masculino,2022,Privada,9.168,9.407894737,9.38,8.75,8.166666666666666,8.44,10.0,Fase 3 (7° e 8° ano),1,Cursando,8.932712280733334,Topázio,2024,4.0,2.0,0,Adequada/adiantada (≥ 0)
RA-18,Aluno-18,7,D,19.0,Menino,2022,Escola Pública,6.3,8.7,6.3,,9.0,6.875,5.0,Fase 8 (Universitários),-1,,7.226,Ametista,2022,7.0,0.0,1,Moderada (−1 fase)
RA-180,Aluno-180,3,A,12.0,Menino,2018,Rede Decisão,9.2,8.3,6.3,,8.1,8.625,10.0,Fase 3 (7º e 8º ano),0,,8.442,Topázio,2022,3.0,4.0,0,Adequada/adiantada (≥ 0)
RA-180,Aluno-180,FASE 4,4A,13.0,Masculino,2018,Privada - Programa de Apadrinhamento,9.2,9.4,2.52,8.4375,8.0,8.92,10.0,Fase 3 (7° e 8° ano),1,,8.283216667,Topázio,2023,4.0,5.0,0,Adequada/adiantada (≥ 0)
RA-180,Aluno-180,5A,5A,14.0,Masculino,2021,Privada - Programa de Apadrinhamento,9.168,9.431818181666666,7.51,8.125,8.5,8.674,10.0,Fase 3 (7° e 8° ano),2,Cursando,8.801463636333335,Topázio,2024,5.0,3.0,0,Adequada/adiantada (≥ 0)
RA-181,Aluno-181,3,A,13.0,Menina,2019,Rede Decisão,9.2,9.5,8.8,,6.8,8.458,10.0,Fase 3 (7º e 8º ano),0,,8.623,Topázio,2022,3.0,3.0,0,Adequada/adiantada (≥ 0)
RA-181,Aluno-181,FASE 4,4A,,Feminino,2019,Privada - Programa de Apadrinhamento,9.6,8.3,2.52,7.96875,6.8,8.2525,10.0,Fase 4 (9° ano),0,,7.671208333,Ametista,2023,4.0,4.0,0,Adequada/adiantada (≥ 0)
RA-181,Aluno-181,5A,5A,15.0,Feminino,2021,Privada - Programa de Apadrinhamento,7.5,8.737373737333334,6.26,7.625,4.333333333333333,8.436,10.0,Fase 5 (1° EM),0,Cursando,7.439841414133334,Ametista,2024,5.0,3.0,0,Adequada/adiantada (≥ 0)
RA-182,Aluno-182,3,A,16.0,Menina,2021,Escola Pública,7.5,8.0,7.5,,4.1,6.958,2.5,Fase 6 (2º EM),-3,,6.328,Ágata,2022,3.0,1.0,1,Severa (≤ −2 fases)
RA-183,Aluno-183,3,A,13.0,Menina,2022,Escola Pública,8.3,8.8,7.5,,3.8,7.25,10.0,Fase 3 (7º e 8º ano),0,,7.3,Ametista,2022,3.0,0.0,0,Adequada/adiantada (≥ 0)
RA-183,Aluno-183,FASE 3,3D,14.0,Feminino,2022,Pública,7.9,9.7,2.52,7.96875,7.7,8.795,5.0,Fase 4 (9° ano),-1,,7.586241667,Ametista,2023,3.0,1.0,1,Moderada (−1 fase)
RA-183,Aluno-183,4A,4A,15.0,Feminino,2022,Pública,7.917,9.249011857666666,6.26,8.25,7.5,8.372,10.0,Fase 4 (9° ano),0,Cursando,8.266902371533334,Topázio,2024,4.0,2.0,0,Adequada/adiantada (≥ 0)
RA-184,Aluno-184,3,A,16.0,Menino,2019,Escola Pública,8.8,7.7,7.5,,7.2,8.0,2.5,Fase 6 (2º EM),-3,,7.28,Ametista,2022,3.0,3.0,1,Severa (≤ −2 fases)
RA-184,Aluno-184,FASE 4,4B,13.0,Masculino,2019,Pública,7.9,9.5,7.52,8.59375,7.1,8.5025,10.0,Fase 3 (7° e 8° ano),1,,8.430241667,Topázio,2023,4.0,4.0,0,Adequada/adiantada (≥ 0)
RA-184,Aluno-184,5D,5D,14.0,Masculino,2021,Privada - Programa de Apadrinhamento,8.751,8.696741854666667,6.26,7.96875,8.166666666666666,9.004,10.0,Fase 4 (9° ano),1,Cursando,8.471456704266666,Topázio,2024,5.0,3.0,0,Adequada/adiantada (≥ 0)
RA-185,Aluno-185,3,A,15.0,Menino,2021,Escola Pública,7.9,7.7,7.5,,4.5,6.875,5.0,Fase 5 (1º EM),-2,,6.615,Ágata,2022,3.0,1.0,1,Severa (≤ −2 fases)
RA-186,Aluno-186,3,A,13.0,Menina,2019,Escola Pública,8.3,8.5,7.5,,6.6,7.5,10.0,Fase 3 (7º e 8º ano),0,,7.832,Ametista,2022,3.0,3.0,0,Adequada/adiantada (≥ 0)
RA-186,Aluno-186,FASE 4,4A,,Feminino,2019,Privada,7.5,9.7,2.52,7.96875,6.9,8.46,10.0,Fase 4 (9° ano),0,,7.817541667,Ametista,2023,4.0,4.0,0,Adequada/adiantada (≥ 0)
RA-186,Aluno-186,5B,5B,15.0,Feminino,2021,Privada,7.917,9.640151515,6.26,8.125,7.166666666666667,8.672,10.0,Fase 4 (9° ano),1,Cursando,8.325963636333334,Topázio,2024,5.0,3.0,0,Adequada/adiantada (≥ 0)
RA-187,Aluno-187,3,A,12.0,Menina,2019,Rede Decisão,8.8,8.9,7.5,,5.8,7.917,10.0,Fase 3 (7º e 8º ano),0,,7.928,Ametista,2022,3.0,3.0,0,Adequada/adiantada (≥ 0)
RA-187,Aluno-187,FASE 3,3D,13.0,Feminino,2019,Privada - Programa de Apadrinhamento,7.5,9.9,2.52,7.96875,6.9,8.255,10.0,Fase 3 (7° e 8° ano),0,,7.809875,Ametista,2023,3.0,4.0,0,Adequada/adiantada (≥ 0)
RA-187,Aluno-187,4C,4C,14.0,Feminino,2021,Privada - Programa de Apadrinhamento,8.751,9.537037037,5.635,8.4375,7.833333333333333,9.06,10.0,Fase 4 (9° ano),0,Cursando,8.568424074066666,Topázio,2024,4.0,3.0,0,Adequada/adiantada (≥ 0)
RA-188,Aluno-188,3,A,14.0,Menino,2021,Escola Pública,0.0,6.1,7.5,,2.7,7.583,5.0,Fase 4 (9º ano),-1,,5.307,Quartzo,2022,3.0,1.0,1,Moderada (−1 fase)
RA-189,Aluno-189,3,A,14.0,Menino,2018,Rede Decisão,10.0,9.7,5.0,,7.2,7.333,5.0,Fase 4 (9º ano),-1,,7.629,Ametista,2022,3.0,4.0,1,Moderada (−1 fase)
RA-189,Aluno-189,FASE 4,4A,14.0,Masculino,2018,Privada - Programa de Apadrinhamento,7.9,9.4,2.52,8.28125,6.5,8.3775,10.0,Fase 4 (9° ano),0,,7.727325,Ametista,2023,4.0,5.0,0,Adequada/adiantada (≥ 0)
RA-189,Aluno-189,5A,5A,15.0,Masculino,2021,Privada - Programa de Apadrinhamento,10.002,10.0,6.255,6.875,8.166666666666666,8.2,10.0,Fase 5 (1° EM),0,Cursando,8.586533333333334,Topázio,2024,5.0,3.0,0,Adequada/adiantada (≥ 0)
RA-19,Aluno-19,7,D,19.0,Menina,2022,Escola Pública,7.9,9.5,7.5,,8.0,7.0,5.0,Fase 8 (Universitários),-1,,7.665,Ametista,2022,7.0,0.0,1,Moderada (−1 fase)
RA-19,Aluno-19,FASE 7,7A,19.0,Feminino,2022,Nenhuma das opções acima,7.9,9.4,5.63,7.75,7.8,8.1725,5.0,Fase 8 (Universitários),-1,,7.710866667,Ametista,2023,7.0,1.0,1,Moderada (−1 fase)
RA-19,Aluno-19,8F,8F,20.0,Feminino,2022,Privada *Parcerias com Bolsa 100%,,0.0,,,,,10.0,Fase 8 (Universitários),0,Cursando,,,2024,8.0,2.0,0,Adequada/adiantada (≥ 0)
RA-190,Aluno-190,3,A,13.0,Menina,2022,Escola Pública,6.7,6.9,8.8,,6.3,7.25,10.0,Fase 3 (7º e 8º ano),0,,7.335,Ametista,2022,3.0,0.0,0,Adequada/adiantada (≥ 0)
RA-190,Aluno-190,FASE 3,3D,14.0,Feminino,2022,Pública,7.9,9.5,2.52,7.65625,5.7,7.9575,5.0,Fase 4 (9° ano),-1,,6.934158333,Ágata,2023,3.0,1.0,1,Moderada (−1 fase)
RA-191,Aluno-191,3,A,13.0,Menino,2019,Rede Decisão,10.0,9.4,8.8,,7.2,8.5,10.0,Fase 3 (7º e 8º ano),0,,8.74,Topázio,2022,3.0,3.0,0,Adequada/adiantada (≥ 0)
RA-191,Aluno-191,FASE 4,4A,14.0,Masculino,2019,Privada - Programa de Apadrinhamento,0.0,9.7,2.52,8.125,7.8,8.4625,10.0,Fase 4 (9° ano),0,,7.263666667,Ametista,2023,4.0,4.0,0,Adequada/adiantada (≥ 0)
RA-191,Aluno-191,7E,7E,15.0,Masculino,2021,Privada *Parcerias com Bolsa 100%,7.5,9.571,5.945,7.5,6.3999999999999995,7.5,10.0,Fase 5 (1° EM),2,Cursando,7.7887,Ametista,2024,7.0,3.0,0,Adequada/adiantada (≥ 0)
RA-192,Aluno-192,3,B,15.0,Menino,2021,Escola Pública,8.8,3.6,7.5,,2.7,4.708,5.0,Fase 5 (1º EM),-2,,4.932,Quartzo,2022,3.0,1.0,1,Severa (≤ −2 fases)
RA-192,Aluno-192,FASE 4,4B,16.0,Masculino,2021,Privada,8.8,6.2,5.0,7.1875,6.5,7.3775,5.0,Fase 6 (2° EM),-2,,6.616016667,Ágata,2023,4.0,2.0,1,Severa (≤ −2 fases)
RA-192,Aluno-192,5B,5B,17.0,Masculino,2021,Privada,8.334,6.363636363666667,7.51,7.125,7.166666666666667,6.9,5.0,Fase 7 (3° EM),-2,Cursando,6.882960606066668,Ágata,2024,5.0,3.0,1,Severa (≤ −2 fases)
RA-193,Aluno-193,3,B,12.0,Menino,2016,Rede Decisão,9.2,8.9,5.6,,6.7,8.5,10.0,Fase 3 (7º e 8º ano),0,,8.155,Topázio,2022,3.0,6.0,0,Adequada/adiantada (≥ 0)
RA-193,Aluno-193,FASE 4,4A,13.0,Masculino,2016,Privada - Programa de Apadrinhamento,8.3,9.4,2.52,8.125,6.5,8.17,10.0,Fase 3 (7° e 8° ano),1,,7.718566667,Ametista,2023,4.0,7.0,0,Adequada/adiantada (≥ 0)
RA-193,Aluno-193,5C,5C,14.0,Masculino,2021,Privada - Programa de Apadrinhamento,8.751,9.848484848333333,6.26,8.4375,7.0,8.7525,10.0,Fase 4 (9° ano),1,Cursando,8.465046969666668,Topázio,2024,5.0,3.0,0,Adequada/adiantada (≥ 0)
RA-194,Aluno-194,3,B,14.0,Menina,2022,Escola Pública,0.0,6.2,5.0,,3.2,3.75,5.0,Fase 4 (9º ano),-1,,4.265,Quartzo,2022,3.0,0.0,1,Moderada (−1 fase)
RA-195,Aluno-195,3,B,13.0,Menina,2017,Rede Decisão,8.8,9.2,5.0,,6.3,8.25,10.0,Fase 3 (7º e 8º ano),0,,8.017,Ametista,2022,3.0,5.0,0,Adequada/adiantada (≥ 0)
RA-195,Aluno-195,FASE 4,4A,,Feminino,2017,Privada - Programa de Apadrinhamento,7.1,9.2,2.52,8.4375,6.0,8.79,10.0,Fase 4 (9° ano),0,,7.60205,Ametista,2023,4.0,6.0,0,Adequada/adiantada (≥ 0)
RA-195,Aluno-195,5C,5C,15.0,Feminino,2021,Privada - Programa de Apadrinhamento,7.5,9.682539682666667,6.26,7.96875,7.833333333333333,8.965,10.0,Fase 4 (9° ano),1,Cursando,8.4690496032,Topázio,2024,5.0,3.0,0,Adequada/adiantada (≥ 0)
RA-196,Aluno-196,3,B,12.0,Menino,2018,Rede Decisão,9.2,9.1,7.5,,5.1,8.625,10.0,Fase 3 (7º e 8º ano),0,,8.124,Topázio,2022,3.0,4.0,0,Adequada/adiantada (≥ 0)
RA-196,Aluno-196,FASE 4,4A,13.0,Masculino,2018,Privada - Programa de Apadrinhamento,7.9,9.0,2.52,8.28125,6.2,8.2125,10.0,Fase 3 (7° e 8° ano),1,,7.560991667,Ametista,2023,4.0,5.0,0,Adequada/adiantada (≥ 0)
RA-196,Aluno-196,5C,5C,14.0,Masculino,2021,Privada - Programa de Apadrinhamento,8.751,9.689754689666666,7.51,8.75,8.0,8.9225,10.0,Fase 4 (9° ano),1,Cursando,8.823550937933334,Topázio,2024,5.0,3.0,0,Adequada/adiantada (≥ 0)
RA-197,Aluno-197,3,B,13.0,Menina,2021,Rede Decisão,8.8,9.7,4.4,,7.3,8.292,10.0,Fase 3 (7º e 8º ano),0,,8.218,Topázio,2022,3.0,1.0,0,Adequada/adiantada (≥ 0)
RA-197,Aluno-197,FASE 4,4A,13.0,Feminino,2021,Privada - Programa de Apadrinhamento,8.3,9.8,2.52,7.96875,7.2,8.46,10.0,Fase 3 (7° e 8° ano),1,,7.967608333,Ametista,2023,4.0,2.0,0,Adequada/adiantada (≥ 0)
RA-197,Aluno-197,5C,5C,14.0,Feminino,2021,Privada - Programa de Apadrinhamento,7.5,9.848484848333333,6.26,7.96875,8.333333333333334,8.795,10.0,Fase 5 (1° EM),0,Cursando,8.568238636333334,Topázio,2024,5.0,3.0,0,Adequada/adiantada (≥ 0)
RA-198,Aluno-198,3,B,13.0,Menino,2017,Escola Pública,0.0,6.2,5.0,,4.6,5.958,10.0,Fase 3 (7º e 8º ano),0,,5.554,Quartzo,2022,3.0,5.0,0,Adequada/adiantada (≥ 0)
RA-199,Aluno-199,3,B,13.0,Menino,2022,Escola Pública,8.3,7.1,7.5,,7.5,6.458,10.0,Fase 3 (7º e 8º ano),0,,7.564,Ametista,2022,3.0,0.0,0,Adequada/adiantada (≥ 0)
RA-199,Aluno-199,FASE 3,3A,,Masculino,2022,Privada,9.2,7.6,7.51,7.96875,8.5,8.505,5.0,Fase 4 (9° ano),-1,,7.892341667,Ametista,2023,3.0,1.0,1,Moderada (−1 fase)
RA-199,Aluno-199,4A,4A,15.0,Masculino,2022,Privada,8.334,7.554824561666667,6.88,8.125,7.166666666666667,8.206,5.0,Fase 5 (1° EM),-1,Cursando,7.419398245666667,Ametista,2024,4.0,2.0,1,Moderada (−1 fase)
RA-2,Aluno-2,7,A,17.0,Menina,2017,Rede Decisão,8.8,5.2,6.3,,6.8,6.778,10.0,Fase 7 (3º EM),0,,7.055,Ametista,2022,7.0,5.0,0,Adequada/adiantada (≥ 0)
RA-2,Aluno-2,FASE 8,8E,18.0,Feminino,2017,Privada *Parcerias com Bolsa 100%,,,,,,,10.0,Fase 8 (Universitários),0,,,,2023,8.0,6.0,0,Adequada/adiantada (≥ 0)
RA-2,Aluno-2,8E,8E,19.0,Feminino,2021,Privada *Parcerias com Bolsa 100%,,0.0,,,,,10.0,Fase 8 (Universitários),0,Cursando,,,2024,8.0,3.0,0,Adequada/adiantada (≥ 0)
RA-20,Aluno-20,7,D,19.0,Menina,2022,Escola Pública,7.1,10.0,6.3,,7.8,7.167,5.0,Fase 8 (Universitários),-1,,7.535,Ametista,2022,7.0,0.0,1,Moderada (−1 fase)
RA-200,Aluno-200,3,B,15.0,Menino,2018,Escola JP II,7.9,5.6,4.4,,5.5,4.917,5.0,Fase 5 (1º EM),-2,,5.705,Quartzo,2022,3.0,4.0,1,Severa (≤ −2 fases)
RA-200,Aluno-200,FASE 4,4B,16.0,Masculino,2018,Privada - Programa de Apadrinhamento,9.6,4.5,2.52,7.5,4.3,7.17,5.0,Fase 6 (2° EM),-2,,5.661166667,Quartzo,2023,4.0,5.0,1,Severa (≤ −2 fases)
RA-201,Aluno-201,3,B,15.0,Menina,2021,Escola Pública,7.9,7.3,7.5,,6.5,7.542,5.0,Fase 5 (1º EM),-2,,7.078,Ametista,2022,3.0,1.0,1,Severa (≤ −2 fases)
RA-202,Aluno-202,3,B,14.0,Menina,2017,Escola Pública,0.0,5.2,4.4,,5.4,6.917,5.0,Fase 4 (9º ano),-1,,5.201,Quartzo,2022,3.0,5.0,1,Moderada (−1 fase)
RA-202,Aluno-202,FASE 4,4C,,Feminino,2017,Pública,8.8,7.9,2.52,7.96875,5.9,8.005,5.0,Fase 5 (1° EM),-1,,6.791641667,Ágata,2023,4.0,6.0,1,Moderada (−1 fase)
RA-202,Aluno-202,5C,5C,16.0,Feminino,2021,Pública,8.334,7.880952381,6.26,7.65625,7.5,7.75,5.0,Fase 6 (2° EM),-1,Cursando,7.3512154762,Ametista,2024,5.0,3.0,1,Moderada (−1 fase)
RA-203,Aluno-203,3,B,14.0,Menina,2021,Escola Pública,8.8,4.3,7.5,,2.8,6.875,5.0,Fase 4 (9º ano),-1,,5.669,Quartzo,2022,3.0,1.0,1,Moderada (−1 fase)
RA-204,Aluno-204,3,B,13.0,Menina,2019,Escola Pública,7.9,6.7,4.4,,7.4,5.708,10.0,Fase 3 (7º e 8º ano),0,,6.943,Ágata,2022,3.0,3.0,0,Adequada/adiantada (≥ 0)
RA-204,Aluno-204,FASE 4,4B,,Feminino,2019,Pública,8.8,7.9,2.52,8.28125,7.1,8.045,10.0,Fase 4 (9° ano),0,,7.557558333,Ametista,2023,4.0,4.0,0,Adequada/adiantada (≥ 0)
RA-204,Aluno-204,4B,4B,15.0,Feminino,2021,Pública,9.168,6.827094474333333,6.26,7.125,7.5,8.5875,10.0,Fase 4 (9° ano),0,Cursando,7.838218894866668,Ametista,2024,4.0,3.0,0,Adequada/adiantada (≥ 0)
RA-205,Aluno-205,3,B,14.0,Menino,2020,Escola Pública,9.6,3.8,7.5,,4.1,4.833,5.0,Fase 4 (9º ano),-1,,5.372,Quartzo,2022,3.0,2.0,1,Moderada (−1 fase)
RA-205,Aluno-205,FASE 4,4C,,Masculino,2020,Pública,9.6,7.6,4.38,7.03125,6.6,7.09,5.0,Fase 5 (1° EM),-1,,6.857625,Ágata,2023,4.0,3.0,1,Moderada (−1 fase)
RA-206,Aluno-206,3,B,12.0,Menina,2022,Escola Pública,8.3,8.8,7.5,,5.0,5.167,10.0,Fase 3 (7º e 8º ano),0,,7.101,Ametista,2022,3.0,0.0,0,Adequada/adiantada (≥ 0)
RA-207,Aluno-207,3,C,16.0,Menino,2021,Escola Pública,0.0,4.8,7.5,,5.8,5.708,2.5,Fase 6 (2º EM),-3,,4.936,Quartzo,2022,3.0,1.0,1,Severa (≤ −2 fases)
RA-208,Aluno-208,3,C,14.0,Menino,2018,Escola Pública,7.5,7.1,7.5,,6.1,6.417,5.0,Fase 4 (9º ano),-1,,6.667,Ágata,2022,3.0,4.0,1,Moderada (−1 fase)
RA-209,Aluno-209,3,C,14.0,Menino,2019,Escola Pública,0.0,4.8,5.6,,6.0,3.75,5.0,Fase 4 (9º ano),-1,,4.499,Quartzo,2022,3.0,3.0,1,Moderada (−1 fase)
RA-21,Aluno-21,7,D,18.0,Menino,2022,Escola Pública,9.6,9.2,7.5,,3.8,7.25,5.0,Fase 8 (Universitários),-1,,6.945,Ágata,2022,7.0,0.0,1,Moderada (−1 fase)
RA-21,Aluno-21,FASE 8,8E,19.0,Masculino,2022,Privada *Parcerias com Bolsa 100%,,,,,,,10.0,Fase 8 (Universitários),0,,,,2023,8.0,1.0,0,Adequada/adiantada (≥ 0)
RA-21,Aluno-21,8E,8E,20.0,Masculino,2022,Privada - Pagamento por *Empresa Parceira,,0.0,,,,,10.0,Fase 8 (Universitários),0,Cursando,,,2024,8.0,2.0,0,Adequada/adiantada (≥ 0)
RA-210,Aluno-210,3,C,14.0,Menino,2022,Escola Pública,0.0,5.1,7.5,,3.4,4.417,5.0,Fase 4 (9º ano),-1,,4.44,Quartzo,2022,3.0,0.0,1,Moderada (−1 fase)
RA-211,Aluno-211,3,C,13.0,Menino,2021,Escola Pública,9.2,8.8,7.5,,7.6,8.458,10.0,Fase 3 (7º e 8º ano),0,,8.465,Topázio,2022,3.0,1.0,0,Adequada/adiantada (≥ 0)
RA-211,Aluno-211,FASE 4,4A,14.0,Masculino,2021,Privada - Programa de Apadrinhamento,9.6,9.4,2.52,7.65625,7.1,8.71,10.0,Fase 4 (9° ano),0,,8.024791667,Topázio,2023,4.0,2.0,0,Adequada/adiantada (≥ 0)
RA-211,Aluno-211,5A,5A,15.0,Masculino,2021,Privada - Programa de Apadrinhamento,9.585,9.379509379666667,7.51,7.25,7.0,7.866,10.0,Fase 5 (1° EM),0,Cursando,8.283601875933334,Topázio,2024,5.0,3.0,0,Adequada/adiantada (≥ 0)
RA-212,Aluno-212,3,C,14.0,Menino,2022,Escola Pública,9.6,8.4,7.5,,6.2,6.958,5.0,Fase 4 (9º ano),-1,,7.268,Ametista,2022,3.0,0.0,1,Moderada (−1 fase)
RA-213,Aluno-213,3,C,13.0,Menino,2022,Escola Pública,9.6,8.7,7.5,,3.5,6.833,10.0,Fase 3 (7º e 8º ano),0,,7.209,Ametista,2022,3.0,0.0,0,Adequada/adiantada (≥ 0)
RA-214,Aluno-214,3,C,15.0,Menino,2022,Escola Pública,0.0,6.1,7.5,,4.3,5.125,5.0,Fase 5 (1º EM),-2,,4.87,Quartzo,2022,3.0,0.0,1,Severa (≤ −2 fases)
RA-215,Aluno-215,3,D,13.0,Menina,2021,Escola Pública,6.7,5.8,7.5,,7.8,6.542,10.0,Fase 3 (7º e 8º ano),0,,7.172,Ametista,2022,3.0,1.0,0,Adequada/adiantada (≥ 0)
RA-215,Aluno-215,FASE 4,4C,14.0,Feminino,2021,Pública,8.8,6.6,2.52,7.96875,6.9,7.7125,10.0,Fase 4 (9° ano),0,,7.166475,Ametista,2023,4.0,2.0,0,Adequada/adiantada (≥ 0)
RA-215,Aluno-215,5B,5B,15.0,Feminino,2021,Pública,7.084,6.455627705333334,6.26,8.0,5.666666666666667,7.432,10.0,Fase 5 (1° EM),0,Cursando,7.045258874400002,Ametista,2024,5.0,3.0,0,Adequada/adiantada (≥ 0)
RA-216,Aluno-216,3,D,13.0,Menina,2018,Escola Pública,7.9,8.5,7.5,,7.0,5.583,10.0,Fase 3 (7º e 8º ano),0,,7.502,Ametista,2022,3.0,4.0,0,Adequada/adiantada (≥ 0)
RA-217,Aluno-217,3,D,15.0,Menina,2021,Escola Pública,7.9,8.5,7.5,,7.1,7.292,5.0,Fase 5 (1º EM),-2,,7.397,Ametista,2022,3.0,1.0,1,Severa (≤ −2 fases)
RA-217,Aluno-217,FASE 4,4B,,Feminino,2021,Pública,8.3,8.6,2.52,8.4375,5.6,8.5025,5.0,Fase 5 (1° EM),-1,,6.96965,Ágata,2023,4.0,2.0,1,Moderada (−1 fase)
RA-217,Aluno-217,5A,5A,17.0,Feminino,2021,Privada - Programa de Apadrinhamento,8.334,8.917748917666666,6.26,7.125,7.833333333333333,6.994,5.0,Fase 6 (2° EM),-1,Cursando,7.4209164502,Ametista,2024,5.0,3.0,1,Moderada (−1 fase)
RA-218,Aluno-218,3,D,14.0,Menina,2022,Escola Pública,6.3,7.3,7.5,,4.0,6.125,5.0,Fase 4 (9º ano),-1,,6.1,Ágata,2022,3.0,0.0,1,Moderada (−1 fase)
RA-218,Aluno-218,FASE 4,4C,15.0,Feminino,2022,Pública,0.0,6.7,2.52,7.96875,6.7,7.88,5.0,Fase 5 (1° EM),-1,,5.811541667,Quartzo,2023,4.0,1.0,1,Moderada (−1 fase)
RA-219,Aluno-219,3,D,16.0,Menino,2019,Escola Pública,8.8,6.9,7.5,,3.5,6.375,2.5,Fase 6 (2º EM),-3,,5.942,Quartzo,2022,3.0,3.0,1,Severa (≤ −2 fases)
RA-22,Aluno-22,6,A,17.0,Menina,2019,Rede Decisão,8.3,7.4,8.1,,6.7,8.833,5.0,Fase 7 (3º EM),-1,,7.474,Ametista,2022,6.0,3.0,1,Moderada (−1 fase)
RA-220,Aluno-220,3,D,13.0,Menina,2022,Escola Pública,0.0,8.1,7.5,,6.5,7.833,10.0,Fase 3 (7º e 8º ano),0,,7.028,Ágata,2022,3.0,0.0,0,Adequada/adiantada (≥ 0)
RA-220,Aluno-220,FASE 4,4C,14.0,Feminino,2022,Pública,8.8,7.6,2.52,7.1875,6.1,7.5475,10.0,Fase 4 (9° ano),0,,7.102016667,Ametista,2023,4.0,1.0,0,Adequada/adiantada (≥ 0)
RA-220,Aluno-220,5B,5B,15.0,Feminino,2022,Pública,8.751,8.198051948,6.26,7.25,6.833333333333333,7.332,10.0,Fase 5 (1° EM),0,Cursando,7.6987770562666675,Ametista,2024,5.0,2.0,0,Adequada/adiantada (≥ 0)
RA-221,Aluno-221,3,D,14.0,Menino,2022,Escola Pública,9.6,8.5,7.5,,5.2,6.0,5.0,Fase 4 (9º ano),-1,,6.892,Ágata,2022,3.0,0.0,1,Moderada (−1 fase)
RA-221,Aluno-221,FASE 3,3C,15.0,Masculino,2022,Pública,9.6,9.0,5.0,7.1875,5.0,7.38,5.0,Fase 5 (1° EM),-2,,6.959916667,Ágata,2023,3.0,1.0,1,Severa (≤ −2 fases)
RA-222,Aluno-222,3,D,15.0,Menina,2019,Escola Pública,7.1,4.6,7.5,,6.2,4.917,5.0,Fase 5 (1º EM),-2,,5.604,Quartzo,2022,3.0,3.0,1,Severa (≤ −2 fases)
RA-223,Aluno-223,3,E,13.0,Menina,2022,Escola Pública,0.0,4.6,7.5,,3.1,5.583,10.0,Fase 3 (7º e 8º ano),0,,4.966,Quartzo,2022,3.0,0.0,0,Adequada/adiantada (≥ 0)
RA-223,Aluno-223,FASE 3,3G,14.0,Feminino,2022,Pública,0.0,4.5,7.52,7.5,3.8,7.1725,5.0,Fase 4 (9° ano),-1,,5.089833333,Quartzo,2023,3.0,1.0,1,Moderada (−1 fase)
RA-224,Aluno-224,3,E,13.0,Menino,2021,Escola Pública,9.6,4.3,7.5,,2.6,4.875,10.0,Fase 3 (7º e 8º ano),0,,5.671,Quartzo,2022,3.0,1.0,0,Adequada/adiantada (≥ 0)
RA-225,Aluno-225,3,E,14.0,Menino,2022,Escola Pública,8.3,5.3,7.5,,5.0,5.708,5.0,Fase 4 (9º ano),-1,,5.918,Quartzo,2022,3.0,0.0,1,Moderada (−1 fase)
RA-226,Aluno-226,3,E,14.0,Menina,2022,Escola Pública,7.5,6.1,7.5,,6.8,6.208,5.0,Fase 4 (9º ano),-1,,6.549,Ágata,2022,3.0,0.0,1,Moderada (−1 fase)
RA-227,Aluno-227,3,E,12.0,Menino,2022,Escola Pública,9.2,6.4,7.5,,3.3,5.833,10.0,Fase 3 (7º e 8º ano),0,,6.471,Ágata,2022,3.0,0.0,0,Adequada/adiantada (≥ 0)
RA-227,Aluno-227,FASE 3,3B,,Masculino,2022,Pública,9.6,7.5,5.63,8.28125,6.9,7.4625,10.0,Fase 3 (7° e 8° ano),0,,7.722125,Ametista,2023,3.0,1.0,0,Adequada/adiantada (≥ 0)
RA-227,Aluno-227,3A,3A,13.0,Masculino,2022,Pública,9.585,8.097577276666668,9.38,7.5,6.5,7.54,10.0,Fase 3 (7° e 8° ano),0,Cursando,8.074015455333335,Topázio,2024,3.0,2.0,0,Adequada/adiantada (≥ 0)
RA-228,Aluno-228,3,E,15.0,Menina,2017,Escola Pública,7.5,6.7,7.5,,4.8,6.417,5.0,Fase 5 (1º EM),-2,,6.196,Ágata,2022,3.0,5.0,1,Severa (≤ −2 fases)
RA-229,Aluno-229,3,E,12.0,Menino,2022,Escola Pública,10.0,9.4,7.5,,6.9,8.5,10.0,Fase 3 (7º e 8º ano),0,,8.62,Topázio,2022,3.0,0.0,0,Adequada/adiantada (≥ 0)
RA-229,Aluno-229,FASE 4,4A,,Masculino,2022,Privada - Programa de Apadrinhamento,9.2,9.8,2.52,8.28125,7.8,8.42,10.0,Fase 3 (7° e 8° ano),1,,8.207591667,Topázio,2023,4.0,1.0,0,Adequada/adiantada (≥ 0)
RA-229,Aluno-229,5C,5C,14.0,Masculino,2022,Privada - Programa de Apadrinhamento,9.585,9.841269841333334,5.635,8.28125,8.833333333333334,8.8375,10.0,Fase 4 (9° ano),1,Cursando,8.852545634933334,Topázio,2024,5.0,2.0,0,Adequada/adiantada (≥ 0)
RA-23,Aluno-23,6,A,17.0,Menino,2021,Escola Pública,8.3,8.2,8.1,,6.7,8.556,5.0,Fase 7 (3º EM),-1,,7.677,Ametista,2022,6.0,1.0,1,Moderada (−1 fase)
RA-23,Aluno-23,FASE 8,8E,,Masculino,2021,Privada *Parcerias com Bolsa 100%,,,,,,,10.0,Fase 7 (3° EM),1,,,,2023,8.0,2.0,0,Adequada/adiantada (≥ 0)
RA-23,Aluno-23,8E,8E,19.0,Masculino,2021,Privada *Parcerias com Bolsa 100%,,0.0,,,,,10.0,Fase 8 (Universitários),0,Cursando,,,2024,8.0,3.0,0,Adequada/adiantada (≥ 0)
RA-230,Aluno-230,3,E,14.0,Menino,2022,Escola Pública,7.9,5.1,7.5,,5.7,6.75,5.0,Fase 4 (9º ano),-1,,6.328,Ágata,2022,3.0,0.0,1,Moderada (−1 fase)
RA-231,Aluno-231,3,E,14.0,Menino,2022,Escola Pública,8.8,7.4,7.5,,3.8,5.333,5.0,Fase 4 (9º ano),-1,,6.116,Ágata,2022,3.0,0.0,1,Moderada (−1 fase)
RA-232,Aluno-232,3,E,12.0,Menino,2022,Escola Pública,0.0,4.9,7.5,,0.0,4.542,10.0,Fase 3 (7º e 8º ano),0,,4.245,Quartzo,2022,3.0,0.0,0,Adequada/adiantada (≥ 0)
RA-233,Aluno-233,3,E,14.0,Menino,2022,Escola Pública,7.9,7.4,7.5,,3.8,5.5,5.0,Fase 4 (9º ano),-1,,6.051,Ágata,2022,3.0,0.0,1,Moderada (−1 fase)
RA-234,Aluno-234,3,E,13.0,Menino,2022,Escola Pública,10.0,7.6,5.6,,4.3,5.583,10.0,Fase 3 (7º e 8º ano),0,,6.719,Ágata,2022,3.0,0.0,0,Adequada/adiantada (≥ 0)
RA-234,Aluno-234,FASE 3,3D,13.0,Masculino,2022,Pública,6.7,8.0,2.52,4.84375,5.6,5.595,10.0,Fase 3 (7° e 8° ano),0,,6.248741667,Ágata,2023,3.0,1.0,0,Adequada/adiantada (≥ 0)
RA-235,Aluno-235,3,E,14.0,Menina,2022,Escola Pública,8.3,7.3,7.5,,6.3,6.417,5.0,Fase 4 (9º ano),-1,,6.79,Ágata,2022,3.0,0.0,1,Moderada (−1 fase)
RA-236,Aluno-236,3,F,12.0,Menina,2022,Escola Pública,9.6,7.5,7.5,,3.7,7.208,10.0,Fase 3 (7º e 8º ano),0,,7.11,Ametista,2022,3.0,0.0,0,Adequada/adiantada (≥ 0)
RA-236,Aluno-236,FASE 3,3G,13.0,Feminino,2022,Pública,10.0,7.5,7.52,7.1875,4.5,7.2975,10.0,Fase 3 (7° e 8° ano),0,,7.337116667,Ametista,2023,3.0,1.0,0,Adequada/adiantada (≥ 0)
RA-236,Aluno-236,4F,4F,14.0,Feminino,2022,Pública,9.168,7.890668700666666,6.26,6.875,4.5,6.362,10.0,Fase 4 (9° ano),0,Cursando,6.980833740133334,Ágata,2024,4.0,2.0,0,Adequada/adiantada (≥ 0)
RA-237,Aluno-237,3,F,14.0,Menina,2022,Escola Pública,10.0,9.0,7.5,,7.8,8.417,5.0,Fase 4 (9º ano),-1,,8.084,Topázio,2022,3.0,0.0,1,Moderada (−1 fase)
RA-237,Aluno-237,FASE 4,4F,15.0,Feminino,2022,Privada - Programa de Apadrinhamento,8.3,9.5,2.52,8.125,6.7,8.96,5.0,Fase 5 (1° EM),-1,,7.436566667,Ametista,2023,4.0,1.0,1,Moderada (−1 fase)
RA-237,Aluno-237,5F,5F,16.0,Feminino,2022,Privada - Programa de Apadrinhamento,8.751,9.689754689666666,6.26,7.916666667,7.666666666666667,8.336666667,5.0,Fase 6 (2° EM),-1,Cursando,7.931384271366667,Ametista,2024,5.0,2.0,1,Moderada (−1 fase)
RA-238,Aluno-238,3,F,14.0,Menina,2021,Escola Pública,8.8,6.4,5.0,,5.1,7.208,5.0,Fase 4 (9º ano),-1,,6.331,Ágata,2022,3.0,1.0,1,Moderada (−1 fase)
RA-239,Aluno-239,3,F,15.0,Menina,2021,Escola Pública,0.0,3.7,7.5,,3.7,5.958,5.0,Fase 5 (1º EM),-2,,4.572,Quartzo,2022,3.0,1.0,1,Severa (≤ −2 fases)
RA-239,Aluno-239,FASE 4,4G,16.0,Feminino,2021,Pública,0.0,8.4,5.0,8.125,7.0,7.6275,5.0,Fase 6 (2° EM),-2,,6.411333333,Ágata,2023,4.0,2.0,1,Severa (≤ −2 fases)
RA-239,Aluno-239,4F,4F,17.0,Feminino,2021,Pública,8.751,6.361737677333333,5.635,7.875,6.666666666666667,8.502,2.5,Fase 7 (3° EM),-3,Cursando,6.782180868800001,Ágata,2024,4.0,3.0,1,Severa (≤ −2 fases)
RA-24,Aluno-24,6,A,17.0,Menina,2021,Rede Decisão,9.2,7.9,6.9,,8.6,9.111,5.0,Fase 7 (3º EM),-1,,8.087,Topázio,2022,6.0,1.0,1,Moderada (−1 fase)
RA-240,Aluno-240,3,F,13.0,Menina,2017,Rede Decisão,7.1,8.1,5.0,,4.7,7.042,10.0,Fase 3 (7º e 8º ano),0,,6.943,Ágata,2022,3.0,5.0,0,Adequada/adiantada (≥ 0)
RA-240,Aluno-240,FASE 4,4F,,Feminino,2017,Privada - Programa de Apadrinhamento,7.1,6.7,2.52,6.875,4.8,6.9175,10.0,Fase 4 (9° ano),0,,6.337966667,Ágata,2023,4.0,6.0,0,Adequada/adiantada (≥ 0)
RA-241,Aluno-241,3,F,14.0,Menino,2016,Rede Decisão,10.0,10.0,7.5,,7.7,9.125,5.0,Fase 4 (9º ano),-1,,8.468,Topázio,2022,3.0,6.0,1,Moderada (−1 fase)
RA-241,Aluno-241,FASE 4,4F,,Masculino,2016,Privada - Programa de Apadrinhamento,0.0,9.9,2.52,8.75,7.5,9.545,5.0,Fase 5 (1° EM),-1,,7.016,Ametista,2023,4.0,7.0,1,Moderada (−1 fase)
RA-241,Aluno-241,7E,7E,16.0,Masculino,2021,Privada *Parcerias com Bolsa 100%,10.002,9.891666667,7.1975,7.5,6.816666666666667,7.5,10.0,Fase 5 (1° EM),2,Cursando,8.311616666733334,Topázio,2024,7.0,3.0,0,Adequada/adiantada (≥ 0)
RA-242,Aluno-242,3,F,13.0,Menino,2018,Rede Decisão,9.6,9.7,5.6,,8.2,8.708,10.0,Fase 3 (7º e 8º ano),0,,8.673,Topázio,2022,3.0,4.0,0,Adequada/adiantada (≥ 0)
RA-242,Aluno-242,FASE 4,4F,14.0,Masculino,2018,Privada - Programa de Apadrinhamento,7.1,9.7,2.52,8.59375,7.9,9.3775,10.0,Fase 4 (9° ano),0,,8.221841667,Topázio,2023,4.0,5.0,0,Adequada/adiantada (≥ 0)
RA-242,Aluno-242,7E,7E,15.0,Masculino,2021,Privada *Parcerias com Bolsa 100%,9.585,9.621,6.26,7.5,7.650000000000001,7.5,10.0,Fase 5 (1° EM),2,Cursando,8.2887,Topázio,2024,7.0,3.0,0,Adequada/adiantada (≥ 0)
RA-243,Aluno-243,3,F,15.0,Menina,2022,Escola Pública,7.1,8.7,5.0,,6.0,7.875,5.0,Fase 5 (1º EM),-2,,6.982,Ágata,2022,3.0,0.0,1,Severa (≤ −2 fases)
RA-244,Aluno-244,3,F,12.0,Menina,2018,Rede Decisão,7.5,9.4,6.3,,7.8,9.208,10.0,Fase 3 (7º e 8º ano),0,,8.51,Topázio,2022,3.0,4.0,0,Adequada/adiantada (≥ 0)
RA-244,Aluno-244,FASE 4,4F,13.0,Feminino,2018,Privada - Programa de Apadrinhamento,0.0,8.8,2.52,8.125,7.3,8.8325,10.0,Fase 3 (7° e 8° ano),1,,7.044333333,Ametista,2023,4.0,5.0,0,Adequada/adiantada (≥ 0)
RA-244,Aluno-244,5G,5G,14.0,Feminino,2021,Privada - Programa de Apadrinhamento,7.5,10.0,6.26,8.125,9.5,8.17,10.0,Fase 4 (9° ano),1,Cursando,8.7225,Topázio,2024,5.0,3.0,0,Adequada/adiantada (≥ 0)
RA-245,Aluno-245,3,F,14.0,Menino,2016,Rede Decisão,10.0,9.9,7.5,,8.4,9.25,5.0,Fase 4 (9º ano),-1,,8.656,Topázio,2022,3.0,6.0,1,Moderada (−1 fase)
RA-245,Aluno-245,FASE 4,4F,,Masculino,2016,Privada - Programa de Apadrinhamento,0.0,10.0,2.52,8.75,8.1,9.5875,5.0,Fase 5 (1° EM),-1,,7.171166667,Ametista,2023,4.0,7.0,1,Moderada (−1 fase)
RA-245,Aluno-245,7E,7E,16.0,Masculino,2021,Privada - Programa de Apadrinhamento,9.168,9.953333333,6.885,7.5,8.033333333333333,7.5,10.0,Fase 5 (1° EM),2,Cursando,8.452633333266668,Topázio,2024,7.0,3.0,0,Adequada/adiantada (≥ 0)
RA-246,Aluno-246,3,F,13.0,Menino,2022,Escola Pública,8.3,9.4,7.5,,7.6,9.167,10.0,Fase 3 (7º e 8º ano),0,,8.639,Topázio,2022,3.0,0.0,0,Adequada/adiantada (≥ 0)
RA-246,Aluno-246,FASE 4,4F,,Masculino,2022,Privada,8.8,9.9,4.39,8.125,6.8,8.9175,10.0,Fase 4 (9° ano),0,,8.256766667,Topázio,2023,4.0,1.0,0,Adequada/adiantada (≥ 0)
RA-246,Aluno-246,7E,7E,15.0,Masculino,2022,Privada *Parcerias com Bolsa 100%,8.334,0.0,6.57,7.5,0.0,7.5,10.0,Fase 5 (1° EM),2,Cursando,4.7404,Quartzo,2024,7.0,2.0,0,Adequada/adiantada (≥ 0)
RA-247,Aluno-247,3,F,13.0,Menina,2021,Escola Pública,8.3,8.2,7.5,,5.8,7.875,10.0,Fase 3 (7º e 8º ano),0,,7.72,Ametista,2022,3.0,1.0,0,Adequada/adiantada (≥ 0)
RA-247,Aluno-247,FASE 3,3B,13.0,Feminino,2021,Pública,0.0,8.5,7.52,8.28125,7.2,7.5425,10.0,Fase 3 (7° e 8° ano),0,,7.221958333,Ametista,2023,3.0,2.0,0,Adequada/adiantada (≥ 0)
RA-247,Aluno-247,4B,4B,14.0,Feminino,2021,Pública,0.0,8.306595365666666,6.26,7.75,4.333333333333333,8.5875,10.0,Fase 4 (9° ano),0,Cursando,6.646485739800001,Ágata,2024,4.0,3.0,0,Adequada/adiantada (≥ 0)
RA-248,Aluno-248,3,F,13.0,Menino,2022,Escola Pública,9.2,7.6,7.5,,5.2,7.292,10.0,Fase 3 (7º e 8º ano),0,,7.429,Ametista,2022,3.0,0.0,0,Adequada/adiantada (≥ 0)
RA-249,Aluno-249,3,G,14.0,Menino,2017,Escola Pública,6.7,7.4,5.0,,2.9,4.292,5.0,Fase 4 (9º ano),-1,,5.097,Quartzo,2022,3.0,5.0,1,Moderada (−1 fase)
RA-249,Aluno-249,FASE 3,3F,,Masculino,2017,Pública,0.0,8.2,5.0,5.15625,4.9,6.545,5.0,Fase 5 (1° EM),-2,,5.444625,Quartzo,2023,3.0,6.0,1,Severa (≤ −2 fases)
RA-249,Aluno-249,4F,4F,16.0,Masculino,2021,Pública,7.083,6.645021645,5.0,6.75,5.0,7.064,5.0,Fase 6 (2° EM),-2,Cursando,6.125104328999999,Ágata,2024,4.0,3.0,1,Severa (≤ −2 fases)
RA-25,Aluno-25,6,A,17.0,Menina,2021,Escola Pública,8.3,8.3,8.8,,6.9,9.667,5.0,Fase 7 (3º EM),-1,,7.979,Ametista,2022,6.0,1.0,1,Moderada (−1 fase)
RA-25,Aluno-25,FASE 8,8E,18.0,Feminino,2021,Privada *Parcerias com Bolsa 100%,,,,,,,10.0,Fase 8 (Universitários),0,,,,2023,8.0,2.0,0,Adequada/adiantada (≥ 0)
RA-25,Aluno-25,8E,8E,19.0,Feminino,2021,Privada *Parcerias com Bolsa 100%,,0.0,,,,,10.0,Fase 8 (Universitários),0,Cursando,,,2024,8.0,3.0,0,Adequada/adiantada (≥ 0)
RA-250,Aluno-250,3,G,12.0,Menina,2022,Escola Pública,8.3,8.6,7.5,,6.6,7.625,10.0,Fase 3 (7º e 8º ano),0,,7.958,Ametista,2022,3.0,0.0,0,Adequada/adiantada (≥ 0)
RA-250,Aluno-250,FASE 3,3F,13.0,Feminino,2022,Pública,0.0,9.3,5.63,7.96875,8.3,8.625,10.0,Fase 3 (7° e 8° ano),0,,7.598208333,Ametista,2023,3.0,1.0,0,Adequada/adiantada (≥ 0)
RA-250,Aluno-250,4H,4H,14.0,Feminino,2022,Privada - Programa de Apadrinhamento,9.168,9.629629629666667,6.88,8.958333333,9.166666666666666,8.95,10.0,Fase 4 (9° ano),0,Cursando,9.049892592566668,Topázio,2024,4.0,2.0,0,Adequada/adiantada (≥ 0)
RA-251,Aluno-251,3,G,15.0,Menino,2018,Escola Pública,10.0,8.1,5.6,,6.3,6.625,5.0,Fase 5 (1º EM),-2,,7.022,Ágata,2022,3.0,4.0,1,Severa (≤ −2 fases)
RA-251,Aluno-251,FASE 4,4N,,Masculino,2018,Pública,9.6,8.0,2.52,7.34375,5.3,7.835,5.0,Fase 5 (1° EM),-1,,6.665208333,Ágata,2023,4.0,5.0,1,Moderada (−1 fase)
RA-251,Aluno-251,5N,5N,16.0,Masculino,2021,Pública,8.751,8.612836439,5.63,6.875,4.5,7.326666667,5.0,Fase 6 (2° EM),-1,Cursando,6.7135006212,Ágata,2024,5.0,3.0,1,Moderada (−1 fase)
RA-252,Aluno-252,3,G,14.0,Menino,2018,Escola Pública,9.2,2.8,7.5,,0.9,3.875,5.0,Fase 4 (9º ano),-1,,4.277,Quartzo,2022,3.0,4.0,1,Moderada (−1 fase)
RA-253,Aluno-253,3,G,15.0,Menino,2019,Escola Pública,9.2,3.6,5.0,,1.8,3.75,5.0,Fase 5 (1º EM),-2,,4.312,Quartzo,2022,3.0,3.0,1,Severa (≤ −2 fases)
RA-254,Aluno-254,3,G,14.0,Menino,2019,Escola Pública,10.0,7.4,5.6,,5.3,6.917,5.0,Fase 4 (9º ano),-1,,6.715,Ágata,2022,3.0,3.0,1,Moderada (−1 fase)
RA-254,Aluno-254,FASE 4,4H,15.0,Masculino,2019,Pública,9.6,8.8,,7.8125,5.9,7.71,5.0,Fase 5 (1° EM),-1,,,,2023,4.0,4.0,1,Moderada (−1 fase)
RA-255,Aluno-255,3,G,14.0,Menino,2019,Escola Pública,7.5,3.8,5.0,,1.3,5.542,5.0,Fase 4 (9º ano),-1,,4.563,Quartzo,2022,3.0,3.0,1,Moderada (−1 fase)
RA-256,Aluno-256,3,G,12.0,Menina,2019,Escola Pública,8.8,8.5,5.0,,5.2,6.708,10.0,Fase 3 (7º e 8º ano),0,,7.192,Ametista,2022,3.0,3.0,0,Adequada/adiantada (≥ 0)
RA-257,Aluno-257,3,G,14.0,Menina,2018,Escola Pública,0.0,6.4,5.6,,3.6,6.708,5.0,Fase 4 (9º ano),-1,,5.149,Quartzo,2022,3.0,4.0,1,Moderada (−1 fase)
RA-258,Aluno-258,3,G,12.0,Menina,2018,Escola Pública,10.0,7.3,5.6,,4.8,6.125,10.0,Fase 3 (7º e 8º ano),0,,6.926,Ágata,2022,3.0,4.0,0,Adequada/adiantada (≥ 0)
RA-258,Aluno-258,3H,3H,13.0,Feminino,2021,Pública,7.084,6.944444444333333,7.51,7.34375,2.5,6.732,10.0,Fase 3 (7° e 8° ano),0,Cursando,6.429063888866667,Ágata,2024,3.0,3.0,0,Adequada/adiantada (≥ 0)
RA-259,Aluno-259,3,G,16.0,Menino,2017,Escola Pública,8.8,2.9,7.5,,0.9,4.625,2.5,Fase 6 (2º EM),-3,,4.182,Quartzo,2022,3.0,5.0,1,Severa (≤ −2 fases)
RA-26,Aluno-26,6,A,17.0,Menino,2022,Escola Pública,9.6,8.8,10.0,,8.0,10.0,5.0,Fase 7 (3º EM),-1,,8.677,Topázio,2022,6.0,0.0,1,Moderada (−1 fase)
RA-26,Aluno-26,FASE 7,7E,,Masculino,2022,Privada *Parcerias com Bolsa 100%,0.0,,7.52,,,,5.0,Fase 8 (Universitários),-1,,,,2023,7.0,1.0,1,Moderada (−1 fase)
RA-26,Aluno-26,8F,8F,19.0,Masculino,2022,Privada *Parcerias com Bolsa 100%,,0.0,,,,,10.0,Fase 8 (Universitários),0,Cursando,,,2024,8.0,2.0,0,Adequada/adiantada (≥ 0)
RA-260,Aluno-260,3,G,13.0,Menina,2019,Escola Pública,10.0,8.2,7.5,,5.0,6.458,10.0,Fase 3 (7º e 8º ano),0,,7.44,Ametista,2022,3.0,3.0,0,Adequada/adiantada (≥ 0)
RA-260,Aluno-260,FASE 3,3G,,Feminino,2019,Pública,9.2,9.9,7.52,7.34375,6.1,7.4175,10.0,Fase 3 (7° e 8° ano),0,,8.080008333,Topázio,2023,3.0,4.0,0,Adequada/adiantada (≥ 0)
RA-260,Aluno-260,4F,4F,15.0,Feminino,2021,Pública,8.751,9.674603174666666,7.51,7.875,7.0,8.502,10.0,Fase 4 (9° ano),0,Cursando,8.448920634933334,Topázio,2024,4.0,3.0,0,Adequada/adiantada (≥ 0)
RA-261,Aluno-261,3,G,14.0,Menina,2019,Escola Pública,8.8,7.2,5.6,,5.8,7.042,5.0,Fase 4 (9º ano),-1,,6.763,Ágata,2022,3.0,3.0,1,Moderada (−1 fase)
RA-262,Aluno-262,3,G,15.0,Menino,2021,Escola Pública,0.0,5.8,5.6,,3.4,5.625,5.0,Fase 5 (1º EM),-2,,4.786,Quartzo,2022,3.0,1.0,1,Severa (≤ −2 fases)
RA-262,Aluno-262,FASE 4,4G,,Masculino,2021,Privada,0.0,3.7,5.0,7.03125,3.8,6.05,5.0,Fase 6 (2° EM),-2,,4.406458333,Quartzo,2023,4.0,2.0,1,Severa (≤ −2 fases)
RA-262,Aluno-262,4F,4F,17.0,Masculino,2021,Privada,7.917,4.854560643666667,7.51,7.0,4.166666666666667,6.296,5.0,Fase 6 (2° EM),-2,Cursando,5.806145462066667,Quartzo,2024,4.0,3.0,1,Severa (≤ −2 fases)
RA-263,Aluno-263,3,G,15.0,Menina,2019,Escola Pública,5.8,5.6,7.5,,3.7,4.417,5.0,Fase 5 (1º EM),-2,,5.319,Quartzo,2022,3.0,3.0,1,Severa (≤ −2 fases)
RA-264,Aluno-264,3,I,15.0,Menina,2022,Escola Pública,10.0,9.2,5.6,,5.8,6.625,5.0,Fase 5 (1º EM),-2,,7.087,Ametista,2022,3.0,0.0,1,Severa (≤ −2 fases)
RA-265,Aluno-265,3,I,13.0,Menino,2019,Escola Pública,8.3,7.7,7.5,,6.9,7.917,10.0,Fase 3 (7º e 8º ano),0,,7.926,Ametista,2022,3.0,3.0,0,Adequada/adiantada (≥ 0)
RA-265,Aluno-265,FASE 4,4H,14.0,Masculino,2019,Pública,8.3,8.7,,7.96875,7.0,7.88,10.0,Fase 4 (9° ano),0,,,,2023,4.0,4.0,0,Adequada/adiantada (≥ 0)
RA-266,Aluno-266,3,I,16.0,Menina,2019,Escola Pública,7.5,5.8,5.6,,6.0,6.583,2.5,Fase 6 (2º EM),-3,,5.987,Quartzo,2022,3.0,3.0,1,Severa (≤ −2 fases)
RA-267,Aluno-267,3,I,15.0,Menina,2016,Escola Pública,10.0,7.4,5.0,,3.3,6.292,5.0,Fase 5 (1º EM),-2,,6.012,Ágata,2022,3.0,6.0,1,Severa (≤ −2 fases)
RA-267,Aluno-267,FASE 4,4H,16.0,Feminino,2016,Pública,7.9,7.7,,4.6875,2.7,6.505,5.0,Fase 6 (2° EM),-2,,,,2023,4.0,7.0,1,Severa (≤ −2 fases)
RA-267,Aluno-267,5G,5G,17.0,Feminino,2021,Pública,10.002,8.285533910333333,6.26,4.583333333,2.0,6.273333333,5.0,Fase 7 (3° EM),-2,Cursando,5.8963067819666675,Quartzo,2024,5.0,3.0,1,Severa (≤ −2 fases)
RA-268,Aluno-268,3,K,14.0,Menina,2021,Escola Pública,9.2,6.7,6.3,,5.7,7.208,5.0,Fase 4 (9º ano),-1,,6.695,Ágata,2022,3.0,1.0,1,Moderada (−1 fase)
RA-269,Aluno-269,3,K,13.0,Menino,2022,Escola Pública,9.2,8.6,6.3,,8.9,7.25,10.0,Fase 3 (7º e 8º ano),0,,8.231,Topázio,2022,3.0,0.0,0,Adequada/adiantada (≥ 0)
RA-269,Aluno-269,FASE 4,4L,14.0,Masculino,2022,Pública,9.6,9.0,2.52,8.59375,7.4,8.7975,10.0,Fase 4 (9° ano),0,,8.116041667,Topázio,2023,4.0,1.0,0,Adequada/adiantada (≥ 0)
RA-269,Aluno-269,7E,7E,15.0,Masculino,2022,Privada *Parcerias com Bolsa 100%,9.168,9.6,7.505,7.5,8.200000000000001,7.5,10.0,Fase 5 (1° EM),2,Cursando,8.4773,Topázio,2024,7.0,2.0,0,Adequada/adiantada (≥ 0)
RA-27,Aluno-27,6,A,17.0,Menino,2016,Rede Decisão,0.0,7.6,8.1,,8.0,9.111,5.0,Fase 7 (3º EM),-1,,7.124,Ametista,2022,6.0,6.0,1,Moderada (−1 fase)
RA-27,Aluno-27,FASE 7,7A,,Masculino,2016,Privada - Programa de Apadrinhamento,6.7,7.7,6.89,8.625,6.9,8.8825,10.0,Fase 7 (3° EM),0,,7.921266667,Ametista,2023,7.0,7.0,0,Adequada/adiantada (≥ 0)
RA-27,Aluno-27,8F,8F,18.0,Masculino,2021,Privada *Parcerias com Bolsa 100%,,0.0,,,,,10.0,Fase 8 (Universitários),0,Cursando,,,2024,8.0,3.0,0,Adequada/adiantada (≥ 0)
RA-270,Aluno-270,3,K,13.0,Menina,2019,Rede Decisão,8.3,8.4,6.9,,7.9,8.125,10.0,Fase 3 (7º e 8º ano),0,,8.226,Topázio,2022,3.0,3.0,0,Adequada/adiantada (≥ 0)
RA-270,Aluno-270,FASE 4,4M,14.0,Feminino,2019,Privada - Programa de Apadrinhamento,9.2,9.0,2.52,8.75,6.6,9.1275,10.0,Fase 4 (9° ano),0,,7.982633333,Ametista,2023,4.0,4.0,0,Adequada/adiantada (≥ 0)
RA-270,Aluno-270,7E,7E,15.0,Feminino,2021,Privada - Programa de Apadrinhamento,9.168,0.0,6.2575,7.5,0.0,7.5,10.0,Fase 5 (1° EM),2,Cursando,4.79255,Quartzo,2024,7.0,3.0,0,Adequada/adiantada (≥ 0)
RA-271,Aluno-271,3,K,15.0,Menina,2022,Escola Pública,9.2,8.5,5.6,,7.1,6.958,5.0,Fase 5 (1º EM),-2,,7.255,Ametista,2022,3.0,0.0,1,Severa (≤ −2 fases)
RA-271,Aluno-271,FASE 4,4M,16.0,Feminino,2022,Pública,0.0,9.3,2.52,8.125,5.9,7.7125,5.0,Fase 6 (2° EM),-2,,6.140333333,Ágata,2023,4.0,1.0,1,Severa (≤ −2 fases)
RA-271,Aluno-271,5M,5M,17.0,Feminino,2022,Pública,9.168,8.958333333333334,6.26,7.5,7.333333333333333,6.7475,5.0,Fase 6 (2° EM),-1,Cursando,7.400633333333334,Ametista,2024,5.0,2.0,1,Moderada (−1 fase)
RA-272,Aluno-272,3,K,14.0,Menino,2021,Escola Pública,9.2,5.7,7.5,,5.1,6.417,5.0,Fase 4 (9º ano),-1,,6.361,Ágata,2022,3.0,1.0,1,Moderada (−1 fase)
RA-273,Aluno-273,3,K,14.0,Menina,2018,Escola Pública,9.2,5.3,7.5,,3.0,5.833,5.0,Fase 4 (9º ano),-1,,5.679,Quartzo,2022,3.0,4.0,1,Moderada (−1 fase)
RA-273,Aluno-273,FASE 3,3L,14.0,Feminino,2018,Pública,7.9,7.4,2.52,7.8125,5.0,7.6275,5.0,Fase 4 (9° ano),-1,,6.337116667,Ágata,2023,3.0,5.0,1,Moderada (−1 fase)
RA-273,Aluno-273,4N,4N,16.0,Feminino,2021,Pública,9.168,7.323153899,6.26,8.125,4.5,6.896,5.0,Fase 5 (1° EM),-1,Cursando,6.5991307798,Ágata,2024,4.0,3.0,1,Moderada (−1 fase)
RA-274,Aluno-274,3,K,11.0,Menina,2019,Rede Decisão,7.9,8.3,7.5,,8.1,7.0,10.0,Fase 2 (5º e 6º ano),1,,7.946,Ametista,2022,3.0,3.0,0,Adequada/adiantada (≥ 0)
RA-274,Aluno-274,FASE 4,4M,12.0,Feminino,2019,Privada - Programa de Apadrinhamento,7.5,9.5,5.63,7.65625,7.5,8.295,10.0,Fase 3 (7° e 8° ano),1,,8.137625,Topázio,2023,4.0,4.0,0,Adequada/adiantada (≥ 0)
RA-274,Aluno-274,5L,5L,13.0,Feminino,2021,Privada - Programa de Apadrinhamento,8.334,9.648148147999999,5.635,8.125,9.333333333333334,8.226666667,10.0,Fase 3 (7° e 8° ano),2,Cursando,8.651029629666667,Topázio,2024,5.0,3.0,0,Adequada/adiantada (≥ 0)
RA-275,Aluno-275,3,K,15.0,Menino,2018,Escola Pública,9.6,6.9,7.5,,4.6,6.667,5.0,Fase 5 (1º EM),-2,,6.665,Ágata,2022,3.0,4.0,1,Severa (≤ −2 fases)
RA-276,Aluno-276,3,K,14.0,Menina,2017,Escola Pública,7.1,5.7,5.6,,4.3,5.125,5.0,Fase 4 (9º ano),-1,,5.527,Quartzo,2022,3.0,5.0,1,Moderada (−1 fase)
RA-276,Aluno-276,FASE 4,4M,,Feminino,2017,Privada - Programa de Apadrinhamento,6.3,8.5,2.52,7.03125,5.5,6.585,10.0,Fase 4 (9° ano),0,,6.690458333,Ágata,2023,4.0,6.0,0,Adequada/adiantada (≥ 0)
RA-277,Aluno-277,3,K,14.0,Menino,2021,Escola Pública,7.1,8.8,7.5,,7.4,7.208,5.0,Fase 4 (9º ano),-1,,7.411,Ametista,2022,3.0,1.0,1,Moderada (−1 fase)
RA-277,Aluno-277,FASE 4,4M,,Masculino,2021,Pública,8.3,9.9,7.52,8.125,5.5,8.7525,5.0,Fase 5 (1° EM),-1,,7.7284,Ametista,2023,4.0,2.0,1,Moderada (−1 fase)
RA-277,Aluno-277,7E,7E,16.0,Masculino,2021,Privada *Parcerias com Bolsa 100%,8.334,9.741666667,6.5725,7.5,6.8999999999999995,7.5,10.0,Fase 5 (1° EM),2,Cursando,8.0689833334,Topázio,2024,7.0,3.0,0,Adequada/adiantada (≥ 0)
RA-278,Aluno-278,3,K,12.0,Menino,2018,Rede Decisão,8.8,9.2,5.6,,6.0,7.417,10.0,Fase 3 (7º e 8º ano),0,,7.741,Ametista,2022,3.0,4.0,0,Adequada/adiantada (≥ 0)
RA-278,Aluno-278,FASE 4,4M,13.0,Masculino,2018,Pública,0.0,9.8,5.63,8.75,5.6,8.3775,10.0,Fase 3 (7° e 8° ano),1,,7.1935,Ametista,2023,4.0,5.0,0,Adequada/adiantada (≥ 0)
RA-278,Aluno-278,5N,5N,14.0,Masculino,2021,Privada - Programa de Apadrinhamento,9.168,9.855072463666666,7.51,8.125,9.333333333333334,7.946666667,10.0,Fase 4 (9° ano),1,Cursando,8.907314492800001,Topázio,2024,5.0,3.0,0,Adequada/adiantada (≥ 0)
RA-279,Aluno-279,3,K,13.0,Menino,2019,Rede Decisão,9.2,9.9,6.3,,9.1,8.208,10.0,Fase 3 (7º e 8º ano),0,,8.815,Topázio,2022,3.0,3.0,0,Adequada/adiantada (≥ 0)
RA-279,Aluno-279,FASE 4,4M,14.0,Masculino,2019,Pública,8.8,10.0,6.27,8.75,8.9,9.2125,10.0,Fase 4 (9° ano),0,,9.006266667,Topázio,2023,4.0,4.0,0,Adequada/adiantada (≥ 0)
RA-279,Aluno-279,5N,5N,15.0,Masculino,2021,Privada - Programa de Apadrinhamento,9.168,10.0,7.51,8.333333333,9.333333333333334,8.726666667,10.0,Fase 4 (9° ano),1,Cursando,9.113133333366667,Topázio,2024,5.0,3.0,0,Adequada/adiantada (≥ 0)
RA-28,Aluno-28,6,A,17.0,Menina,2019,Escola Pública,7.9,6.1,7.5,,5.0,6.333,5.0,Fase 7 (3º EM),-1,,6.242,Ágata,2022,6.0,3.0,1,Moderada (−1 fase)
RA-280,Aluno-280,3,K,13.0,Menina,2021,Rede Decisão,7.5,9.2,7.5,,7.1,7.333,10.0,Fase 3 (7º e 8º ano),0,,8.046,Ametista,2022,3.0,1.0,0,Adequada/adiantada (≥ 0)
RA-280,Aluno-280,FASE 4,4M,,Feminino,2021,Privada - Programa de Apadrinhamento,6.7,9.5,7.52,8.28125,6.5,8.7125,10.0,Fase 4 (9° ano),0,,8.189225,Topázio,2023,4.0,2.0,0,Adequada/adiantada (≥ 0)
RA-280,Aluno-280,5N,5N,15.0,Feminino,2021,Privada - Programa de Apadrinhamento,7.917,9.855072463666666,6.26,8.333333333,9.333333333333334,8.67,10.0,Fase 4 (9° ano),1,Cursando,8.822714492700001,Topázio,2024,5.0,3.0,0,Adequada/adiantada (≥ 0)
RA-281,Aluno-281,3,K,13.0,Menina,2019,Escola Pública,6.7,6.9,7.5,,5.9,5.625,10.0,Fase 3 (7º e 8º ano),0,,6.806,Ágata,2022,3.0,3.0,0,Adequada/adiantada (≥ 0)
RA-282,Aluno-282,3,K,13.0,Menina,2019,Escola Pública,8.8,6.8,7.5,,4.0,5.625,10.0,Fase 3 (7º e 8º ano),0,,6.618,Ágata,2022,3.0,3.0,0,Adequada/adiantada (≥ 0)
RA-283,Aluno-283,3,K,14.0,Menino,2020,Escola Pública,9.6,8.8,7.5,,5.6,6.625,5.0,Fase 4 (9º ano),-1,,7.131,Ametista,2022,3.0,2.0,1,Moderada (−1 fase)
RA-283,Aluno-283,FASE 3,3N,15.0,Masculino,2020,Pública,8.3,9.5,7.52,7.03125,6.8,7.5025,5.0,Fase 5 (1° EM),-2,,7.549025,Ametista,2023,3.0,3.0,1,Severa (≤ −2 fases)
RA-283,Aluno-283,4N,4N,16.0,Masculino,2021,Pública,8.751,9.761904762,6.885,7.8125,8.0,7.736,5.0,Fase 6 (2° EM),-2,Cursando,7.9444309524,Ametista,2024,4.0,3.0,1,Severa (≤ −2 fases)
RA-284,Aluno-284,3,L,13.0,Menino,2022,Escola Pública,6.7,5.1,5.6,,3.8,5.958,10.0,Fase 3 (7º e 8º ano),0,,5.939,Quartzo,2022,3.0,0.0,0,Adequada/adiantada (≥ 0)
RA-285,Aluno-285,3,L,16.0,Menina,2020,Escola Pública,9.2,4.1,7.5,,2.8,5.75,2.5,Fase 6 (2º EM),-3,,5.063,Quartzo,2022,3.0,2.0,1,Severa (≤ −2 fases)
RA-285,Aluno-285,FASE 4,4N,17.0,Feminino,2020,Pública,8.3,4.6,2.52,7.65625,4.7,7.13,2.5,Fase 7 (3° EM),-3,,5.380358333,Quartzo,2023,4.0,3.0,1,Severa (≤ −2 fases)
RA-286,Aluno-286,3,L,15.0,Menina,2022,Escola Pública,7.1,5.8,6.3,,3.0,5.625,5.0,Fase 5 (1º EM),-2,,5.424,Quartzo,2022,3.0,0.0,1,Severa (≤ −2 fases)
RA-286,Aluno-286,FASE 4,4L,15.0,Feminino,2022,Pública,0.0,7.5,5.0,8.125,4.7,7.3375,5.0,Fase 5 (1° EM),-1,,5.713333333,Quartzo,2023,4.0,1.0,1,Moderada (−1 fase)
RA-286,Aluno-286,5M,5M,16.0,Feminino,2022,Pública,6.666,4.031862745000001,6.26,7.34375,3.1666666666666665,5.7825,5.0,Fase 6 (2° EM),-1,Cursando,5.123180882333333,Quartzo,2024,5.0,2.0,1,Moderada (−1 fase)
RA-287,Aluno-287,3,L,17.0,Menina,2022,Escola Pública,7.9,3.4,5.0,,1.1,4.292,2.5,Fase 7 (3º EM),-4,,3.7,Quartzo,2022,3.0,0.0,1,Severa (≤ −2 fases)
RA-287,Aluno-287,FASE 4,4N,18.0,Feminino,2022,Pública,0.0,4.8,2.52,4.21875,3.9,5.375,2.5,Fase 8 (Universitários),-4,,3.745541667,Quartzo,2023,4.0,1.0,1,Severa (≤ −2 fases)
RA-288,Aluno-288,3,L,16.0,Menina,2022,Escola Pública,0.0,5.6,6.3,,0.0,6.833,2.5,Fase 6 (2º EM),-3,,4.097,Quartzo,2022,3.0,0.0,1,Severa (≤ −2 fases)
RA-289,Aluno-289,3,L,14.0,Menina,2020,Escola Pública,0.0,7.8,6.3,,6.8,7.25,5.0,Fase 4 (9º ano),-1,,6.236,Ágata,2022,3.0,2.0,1,Moderada (−1 fase)
RA-29,Aluno-29,6,A,17.0,Menino,2022,Escola Pública,0.0,4.0,8.8,,3.7,7.611,5.0,Fase 7 (3º EM),-1,,4.985,Quartzo,2022,6.0,0.0,1,Moderada (−1 fase)
RA-29,Aluno-29,FASE 8,8E,,Masculino,2022,Privada *Parcerias com Bolsa 100%,,,,,,,10.0,Fase 8 (Universitários),0,,,,2023,8.0,1.0,0,Adequada/adiantada (≥ 0)
RA-29,Aluno-29,8E,8E,19.0,Masculino,2022,Privada - Pagamento por *Empresa Parceira,,0.0,,,,,10.0,Fase 8 (Universitários),0,Cursando,,,2024,8.0,2.0,0,Adequada/adiantada (≥ 0)
RA-290,Aluno-290,3,L,17.0,Menina,2022,Escola Pública,10.0,3.9,6.3,,1.7,6.042,2.5,Fase 7 (3º EM),-4,,4.929,Quartzo,2022,3.0,0.0,1,Severa (≤ −2 fases)
RA-291,Aluno-291,3,L,13.0,Menino,2022,Escola Pública,8.3,8.2,6.9,,8.0,7.792,10.0,Fase 3 (7º e 8º ano),0,,8.122,Topázio,2022,3.0,0.0,0,Adequada/adiantada (≥ 0)
RA-291,Aluno-291,FASE 4,4M,14.0,Masculino,2022,Privada - Programa de Apadrinhamento,8.8,8.6,7.52,8.90625,7.1,9.21,10.0,Fase 4 (9° ano),0,,8.493058333,Topázio,2023,4.0,1.0,0,Adequada/adiantada (≥ 0)
RA-291,Aluno-291,7E,7E,15.0,Masculino,2022,Privada - Programa de Apadrinhamento,8.751,9.737666667,6.26,7.5,6.166666666666667,7.5,10.0,Fase 5 (1° EM),2,Cursando,7.9319666667333335,Ametista,2024,7.0,2.0,0,Adequada/adiantada (≥ 0)
RA-292,Aluno-292,3,L,16.0,Menino,2022,Escola Pública,7.9,3.7,7.5,,1.8,6.292,2.5,Fase 6 (2º EM),-3,,4.837,Quartzo,2022,3.0,0.0,1,Severa (≤ −2 fases)
RA-293,Aluno-293,3,L,13.0,Menino,2022,Escola Pública,8.8,2.9,7.5,,2.3,3.333,10.0,Fase 3 (7º e 8º ano),0,,4.875,Quartzo,2022,3.0,0.0,0,Adequada/adiantada (≥ 0)
RA-294,Aluno-294,3,L,18.0,Menina,2022,Escola Pública,9.6,5.8,7.5,,0.0,5.917,2.5,Fase 8 (Universitários),-5,,5.031,Quartzo,2022,3.0,0.0,1,Severa (≤ −2 fases)
RA-295,Aluno-295,3,M,14.0,Menina,2022,Escola Pública,7.9,8.0,7.5,,6.9,7.375,5.0,Fase 4 (9º ano),-1,,7.305,Ametista,2022,3.0,0.0,1,Moderada (−1 fase)
RA-295,Aluno-295,FASE 4,4L,15.0,Feminino,2022,Pública,8.8,8.8,2.52,9.0625,7.7,9.005,5.0,Fase 5 (1° EM),-1,,7.641016667,Ametista,2023,4.0,1.0,1,Moderada (−1 fase)
RA-296,Aluno-296,3,M,15.0,Menina,2022,Escola Pública,8.8,3.6,7.5,,2.8,3.833,5.0,Fase 5 (1º EM),-2,,4.665,Quartzo,2022,3.0,0.0,1,Severa (≤ −2 fases)
RA-297,Aluno-297,3,M,13.0,Menina,2022,Escola Pública,7.1,7.9,6.3,,6.6,7.417,10.0,Fase 3 (7º e 8º ano),0,,7.478,Ametista,2022,3.0,0.0,0,Adequada/adiantada (≥ 0)
RA-298,Aluno-298,3,M,13.0,Menino,2019,Escola Pública,9.2,6.3,5.6,,5.2,5.417,10.0,Fase 3 (7º e 8º ano),0,,6.409,Ágata,2022,3.0,3.0,0,Adequada/adiantada (≥ 0)
RA-298,Aluno-298,FASE 3,3K,14.0,Masculino,2019,Pública,9.6,8.6,2.52,7.5,5.5,7.7525,5.0,Fase 4 (9° ano),-1,,6.824333333,Ágata,2023,3.0,4.0,1,Moderada (−1 fase)
RA-299,Aluno-299,3,M,13.0,Menina,2019,Rede Decisão,7.1,8.2,5.0,,6.8,6.708,10.0,Fase 3 (7º e 8º ano),0,,7.278,Ametista,2022,3.0,3.0,0,Adequada/adiantada (≥ 0)
RA-299,Aluno-299,FASE 4,4M,14.0,Feminino,2019,Privada - Programa de Apadrinhamento,0.0,9.6,2.52,7.96875,6.1,8.005,10.0,Fase 4 (9° ano),0,,6.796541667,Ágata,2023,4.0,4.0,0,Adequada/adiantada (≥ 0)
RA-299,Aluno-299,5N,5N,15.0,Feminino,2021,Privada - Programa de Apadrinhamento,8.751,8.963768115999999,6.26,7.5,8.166666666666666,7.5,10.0,Fase 4 (9° ano),1,Cursando,8.177186956533333,Topázio,2024,5.0,3.0,0,Adequada/adiantada (≥ 0)
RA-3,Aluno-3,7,A,17.0,Menina,2016,Rede Decisão,0.0,7.9,5.6,,5.6,7.556,10.0,Fase 7 (3º EM),0,,6.591,Ágata,2022,7.0,6.0,0,Adequada/adiantada (≥ 0)
RA-30,Aluno-30,6,A,16.0,Menina,2021,Escola Pública,8.8,6.4,7.5,,7.5,7.333,10.0,Fase 6 (2º EM),0,,7.605,Ametista,2022,6.0,1.0,0,Adequada/adiantada (≥ 0)
RA-300,Aluno-300,3,M,14.0,Menino,2022,Escola Pública,5.4,6.9,6.3,,3.1,5.875,5.0,Fase 4 (9º ano),-1,,5.557,Quartzo,2022,3.0,0.0,1,Moderada (−1 fase)
RA-300,Aluno-300,FASE 3,3K,15.0,Masculino,2022,Pública,5.0,7.5,2.52,6.40625,4.5,6.5875,5.0,Fase 5 (1° EM),-2,,5.616691667,Quartzo,2023,3.0,1.0,1,Severa (≤ −2 fases)
RA-301,Aluno-301,3,M,13.0,Menina,2019,Escola Pública,8.8,5.8,5.6,,6.3,6.042,10.0,Fase 3 (7º e 8º ano),0,,6.802,Ágata,2022,3.0,3.0,0,Adequada/adiantada (≥ 0)
RA-301,Aluno-301,FASE 4,4L,,Feminino,2019,Pública,9.2,5.4,7.52,6.71875,5.2,6.465,10.0,Fase 4 (9° ano),0,,6.760341667,Ágata,2023,4.0,4.0,0,Adequada/adiantada (≥ 0)
RA-301,Aluno-301,4M,4M,15.0,Feminino,2021,Pública,9.168,7.4947368423333325,7.51,8.020833333,9.0,8.21,10.0,Fase 4 (9° ano),0,Cursando,8.410830701766667,Topázio,2024,4.0,3.0,0,Adequada/adiantada (≥ 0)
RA-302,Aluno-302,3,M,16.0,Menino,2022,Escola Pública,9.2,7.7,6.9,,4.8,6.208,2.5,Fase 6 (2º EM),-3,,6.334,Ágata,2022,3.0,0.0,1,Severa (≤ −2 fases)
RA-302,Aluno-302,FASE 5,5L,17.0,Masculino,2022,Pública,0.0,7.3,5.0,7.5,4.3,6.255,5.0,Fase 7 (3° EM),-2,,5.314333333,Quartzo,2023,5.0,1.0,1,Severa (≤ −2 fases)
RA-303,Aluno-303,3,M,14.0,Menino,2019,Escola Pública,7.5,7.2,7.5,,3.9,5.375,5.0,Fase 4 (9º ano),-1,,6.03,Ágata,2022,3.0,3.0,1,Moderada (−1 fase)
RA-303,Aluno-303,FASE 3,3M,15.0,Masculino,2019,Pública,0.0,7.3,7.52,7.65625,5.1,7.05,5.0,Fase 5 (1° EM),-2,,5.914291667,Quartzo,2023,3.0,4.0,1,Severa (≤ −2 fases)
RA-303,Aluno-303,4M,4M,16.0,Masculino,2021,Pública,8.751,3.9520467836666664,7.51,6.875,5.666666666666667,7.535,5.0,Fase 6 (2° EM),-2,Cursando,6.2443426900666665,Ágata,2024,4.0,3.0,1,Severa (≤ −2 fases)
RA-304,Aluno-304,3,M,15.0,Menino,2020,Escola Pública,8.8,7.7,7.5,,4.3,5.542,5.0,Fase 5 (1º EM),-2,,6.355,Ágata,2022,3.0,2.0,1,Severa (≤ −2 fases)
RA-304,Aluno-304,FASE 3,3N,,Masculino,2020,Pública,0.0,8.8,5.0,7.8125,5.7,7.835,5.0,Fase 5 (1° EM),-2,,6.241583333,Ágata,2023,3.0,3.0,1,Severa (≤ −2 fases)
RA-304,Aluno-304,3N,3N,16.0,Masculino,2021,Pública,10.002,7.826890756333333,7.51,6.875,7.166666666666667,5.825,2.5,Fase 6 (2° EM),-3,Cursando,6.852411484600001,Ágata,2024,3.0,3.0,1,Severa (≤ −2 fases)
RA-305,Aluno-305,3,M,14.0,Menino,2019,Escola Pública,7.9,6.6,7.5,,4.8,5.208,5.0,Fase 4 (9º ano),-1,,6.058,Ágata,2022,3.0,3.0,1,Moderada (−1 fase)
RA-305,Aluno-305,FASE 3,3L,15.0,Masculino,2019,Pública,0.0,8.9,7.52,7.65625,5.2,7.75,5.0,Fase 5 (1° EM),-2,,6.394291667,Ágata,2023,3.0,4.0,1,Severa (≤ −2 fases)
RA-305,Aluno-305,4N,4N,16.0,Masculino,2021,Pública,8.334,7.898550724666666,6.26,7.8125,4.833333333333333,7.03,5.0,Fase 5 (1° EM),-1,Cursando,6.693026811600001,Ágata,2024,4.0,3.0,1,Moderada (−1 fase)
RA-306,Aluno-306,3,M,14.0,Menina,2021,Escola Pública,8.3,6.8,7.5,,5.2,5.958,5.0,Fase 4 (9º ano),-1,,6.427,Ágata,2022,3.0,1.0,1,Moderada (−1 fase)
RA-306,Aluno-306,FASE 4,4M,,Feminino,2021,Pública,0.0,7.9,6.26,7.34375,4.0,7.46,5.0,Fase 5 (1° EM),-1,,5.732375,Quartzo,2023,4.0,2.0,1,Moderada (−1 fase)
RA-306,Aluno-306,5M,5M,16.0,Feminino,2021,Pública,7.917,7.699561403666666,7.51,7.34375,2.8333333333333335,6.4125,5.0,Fase 6 (2° EM),-1,Cursando,6.1661539474,Ágata,2024,5.0,3.0,1,Moderada (−1 fase)
RA-307,Aluno-307,3,M,14.0,Menino,2022,Escola Pública,5.4,4.5,7.5,,2.5,4.708,5.0,Fase 4 (9º ano),-1,,4.733,Quartzo,2022,3.0,0.0,1,Moderada (−1 fase)
RA-307,Aluno-307,FASE 3,3N,,Masculino,2022,Pública,0.0,6.5,7.52,7.5,6.3,7.46,5.0,Fase 5 (1° EM),-2,,6.047333333,Ágata,2023,3.0,1.0,1,Severa (≤ −2 fases)
RA-308,Aluno-308,3,M,13.0,Menino,2019,Escola Pública,7.9,7.4,6.9,,5.0,6.167,10.0,Fase 3 (7º e 8º ano),0,,6.93,Ágata,2022,3.0,3.0,0,Adequada/adiantada (≥ 0)
RA-308,Aluno-308,FASE 4,4L,14.0,Masculino,2019,Pública,5.4,6.8,5.0,7.03125,4.9,7.5025,10.0,Fase 4 (9° ano),0,,6.578558333,Ágata,2023,4.0,4.0,0,Adequada/adiantada (≥ 0)
RA-308,Aluno-308,5M,5M,15.0,Masculino,2021,Pública,7.083,8.714912280666667,5.635,7.5,6.5,7.1225,10.0,Fase 4 (9° ano),1,Cursando,7.489282456133334,Ametista,2024,5.0,3.0,0,Adequada/adiantada (≥ 0)
RA-309,Aluno-309,3,M,14.0,Menina,2022,Escola Pública,9.2,5.2,7.5,,6.5,5.083,5.0,Fase 4 (9º ano),-1,,6.151,Ágata,2022,3.0,0.0,1,Moderada (−1 fase)
RA-31,Aluno-31,6,A,17.0,Menina,2019,Rede Decisão,10.0,9.5,9.4,,8.0,10.0,5.0,Fase 7 (3º EM),-1,,8.843,Topázio,2022,6.0,3.0,1,Moderada (−1 fase)
RA-31,Aluno-31,FASE 8,8E,18.0,Feminino,2019,Privada *Parcerias com Bolsa 100%,,,,,,,10.0,Fase 8 (Universitários),0,,,,2023,8.0,4.0,0,Adequada/adiantada (≥ 0)
RA-31,Aluno-31,8E,8E,19.0,Feminino,2021,Privada *Parcerias com Bolsa 100%,,0.0,,,,,10.0,Fase 8 (Universitários),0,Cursando,,,2024,8.0,3.0,0,Adequada/adiantada (≥ 0)
RA-310,Aluno-310,3,M,15.0,Menina,2022,Escola Pública,7.9,7.5,7.5,,4.5,6.0,5.0,Fase 5 (1º EM),-2,,6.4,Ágata,2022,3.0,0.0,1,Severa (≤ −2 fases)
RA-311,Aluno-311,3,N,16.0,Menina,2022,Escola Pública,7.9,5.6,5.0,,5.2,6.222,2.5,Fase 6 (2º EM),-3,,5.652,Quartzo,2022,3.0,0.0,1,Severa (≤ −2 fases)
RA-312,Aluno-312,3,N,13.0,Menina,2022,Escola Pública,9.6,8.1,7.5,,5.2,6.167,10.0,Fase 3 (7º e 8º ano),0,,7.339,Ametista,2022,3.0,0.0,0,Adequada/adiantada (≥ 0)
RA-313,Aluno-313,3,N,14.0,Menina,2022,Escola Pública,7.5,7.0,5.0,,4.1,5.889,5.0,Fase 4 (9º ano),-1,,5.8,Quartzo,2022,3.0,0.0,1,Moderada (−1 fase)
RA-313,Aluno-313,FASE 4,4L,14.0,Feminino,2022,Pública,9.2,8.7,2.52,7.65625,3.9,7.75,10.0,Fase 4 (9° ano),0,,7.011091667,Ametista,2023,4.0,1.0,0,Adequada/adiantada (≥ 0)
RA-313,Aluno-313,4L,4L,15.0,Feminino,2022,Pública,8.751,9.666666666666666,5.63,7.8125,4.833333333333333,8.1675,5.0,Fase 5 (1° EM),-1,Cursando,7.2528500000000005,Ametista,2024,4.0,2.0,1,Moderada (−1 fase)
RA-314,Aluno-314,3,N,13.0,Menina,2022,Escola Pública,5.4,5.4,5.0,,5.3,6.0,10.0,Fase 3 (7º e 8º ano),0,,6.1,Ágata,2022,3.0,0.0,0,Adequada/adiantada (≥ 0)
RA-315,Aluno-315,3,N,13.0,Menina,2022,Escola Pública,6.7,5.1,7.5,,3.0,5.056,10.0,Fase 3 (7º e 8º ano),0,,5.672,Quartzo,2022,3.0,0.0,0,Adequada/adiantada (≥ 0)
RA-315,Aluno-315,FASE 3,3N,,Feminino,2022,Pública,0.0,6.8,5.0,7.96875,6.3,7.8375,5.0,Fase 4 (9° ano),-1,,5.977708333,Quartzo,2023,3.0,1.0,1,Moderada (−1 fase)
RA-315,Aluno-315,4M,4M,15.0,Feminino,2022,Pública,0.0,5.918518518666667,7.51,7.5,6.833333333333333,7.6275,5.0,Fase 5 (1° EM),-1,Cursando,6.0768703704,Ágata,2024,4.0,2.0,1,Moderada (−1 fase)
RA-316,Aluno-316,3,N,14.0,Menina,2022,Escola Pública,10.0,10.0,6.9,,6.1,8.389,5.0,Fase 4 (9º ano),-1,,7.889,Ametista,2022,3.0,0.0,1,Moderada (−1 fase)
RA-316,Aluno-316,FASE 4,4M,14.0,Feminino,2022,Pública,10.0,9.5,7.52,8.59375,5.7,8.96,10.0,Fase 4 (9° ano),0,,8.436908333,Topázio,2023,4.0,1.0,0,Adequada/adiantada (≥ 0)
RA-316,Aluno-316,5M,5M,15.0,Feminino,2022,Privada - Programa de Apadrinhamento,9.168,10.0,7.51,7.65625,8.0,8.3775,10.0,Fase 5 (1° EM),0,Cursando,8.708925,Topázio,2024,5.0,2.0,0,Adequada/adiantada (≥ 0)
RA-317,Aluno-317,3,N,13.0,Menino,2021,Escola Pública,8.8,5.6,7.5,,6.8,5.944,10.0,Fase 3 (7º e 8º ano),0,,7.04,Ametista,2022,3.0,1.0,0,Adequada/adiantada (≥ 0)
RA-318,Aluno-318,3,N,14.0,Menina,2019,Escola Pública,8.3,6.9,6.9,,5.8,6.111,5.0,Fase 4 (9º ano),-1,,6.527,Ágata,2022,3.0,3.0,1,Moderada (−1 fase)
RA-318,Aluno-318,FASE 4,4M,15.0,Feminino,2019,Pública,7.9,8.1,6.26,7.96875,4.9,7.71,5.0,Fase 5 (1° EM),-1,,6.856575,Ágata,2023,4.0,4.0,1,Moderada (−1 fase)
RA-318,Aluno-318,5L,5L,16.0,Feminino,2021,Pública,7.917,9.129629629666667,7.51,7.34375,4.666666666666667,7.443333333,5.0,Fase 6 (2° EM),-1,Cursando,7.025000925866668,Ametista,2024,5.0,3.0,1,Moderada (−1 fase)
RA-319,Aluno-319,3,N,13.0,Menino,2022,Escola Pública,9.2,7.7,7.5,,5.2,7.5,10.0,Fase 3 (7º e 8º ano),0,,7.448,Ametista,2022,3.0,0.0,0,Adequada/adiantada (≥ 0)
RA-319,Aluno-319,FASE 4,4N,,Masculino,2022,Concluiu o 3º EM,9.6,9.2,5.0,8.59375,7.2,8.88,10.0,Fase 4 (9° ano),0,,8.367208333,Topázio,2023,4.0,1.0,0,Adequada/adiantada (≥ 0)
RA-319,Aluno-319,5L,5L,15.0,Masculino,2022,Pública,9.585,9.024122807,7.51,7.34375,5.833333333333333,7.666666667,10.0,Fase 5 (1° EM),0,Cursando,7.948699561466667,Ametista,2024,5.0,2.0,0,Adequada/adiantada (≥ 0)
RA-32,Aluno-32,6,A,16.0,Menina,2018,Rede Decisão,8.8,5.2,8.8,,6.1,7.944,10.0,Fase 6 (2º EM),0,,7.37,Ametista,2022,6.0,4.0,0,Adequada/adiantada (≥ 0)
RA-32,Aluno-32,FASE 7,7A,,Feminino,2018,Privada - Programa de Apadrinhamento,0.0,8.2,3.77,7.375,7.9,6.8775,10.0,Fase 7 (3° EM),0,,6.716666667,Ágata,2023,7.0,5.0,0,Adequada/adiantada (≥ 0)
RA-320,Aluno-320,3,N,14.0,Menina,2022,Escola Pública,8.8,10.0,6.9,,6.4,8.667,5.0,Fase 4 (9º ano),-1,,7.897,Ametista,2022,3.0,0.0,1,Moderada (−1 fase)
RA-320,Aluno-320,FASE 4,4M,14.0,Feminino,2022,Pública,9.2,9.9,7.52,8.59375,5.5,8.96,10.0,Fase 4 (9° ano),0,,8.393508333,Topázio,2023,4.0,1.0,0,Adequada/adiantada (≥ 0)
RA-320,Aluno-320,5M,5M,15.0,Feminino,2022,Privada - Programa de Apadrinhamento,9.168,10.0,7.51,7.65625,6.666666666666667,8.3775,10.0,Fase 5 (1° EM),0,Cursando,8.442258333333335,Topázio,2024,5.0,2.0,0,Adequada/adiantada (≥ 0)
RA-321,Aluno-321,3,N,12.0,Menina,2022,Escola Pública,9.2,9.1,5.6,,5.2,8.278,10.0,Fase 3 (7º e 8º ano),0,,7.792,Ametista,2022,3.0,0.0,0,Adequada/adiantada (≥ 0)
RA-321,Aluno-321,FASE 4,4N,13.0,Feminino,2022,Pública,8.3,9.4,2.52,8.125,6.2,8.42,10.0,Fase 3 (7° e 8° ano),1,,7.695233333,Ametista,2023,4.0,1.0,0,Adequada/adiantada (≥ 0)
RA-321,Aluno-321,5N,5N,14.0,Feminino,2022,Pública,7.917,9.534706331,6.26,8.125,7.166666666666667,7.776666667,10.0,Fase 4 (9° ano),1,Cursando,8.125807932933334,Topázio,2024,5.0,2.0,0,Adequada/adiantada (≥ 0)
RA-322,Aluno-322,3,N,13.0,Menina,2022,Escola Pública,7.1,8.1,5.0,,4.7,6.778,10.0,Fase 3 (7º e 8º ano),0,,6.859,Ágata,2022,3.0,0.0,0,Adequada/adiantada (≥ 0)
RA-322,Aluno-322,FASE 4,4N,14.0,Feminino,2022,Pública,6.7,8.3,2.52,7.96875,5.3,8.045,10.0,Fase 4 (9° ano),0,,7.037808333,Ametista,2023,4.0,1.0,0,Adequada/adiantada (≥ 0)
RA-323,Aluno-323,3,N,13.0,Menino,2022,Escola Pública,9.2,7.3,7.5,,3.4,6.611,10.0,Fase 3 (7º e 8º ano),0,,6.86,Ágata,2022,3.0,0.0,0,Adequada/adiantada (≥ 0)
RA-324,Aluno-324,2,A,10.0,Menina,2022,Escola Pública,10.0,9.3,6.9,,6.8,8.611,10.0,Fase 2 (5º e 6º ano),0,,8.27,Topázio,2022,2.0,0.0,0,Adequada/adiantada (≥ 0)
RA-324,Aluno-324,FASE 2,2D,,Feminino,2022,Pública,5.8,9.0,2.52,8.125,8.4,7.5875,10.0,Fase 2 (5° e 6° ano),0,,7.6354,Ametista,2023,2.0,1.0,0,Adequada/adiantada (≥ 0)
RA-325,Aluno-325,2,A,10.0,Menino,2022,Escola Pública,9.5,6.8,7.5,,6.0,8.444,10.0,Fase 2 (5º e 6º ano),0,,7.619,Ametista,2022,2.0,0.0,0,Adequada/adiantada (≥ 0)
RA-325,Aluno-325,FASE 2,2D,11.0,Masculino,2022,Pública,0.0,7.1,5.0,8.125,5.6,7.0025,10.0,Fase 2 (5° e 6° ano),0,,6.243,Ágata,2023,2.0,1.0,0,Adequada/adiantada (≥ 0)
RA-325,Aluno-325,3C,3C,12.0,Masculino,2022,Pública,9.168,9.866666666666667,7.51,8.333333333,7.0,7.553333333,10.0,Fase 3 (7° e 8° ano),0,Cursando,8.385133333233336,Topázio,2024,3.0,2.0,0,Adequada/adiantada (≥ 0)
RA-326,Aluno-326,2,A,12.0,Menina,2022,Escola Pública,10.0,9.7,5.0,,9.0,8.944,5.0,Fase 3 (7º e 8º ano),-1,,8.22,Topázio,2022,2.0,0.0,1,Moderada (−1 fase)
RA-326,Aluno-326,FASE 3,3A,13.0,Feminino,2022,Privada,9.6,9.4,3.14,9.0625,8.2,9.76,10.0,Fase 3 (7° e 8° ano),0,,8.65075,Topázio,2023,3.0,1.0,0,Adequada/adiantada (≥ 0)
RA-326,Aluno-326,4A,4A,14.0,Feminino,2022,Privada,9.168,8.973112128333334,6.26,8.875,9.333333333333334,8.704,10.0,Fase 3 (7° e 8° ano),1,Cursando,8.832389092333335,Topázio,2024,4.0,2.0,0,Adequada/adiantada (≥ 0)
RA-327,Aluno-327,2,A,11.0,Menino,2021,Escola Pública,8.5,8.8,7.5,,2.8,7.333,10.0,Fase 2 (5º e 6º ano),0,,6.986,Ágata,2022,2.0,1.0,0,Adequada/adiantada (≥ 0)
RA-328,Aluno-328,2,A,12.0,Menino,2020,Escola Pública,10.0,7.0,7.5,,5.3,7.5,5.0,Fase 3 (7º e 8º ano),-1,,6.823,Ágata,2022,2.0,2.0,1,Moderada (−1 fase)
RA-329,Aluno-329,2,A,11.0,Menino,2019,Escola Pública,7.4,6.9,4.4,,5.0,5.778,10.0,Fase 2 (5º e 6º ano),0,,6.313,Ágata,2022,2.0,3.0,0,Adequada/adiantada (≥ 0)
RA-33,Aluno-33,6,A,17.0,Menina,2020,Escola Pública,0.0,4.6,7.5,,4.8,6.0,5.0,Fase 7 (3º EM),-1,,4.952,Quartzo,2022,6.0,2.0,1,Moderada (−1 fase)
RA-330,Aluno-330,2,A,14.0,Menina,2018,Escola Pública,9.5,8.8,7.5,,2.5,7.056,5.0,Fase 4 (9º ano),-2,,6.446,Ágata,2022,2.0,4.0,1,Severa (≤ −2 fases)
RA-330,Aluno-330,FASE 3,3A,,Feminino,2018,Pública,9.6,7.2,6.89,6.71875,3.3,5.8275,5.0,Fase 5 (1° EM),-2,,6.084875,Ágata,2023,3.0,5.0,1,Severa (≤ −2 fases)
RA-331,Aluno-331,2,A,12.0,Menina,2019,Escola Pública,9.0,8.7,7.5,,3.7,6.944,5.0,Fase 3 (7º e 8º ano),-1,,6.636,Ágata,2022,2.0,3.0,1,Moderada (−1 fase)
RA-331,Aluno-331,FASE 3,3B,13.0,Feminino,2019,Pública,9.6,8.6,2.52,7.03125,5.2,6.7975,10.0,Fase 3 (7° e 8° ano),0,,7.039791667,Ametista,2023,3.0,4.0,0,Adequada/adiantada (≥ 0)
RA-331,Aluno-331,3B,3B,14.0,Feminino,2021,Pública,8.751,7.735353535333334,8.755,6.09375,3.5,5.62,5.0,Fase 4 (9° ano),-1,Cursando,6.231045707066668,Ágata,2024,3.0,3.0,1,Moderada (−1 fase)
RA-332,Aluno-332,2,A,13.0,Menino,2017,Rede Decisão,9.5,9.0,8.1,,7.5,8.5,5.0,Fase 3 (7º e 8º ano),-1,,7.883,Ametista,2022,2.0,5.0,1,Moderada (−1 fase)
RA-332,Aluno-332,FASE 3,3A,,Masculino,2017,Privada - Programa de Apadrinhamento,9.2,8.4,8.76,8.28125,6.8,9.175,5.0,Fase 4 (9° ano),-1,,8.002591667,Topázio,2023,3.0,6.0,1,Moderada (−1 fase)
RA-332,Aluno-332,4A,4A,15.0,Masculino,2021,Privada - Programa de Apadrinhamento,9.585,7.605358505000001,9.38,8.625,7.0,8.706,10.0,Fase 3 (7° e 8° ano),1,Cursando,8.421271701,Topázio,2024,4.0,3.0,0,Adequada/adiantada (≥ 0)
RA-333,Aluno-333,2,A,14.0,Menino,2018,Escola JP II,8.0,5.8,3.8,,2.9,6.722,5.0,Fase 4 (9º ano),-2,,5.249,Quartzo,2022,2.0,4.0,1,Severa (≤ −2 fases)
RA-334,Aluno-334,2,A,11.0,Menina,2019,Rede Decisão,6.9,9.2,4.4,,8.0,8.722,10.0,Fase 2 (5º e 6º ano),0,,7.961,Ametista,2022,2.0,3.0,0,Adequada/adiantada (≥ 0)
RA-335,Aluno-335,2,A,10.0,Menino,2022,Escola Pública,9.5,9.4,7.5,,7.4,6.833,10.0,Fase 2 (5º e 6º ano),0,,7.902,Ametista,2022,2.0,0.0,0,Adequada/adiantada (≥ 0)
RA-336,Aluno-336,2,A,13.0,Menino,2016,Escola Pública,9.5,8.5,4.4,,5.1,7.889,5.0,Fase 3 (7º e 8º ano),-1,,6.787,Ágata,2022,2.0,6.0,1,Moderada (−1 fase)
RA-336,Aluno-336,FASE 3,3B,14.0,Masculino,2016,Pública,0.0,7.5,6.89,7.34375,5.1,7.255,5.0,Fase 4 (9° ano),-1,,5.887708333,Quartzo,2023,3.0,7.0,1,Moderada (−1 fase)
RA-336,Aluno-336,4A,4A,15.0,Masculino,2021,Pública,7.5,5.512100409000001,6.26,7.5,5.833333333333333,7.196,10.0,Fase 4 (9° ano),0,Cursando,6.834286748466667,Ágata,2024,4.0,3.0,0,Adequada/adiantada (≥ 0)
RA-337,Aluno-337,2,B,11.0,Menino,2022,Escola Pública,10.0,9.3,7.5,,5.8,7.611,10.0,Fase 2 (5º e 6º ano),0,,7.914,Ametista,2022,2.0,0.0,0,Adequada/adiantada (≥ 0)
RA-338,Aluno-338,2,B,12.0,Menino,2019,Escola Pública,8.5,7.3,7.5,,5.8,7.611,5.0,Fase 3 (7º e 8º ano),-1,,6.837,Ágata,2022,2.0,3.0,1,Moderada (−1 fase)
RA-338,Aluno-338,FASE 3,3D,,Masculino,2019,Pública,8.3,9.1,7.52,8.59375,6.7,8.38,10.0,Fase 3 (7° e 8° ano),0,,8.287441667,Topázio,2023,3.0,4.0,0,Adequada/adiantada (≥ 0)
RA-338,Aluno-338,4B,4B,14.0,Masculino,2021,Pública,9.168,7.441643324,7.51,7.625,6.833333333333333,8.8375,10.0,Fase 4 (9° ano),0,Cursando,8.052795331466667,Topázio,2024,4.0,3.0,0,Adequada/adiantada (≥ 0)
RA-339,Aluno-339,2,B,11.0,Menina,2019,Escola Pública,6.9,9.9,7.5,,8.1,8.889,10.0,Fase 2 (5º e 6º ano),0,,8.488,Topázio,2022,2.0,3.0,0,Adequada/adiantada (≥ 0)
RA-339,Aluno-339,FASE 3,3D,,Feminino,2019,Pública,0.0,8.9,7.52,7.8125,7.1,8.255,10.0,Fase 3 (7° e 8° ano),0,,7.377583333,Ametista,2023,3.0,4.0,0,Adequada/adiantada (≥ 0)
RA-339,Aluno-339,4A,4A,13.0,Feminino,2021,Pública,7.5,7.155537064000001,5.635,8.0,8.166666666666666,7.668,10.0,Fase 3 (7° e 8° ano),1,Cursando,7.711540746133334,Ametista,2024,4.0,3.0,0,Adequada/adiantada (≥ 0)
RA-34,Aluno-34,6,A,17.0,Menino,2016,Rede Decisão,9.6,4.8,8.1,,3.8,7.278,5.0,Fase 7 (3º EM),-1,,6.259,Ágata,2022,6.0,6.0,1,Moderada (−1 fase)
RA-34,Aluno-34,FASE 8,8E,,Masculino,2016,Privada *Parcerias com Bolsa 100%,,,,,,,10.0,Fase 8 (Universitários),0,,,,2023,8.0,7.0,0,Adequada/adiantada (≥ 0)
RA-340,Aluno-340,2,B,11.0,Menino,2017,Escola Pública,9.0,8.2,7.5,,6.5,7.667,10.0,Fase 2 (5º e 6º ano),0,,7.721,Ametista,2022,2.0,5.0,0,Adequada/adiantada (≥ 0)
RA-340,Aluno-340,FASE 2,2B,,Masculino,2017,Pública,0.0,9.6,2.52,9.166666667,8.9,8.505,5.0,Fase 3 (7° e 8° ano),-1,,7.059666667,Ametista,2023,2.0,6.0,1,Moderada (−1 fase)
RA-340,Aluno-340,3D,3D,13.0,Masculino,2021,Pública,7.917,6.585769980666666,7.51,6.5625,5.166666666666667,5.83,10.0,Fase 3 (7° e 8° ano),0,Cursando,6.715437329466668,Ágata,2024,3.0,3.0,0,Adequada/adiantada (≥ 0)
RA-341,Aluno-341,2,B,12.0,Menino,2022,Escola Pública,8.0,7.7,7.5,,5.8,7.5,5.0,Fase 3 (7º e 8º ano),-1,,6.854,Ágata,2022,2.0,0.0,1,Moderada (−1 fase)
RA-342,Aluno-342,2,B,14.0,Menina,2021,Escola Pública,9.0,6.7,7.5,,6.6,7.5,5.0,Fase 4 (9º ano),-2,,6.941,Ágata,2022,2.0,1.0,1,Severa (≤ −2 fases)
RA-342,Aluno-342,FASE 3,3D,15.0,Feminino,2021,Pública,7.5,8.6,7.52,7.96875,6.6,8.505,5.0,Fase 5 (1° EM),-2,,7.539875,Ametista,2023,3.0,2.0,1,Severa (≤ −2 fases)
RA-342,Aluno-342,4C,4C,16.0,Feminino,2021,Pública,8.751,7.728174603333334,6.26,7.65625,4.5,7.723333333,5.0,Fase 5 (1° EM),-1,Cursando,6.757026587266667,Ágata,2024,4.0,3.0,1,Moderada (−1 fase)
RA-343,Aluno-343,2,B,14.0,Menino,2020,Escola Pública,9.5,7.4,7.5,,5.9,7.167,5.0,Fase 4 (9º ano),-2,,6.9,Ágata,2022,2.0,2.0,1,Severa (≤ −2 fases)
RA-343,Aluno-343,FASE 3,3B,,Masculino,2020,Pública,9.2,7.2,6.26,7.65625,5.7,6.9225,5.0,Fase 5 (1° EM),-2,,6.779591667,Ágata,2023,3.0,3.0,1,Severa (≤ −2 fases)
RA-344,Aluno-344,2,B,11.0,Menino,2019,Escola Pública,8.5,8.3,7.5,,4.5,7.5,10.0,Fase 2 (5º e 6º ano),0,,7.263,Ametista,2022,2.0,3.0,0,Adequada/adiantada (≥ 0)
RA-345,Aluno-345,2,B,13.0,Menino,2021,Escola Pública,9.5,5.4,5.6,,3.6,6.667,5.0,Fase 3 (7º e 8º ano),-1,,5.75,Quartzo,2022,2.0,1.0,1,Moderada (−1 fase)
RA-345,Aluno-345,FASE 3,3B,,Masculino,2021,Pública,8.8,6.8,6.26,8.125,4.6,7.1725,5.0,Fase 4 (9° ano),-1,,6.534766667,Ágata,2023,3.0,2.0,1,Moderada (−1 fase)
RA-346,Aluno-346,2,B,10.0,Menino,2022,Escola Pública,10.0,9.1,7.5,,7.0,7.889,10.0,Fase 2 (5º e 6º ano),0,,8.143,Topázio,2022,2.0,0.0,0,Adequada/adiantada (≥ 0)
RA-346,Aluno-346,FASE 3,3B,,Masculino,2022,Pública,0.0,9.4,8.14,7.96875,6.2,7.84,10.0,Fase 2 (5° e 6° ano),1,,7.305541667,Ametista,2023,3.0,1.0,0,Adequada/adiantada (≥ 0)
RA-346,Aluno-346,3A,3A,12.0,Masculino,2022,Pública,10.002,9.149206349333333,2.51,7.96875,6.166666666666667,8.2525,10.0,Fase 3 (7° e 8° ano),0,Cursando,7.761749603200001,Ametista,2024,3.0,2.0,0,Adequada/adiantada (≥ 0)
RA-347,Aluno-347,2,B,12.0,Menina,2019,Escola Pública,9.0,10.0,5.6,,8.5,8.0,5.0,Fase 3 (7º e 8º ano),-1,,7.908,Ametista,2022,2.0,3.0,1,Moderada (−1 fase)
RA-347,Aluno-347,FASE 3,3D,13.0,Feminino,2019,Pública,6.7,9.5,2.52,7.8125,7.3,7.7925,10.0,Fase 3 (7° e 8° ano),0,,7.61835,Ametista,2023,3.0,4.0,0,Adequada/adiantada (≥ 0)
RA-347,Aluno-347,4A,4A,14.0,Feminino,2021,Pública,8.751,9.673046251999999,6.885,8.0,7.666666666666667,7.766,10.0,Fase 3 (7° e 8° ano),1,Cursando,8.384742583733333,Topázio,2024,4.0,3.0,0,Adequada/adiantada (≥ 0)
RA-348,Aluno-348,2,B,12.0,Menino,2022,Escola Pública,9.0,8.7,7.5,,1.8,5.833,5.0,Fase 3 (7º e 8º ano),-1,,5.864,Quartzo,2022,2.0,0.0,1,Moderada (−1 fase)
RA-348,Aluno-348,FASE 2,2B,,Masculino,2022,Pública,10.0,8.7,2.52,8.541666667,4.4,8.0075,5.0,Fase 3 (7° e 8° ano),-1,,6.817866667,Ágata,2023,2.0,1.0,1,Moderada (−1 fase)
RA-349,Aluno-349,2,B,12.0,Menino,2021,Escola Pública,9.5,7.7,7.5,,3.7,3.944,5.0,Fase 3 (7º e 8º ano),-1,,5.658,Quartzo,2022,2.0,1.0,1,Moderada (−1 fase)
RA-35,Aluno-35,6,A,17.0,Menina,2019,Rede Decisão,10.0,9.6,9.4,,8.5,10.0,5.0,Fase 7 (3º EM),-1,,8.965,Topázio,2022,6.0,3.0,1,Moderada (−1 fase)
RA-35,Aluno-35,FASE 8,8E,18.0,Feminino,2019,Privada *Parcerias com Bolsa 100%,,,,,,,10.0,Fase 8 (Universitários),0,,,,2023,8.0,4.0,0,Adequada/adiantada (≥ 0)
RA-35,Aluno-35,8E,8E,19.0,Feminino,2021,Privada *Parcerias com Bolsa 100%,,0.0,,,,,10.0,Fase 8 (Universitários),0,Cursando,,,2024,8.0,3.0,0,Adequada/adiantada (≥ 0)
RA-350,Aluno-350,2,D,11.0,Menina,2022,Escola Pública,10.0,8.8,7.5,,6.5,8.611,10.0,Fase 2 (5º e 6º ano),0,,8.206,Topázio,2022,2.0,0.0,0,Adequada/adiantada (≥ 0)
RA-350,Aluno-350,FASE 2,2D,,Feminino,2022,Pública,10.0,9.7,2.52,8.958333333,9.0,7.92,5.0,Fase 3 (7° e 8° ano),-1,,7.972033333,Ametista,2023,2.0,1.0,1,Moderada (−1 fase)
RA-351,Aluno-351,2,D,14.0,Menino,2022,Escola Pública,9.0,7.2,7.5,,4.0,8.111,5.0,Fase 4 (9º ano),-2,,6.622,Ágata,2022,2.0,0.0,1,Severa (≤ −2 fases)
RA-352,Aluno-352,2,D,11.0,Menino,2019,Escola Pública,9.0,8.1,5.6,,7.0,8.389,10.0,Fase 2 (5º e 6º ano),0,,7.834,Ametista,2022,2.0,3.0,0,Adequada/adiantada (≥ 0)
RA-352,Aluno-352,FASE 3,3B,12.0,Masculino,2019,Pública,9.2,8.1,6.26,7.96875,7.2,7.17,10.0,Fase 3 (7° e 8° ano),0,,7.840341667,Ametista,2023,3.0,4.0,0,Adequada/adiantada (≥ 0)
RA-352,Aluno-352,4B,4B,13.0,Masculino,2021,Pública,8.334,4.453748006333333,6.26,6.375,3.1666666666666665,6.7925,10.0,Fase 3 (7° e 8° ano),1,Cursando,5.9794829346,Quartzo,2024,4.0,3.0,0,Adequada/adiantada (≥ 0)
RA-353,Aluno-353,2,D,11.0,Menina,2022,Escola Pública,7.0,10.0,7.5,,7.5,8.444,10.0,Fase 2 (5º e 6º ano),0,,8.264,Topázio,2022,2.0,0.0,0,Adequada/adiantada (≥ 0)
RA-353,Aluno-353,FASE 3,3D,12.0,Feminino,2022,Pública,8.8,9.9,2.52,7.8125,8.4,8.67,10.0,Fase 3 (7° e 8° ano),0,,8.309016667,Topázio,2023,3.0,1.0,0,Adequada/adiantada (≥ 0)
RA-354,Aluno-354,2,D,13.0,Menina,2018,Escola Pública,8.5,4.3,7.5,,4.5,7.333,5.0,Fase 3 (7º e 8º ano),-1,,5.858,Quartzo,2022,2.0,4.0,1,Moderada (−1 fase)
RA-355,Aluno-355,2,D,12.0,Menina,2018,Escola Pública,5.8,5.0,7.5,,4.5,6.056,5.0,Fase 3 (7º e 8º ano),-1,,5.379,Quartzo,2022,2.0,4.0,1,Moderada (−1 fase)
RA-356,Aluno-356,2,D,12.0,Menino,2019,Escola Pública,10.0,8.4,5.0,,4.6,8.278,5.0,Fase 3 (7º e 8º ano),-1,,6.69,Ágata,2022,2.0,3.0,1,Moderada (−1 fase)
RA-356,Aluno-356,FASE 3,3C,,Masculino,2019,Pública,9.2,8.5,2.52,6.09375,3.4,6.5025,10.0,Fase 3 (7° e 8° ano),0,,6.452008333,Ágata,2023,3.0,4.0,0,Adequada/adiantada (≥ 0)
RA-356,Aluno-356,4B,4B,14.0,Masculino,2021,Pública,8.334,6.656346749333334,5.635,5.25,5.333333333333333,6.5375,10.0,Fase 3 (7° e 8° ano),1,Cursando,6.627336016533334,Ágata,2024,4.0,3.0,0,Adequada/adiantada (≥ 0)
RA-357,Aluno-357,2,D,12.0,Menino,2022,Escola Pública,8.0,9.6,7.5,,8.5,7.778,5.0,Fase 3 (7º e 8º ano),-1,,7.836,Ametista,2022,2.0,0.0,1,Moderada (−1 fase)
RA-357,Aluno-357,FASE 2,2I,13.0,Masculino,2022,Pública,8.5,9.6,7.52,8.75,8.7,8.23,5.0,Fase 3 (7° e 8° ano),-1,,8.2832,Topázio,2023,2.0,1.0,1,Moderada (−1 fase)
RA-357,Aluno-357,3I,3I,14.0,Masculino,2022,Pública,8.751,9.028180354333333,8.135,7.875,7.666666666666667,7.0825,5.0,Fase 4 (9° ano),-1,Cursando,7.731569404200001,Ametista,2024,3.0,2.0,1,Moderada (−1 fase)
RA-358,Aluno-358,2,D,13.0,Menino,2022,Escola Pública,7.5,6.5,7.5,,0.0,7.556,5.0,Fase 3 (7º e 8º ano),-1,,5.412,Quartzo,2022,2.0,0.0,1,Moderada (−1 fase)
RA-359,Aluno-359,2,D,12.0,Menina,2019,Escola Pública,9.0,7.0,7.5,,4.6,7.5,5.0,Fase 3 (7º e 8º ano),-1,,6.606,Ágata,2022,2.0,3.0,1,Moderada (−1 fase)
RA-359,Aluno-359,FASE 3,3C,13.0,Feminino,2019,Pública,9.6,9.2,2.52,7.65625,5.8,8.255,10.0,Fase 3 (7° e 8° ano),0,,7.627125,Ametista,2023,3.0,4.0,0,Adequada/adiantada (≥ 0)
RA-359,Aluno-359,4C,4C,14.0,Feminino,2021,Pública,9.168,7.162698412666667,6.26,7.5,5.5,8.333333333,10.0,Fase 3 (7° e 8° ano),1,Cursando,7.492006349133335,Ametista,2024,4.0,3.0,0,Adequada/adiantada (≥ 0)
RA-36,Aluno-36,6,A,17.0,Menina,2019,Rede Decisão,9.2,9.0,6.9,,6.8,8.944,5.0,Fase 7 (3º EM),-1,,7.876,Ametista,2022,6.0,3.0,1,Moderada (−1 fase)
RA-36,Aluno-36,FASE 8,8E,18.0,Feminino,2019,Privada *Parcerias com Bolsa 100%,,,,,,,10.0,Fase 8 (Universitários),0,,,,2023,8.0,4.0,0,Adequada/adiantada (≥ 0)
RA-36,Aluno-36,8E,8E,19.0,Feminino,2021,Privada *Parcerias com Bolsa 100%,,0.0,,,,,10.0,Fase 8 (Universitários),0,Cursando,,,2024,8.0,3.0,0,Adequada/adiantada (≥ 0)
RA-360,Aluno-360,2,D,12.0,Menina,2019,Escola Pública,9.5,8.5,7.5,,5.2,7.5,5.0,Fase 3 (7º e 8º ano),-1,,7.075,Ametista,2022,2.0,3.0,1,Moderada (−1 fase)
RA-360,Aluno-360,FASE 3,3C,13.0,Feminino,2019,Pública,0.0,7.3,2.52,7.34375,4.3,7.4225,10.0,Fase 3 (7° e 8° ano),0,,5.790875,Quartzo,2023,3.0,4.0,0,Adequada/adiantada (≥ 0)
RA-360,Aluno-360,3C,3C,14.0,Feminino,2021,Pública,8.334,5.618045113,5.0,7.708333333,5.833333333333333,6.993333333,5.0,Fase 4 (9° ano),-1,Cursando,6.293175689166667,Ágata,2024,3.0,3.0,1,Moderada (−1 fase)
RA-361,Aluno-361,2,F,13.0,Menina,2022,Escola Pública,7.9,9.2,6.3,,5.0,6.778,5.0,Fase 3 (7º e 8º ano),-1,,6.731,Ágata,2022,2.0,0.0,1,Moderada (−1 fase)
RA-362,Aluno-362,2,F,12.0,Menina,2018,Escola Pública,8.5,7.9,7.5,,7.9,7.5,5.0,Fase 3 (7º e 8º ano),-1,,7.413,Ametista,2022,2.0,4.0,1,Moderada (−1 fase)
RA-362,Aluno-362,FASE 3,3G,13.0,Feminino,2018,Pública,0.0,7.5,7.52,7.03125,5.1,7.0875,10.0,Fase 3 (7° e 8° ano),0,,6.392625,Ágata,2023,3.0,5.0,0,Adequada/adiantada (≥ 0)
RA-363,Aluno-363,2,F,12.0,Menino,2022,Escola Pública,10.0,10.0,6.9,,2.0,7.056,5.0,Fase 3 (7º e 8º ano),-1,,6.644,Ágata,2022,2.0,0.0,1,Moderada (−1 fase)
RA-363,Aluno-363,FASE 2,2F,13.0,Masculino,2022,Pública,0.0,9.9,2.52,8.541666667,6.8,8.673333333,5.0,Fase 3 (7° e 8° ano),-1,,6.680833333,Ágata,2023,2.0,1.0,1,Moderada (−1 fase)
RA-363,Aluno-363,3D,3D,14.0,Masculino,2022,Privada,9.585,9.523809524,5.625,7.34375,5.333333333333333,6.955,10.0,Fase 3 (7° e 8° ano),0,Cursando,7.617803571466666,Ametista,2024,3.0,2.0,0,Adequada/adiantada (≥ 0)
RA-364,Aluno-364,2,F,11.0,Menino,2019,Escola Pública,9.5,10.0,7.5,,8.8,8.167,10.0,Fase 2 (5º e 6º ano),0,,8.75,Topázio,2022,2.0,3.0,0,Adequada/adiantada (≥ 0)
RA-364,Aluno-364,FASE 3,3G,,Masculino,2019,Pública,8.8,9.0,6.89,7.03125,5.8,7.505,10.0,Fase 3 (7° e 8° ano),0,,7.734891667,Ametista,2023,3.0,4.0,0,Adequada/adiantada (≥ 0)
RA-364,Aluno-364,3G,3G,13.0,Masculino,2021,Pública,8.751,9.526143791,7.51,7.96875,7.5,7.2075,10.0,Fase 3 (7° e 8° ano),0,Cursando,8.2697037582,Topázio,2024,3.0,3.0,0,Adequada/adiantada (≥ 0)
RA-365,Aluno-365,2,F,10.0,Menina,2022,Escola Pública,8.0,10.0,5.0,,7.8,7.833,10.0,Fase 2 (5º e 6º ano),0,,8.063,Topázio,2022,2.0,0.0,0,Adequada/adiantada (≥ 0)
RA-365,Aluno-365,FASE 2,2G,10.0,Feminino,2022,Pública,10.0,9.9,2.52,8.958333333,8.7,8.953333333,10.0,Fase 2 (5° e 6° ano),0,,8.6587,Topázio,2023,2.0,1.0,0,Adequada/adiantada (≥ 0)
RA-365,Aluno-365,3H,3H,11.0,Feminino,2022,Pública,9.585,10.0,7.51,8.4375,6.666666666666667,8.202,10.0,Fase 2 (5° e 6° ano),1,Cursando,8.526983333333334,Topázio,2024,3.0,2.0,0,Adequada/adiantada (≥ 0)
RA-366,Aluno-366,2,F,12.0,Menino,2022,Escola Pública,9.5,9.4,7.5,,5.5,6.833,5.0,Fase 3 (7º e 8º ano),-1,,7.181,Ametista,2022,2.0,0.0,1,Moderada (−1 fase)
RA-367,Aluno-367,2,F,12.0,Menina,2018,Escola Pública,8.5,7.4,6.3,,6.7,7.5,5.0,Fase 3 (7º e 8º ano),-1,,6.95,Ágata,2022,2.0,4.0,1,Moderada (−1 fase)
RA-367,Aluno-367,FASE 3,3F,12.0,Feminino,2018,Pública,8.8,8.7,2.52,7.8125,5.9,7.7925,10.0,Fase 3 (7° e 8° ano),0,,7.38685,Ametista,2023,3.0,5.0,0,Adequada/adiantada (≥ 0)
RA-367,Aluno-367,4B,4B,13.0,Feminino,2021,Pública,9.168,7.268170426,6.26,6.875,5.0,7.6275,10.0,Fase 3 (7° e 8° ano),1,Cursando,7.209434085200001,Ametista,2024,4.0,3.0,0,Adequada/adiantada (≥ 0)
RA-368,Aluno-368,2,F,13.0,Menino,2018,Rede Decisão,8.0,7.9,5.0,,7.3,7.5,5.0,Fase 3 (7º e 8º ano),-1,,6.969,Ágata,2022,2.0,4.0,1,Moderada (−1 fase)
RA-368,Aluno-368,FASE 3,3F,,Masculino,2018,Pública,0.0,7.7,2.52,7.03125,6.7,7.34,5.0,Fase 4 (9° ano),-1,,5.796458333,Quartzo,2023,3.0,5.0,1,Moderada (−1 fase)
RA-368,Aluno-368,3G,3G,15.0,Masculino,2021,Pública,7.917,6.166666666666667,7.51,7.65625,7.0,6.7025,5.0,Fase 4 (9° ano),-1,Cursando,6.782158333333333,Ágata,2024,3.0,3.0,1,Moderada (−1 fase)
RA-369,Aluno-369,2,F,11.0,Menino,2022,Escola Pública,9.0,6.9,7.5,,4.8,6.889,10.0,Fase 2 (5º e 6º ano),0,,6.973,Ágata,2022,2.0,0.0,0,Adequada/adiantada (≥ 0)
RA-369,Aluno-369,FASE 2,2F,,Masculino,2022,Pública,10.0,4.1,5.0,8.541666667,4.0,7.726666667,5.0,Fase 3 (7° e 8° ano),-1,,6.0197,Ágata,2023,2.0,1.0,1,Moderada (−1 fase)
RA-369,Aluno-369,3H,3H,13.0,Masculino,2022,Pública,8.751,4.908119658333334,7.51,6.40625,1.6666666666666667,5.428,10.0,Fase 3 (7° e 8° ano),0,Cursando,5.667282265,Quartzo,2024,3.0,2.0,0,Adequada/adiantada (≥ 0)
RA-37,Aluno-37,6,A,17.0,Menina,2019,Rede Decisão,0.0,5.4,5.0,,5.9,5.222,5.0,Fase 7 (3º EM),-1,,4.95,Quartzo,2022,6.0,3.0,1,Moderada (−1 fase)
RA-370,Aluno-370,2,F,12.0,Menina,2018,Rede Decisão,8.5,8.2,5.0,,7.2,7.611,5.0,Fase 3 (7º e 8º ano),-1,,7.066,Ametista,2022,2.0,4.0,1,Moderada (−1 fase)
RA-371,Aluno-371,2,F,10.0,Menina,2022,Escola Pública,9.5,8.0,6.9,,8.4,7.667,10.0,Fase 2 (5º e 6º ano),0,,8.112,Topázio,2022,2.0,0.0,0,Adequada/adiantada (≥ 0)
RA-372,Aluno-372,2,F,10.0,Menino,2021,Escola Pública,8.5,5.5,6.9,,7.8,7.389,10.0,Fase 2 (5º e 6º ano),0,,7.304,Ametista,2022,2.0,1.0,0,Adequada/adiantada (≥ 0)
RA-373,Aluno-373,2,F,11.0,Menino,2022,Escola Pública,6.4,9.5,5.0,,7.3,6.944,10.0,Fase 2 (5º e 6º ano),0,,7.503,Ametista,2022,2.0,0.0,0,Adequada/adiantada (≥ 0)
RA-373,Aluno-373,FASE 2,2G,,Masculino,2022,Pública,0.0,9.7,2.52,8.75,8.4,7.84,5.0,Fase 3 (7° e 8° ano),-1,,6.805,Ágata,2023,2.0,1.0,1,Moderada (−1 fase)
RA-374,Aluno-374,2,F,12.0,Menina,2021,Escola Pública,9.0,9.8,7.5,,6.9,7.944,5.0,Fase 3 (7º e 8º ano),-1,,7.747,Ametista,2022,2.0,1.0,1,Moderada (−1 fase)
RA-374,Aluno-374,FASE 3,3F,13.0,Feminino,2021,Privada,8.8,8.3,5.63,7.65625,5.4,7.9175,10.0,Fase 3 (7° e 8° ano),0,,7.533891667,Ametista,2023,3.0,2.0,0,Adequada/adiantada (≥ 0)
RA-375,Aluno-375,2,F,11.0,Menino,2019,Escola Pública,9.0,9.5,7.5,,5.4,7.667,10.0,Fase 2 (5º e 6º ano),0,,7.831,Ametista,2022,2.0,3.0,0,Adequada/adiantada (≥ 0)
RA-375,Aluno-375,FASE 2,2F,12.0,Masculino,2019,Pública,0.0,9.9,5.0,8.541666667,7.9,8.283333333,5.0,Fase 3 (7° e 8° ano),-1,,7.070833333,Ametista,2023,2.0,4.0,1,Moderada (−1 fase)
RA-375,Aluno-375,3H,3H,13.0,Masculino,2021,Pública,9.585,9.443589743666667,7.51,7.1875,6.833333333333333,6.432,10.0,Fase 3 (7° e 8° ano),0,Cursando,7.970034615400001,Ametista,2024,3.0,3.0,0,Adequada/adiantada (≥ 0)
RA-376,Aluno-376,2,F,12.0,Menina,2019,Escola Pública,9.0,9.0,7.5,,4.3,7.5,5.0,Fase 3 (7º e 8º ano),-1,,6.957,Ágata,2022,2.0,3.0,1,Moderada (−1 fase)
RA-376,Aluno-376,FASE 2,2F,,Feminino,2019,Pública,8.5,9.6,2.52,7.916666667,5.9,8.226666667,5.0,Fase 3 (7° e 8° ano),-1,,7.1392,Ametista,2023,2.0,4.0,1,Moderada (−1 fase)
RA-376,Aluno-376,3G,3G,14.0,Feminino,2021,Pública,10.002,8.287284610666667,2.51,6.5625,2.8333333333333335,6.325,5.0,Fase 4 (9° ano),-1,Cursando,5.896573588800001,Quartzo,2024,3.0,3.0,1,Moderada (−1 fase)
RA-377,Aluno-377,2,F,12.0,Menina,2021,Escola Pública,9.0,7.7,5.6,,6.2,6.833,5.0,Fase 3 (7º e 8º ano),-1,,6.743,Ágata,2022,2.0,1.0,1,Moderada (−1 fase)
RA-377,Aluno-377,FASE 3,3F,13.0,Feminino,2021,Pública,9.6,7.6,5.0,7.34375,4.8,7.6275,10.0,Fase 3 (7° e 8° ano),0,,7.205041667,Ametista,2023,3.0,2.0,0,Adequada/adiantada (≥ 0)
RA-377,Aluno-377,4F,4F,14.0,Feminino,2021,Pública,9.168,7.698412698333333,7.51,7.125,5.166666666666667,7.634,10.0,Fase 4 (9° ano),0,Cursando,7.480115873000001,Ametista,2024,4.0,3.0,0,Adequada/adiantada (≥ 0)
RA-378,Aluno-378,2,I,12.0,Menino,2021,Escola Pública,9.0,6.8,5.6,,8.1,7.889,5.0,Fase 3 (7º e 8º ano),-1,,7.203,Ametista,2022,2.0,1.0,1,Moderada (−1 fase)
RA-379,Aluno-379,2,I,13.0,Menina,2022,Escola Pública,8.5,8.1,7.5,,5.0,6.778,5.0,Fase 3 (7º e 8º ano),-1,,6.722,Ágata,2022,2.0,0.0,1,Moderada (−1 fase)
RA-38,Aluno-38,6,A,17.0,Menina,2017,Rede Decisão,9.2,8.9,7.5,,8.6,9.833,5.0,Fase 7 (3º EM),-1,,8.523,Topázio,2022,6.0,5.0,1,Moderada (−1 fase)
RA-38,Aluno-38,FASE 7,7A,17.0,Feminino,2017,Privada - Programa de Apadrinhamento,9.6,9.7,7.52,8.75,7.7,8.8825,10.0,Fase 7 (3° EM),0,,8.835333333,Topázio,2023,7.0,6.0,0,Adequada/adiantada (≥ 0)
RA-38,Aluno-38,8F,8F,18.0,Feminino,2021,Privada - Programa de Apadrinhamento,,0.0,,,,,10.0,Fase 8 (Universitários),0,Cursando,,,2024,8.0,3.0,0,Adequada/adiantada (≥ 0)
RA-380,Aluno-380,2,I,13.0,Menino,2017,Escola Pública,7.9,4.4,5.0,,2.5,4.833,5.0,Fase 3 (7º e 8º ano),-1,,4.556,Quartzo,2022,2.0,5.0,1,Moderada (−1 fase)
RA-380,Aluno-380,FASE 3,3F,14.0,Masculino,2017,Pública,0.0,6.4,2.52,6.71875,4.5,6.5425,5.0,Fase 4 (9° ano),-1,,4.912375,Quartzo,2023,3.0,6.0,1,Moderada (−1 fase)
RA-381,Aluno-381,2,I,13.0,Menino,2018,Escola Pública,9.0,8.3,6.9,,3.3,6.944,5.0,Fase 3 (7º e 8º ano),-1,,6.454,Ágata,2022,2.0,4.0,1,Moderada (−1 fase)
RA-381,Aluno-381,FASE 3,3G,,Masculino,2018,Pública,0.0,8.4,6.89,7.34375,3.9,6.84,5.0,Fase 4 (9° ano),-1,,5.758041667,Quartzo,2023,3.0,5.0,1,Moderada (−1 fase)
RA-381,Aluno-381,3G,3G,15.0,Masculino,2021,Pública,8.334,6.133333333333333,7.51,6.71875,3.6666666666666665,6.1225,5.0,Fase 5 (1° EM),-2,Cursando,5.940775,Quartzo,2024,3.0,3.0,1,Severa (≤ −2 fases)
RA-382,Aluno-382,2,I,14.0,Menino,2017,Escola Pública,9.0,7.7,6.3,,5.4,7.333,5.0,Fase 4 (9º ano),-2,,6.777,Ágata,2022,2.0,5.0,1,Severa (≤ −2 fases)
RA-382,Aluno-382,FASE 3,3G,15.0,Masculino,2017,Pública,0.0,9.4,6.26,7.5,5.2,7.1725,5.0,Fase 5 (1° EM),-2,,6.223833333,Ágata,2023,3.0,6.0,1,Severa (≤ −2 fases)
RA-382,Aluno-382,4F,4F,16.0,Masculino,2021,Pública,9.168,6.324561403666666,5.63,6.75,3.0,6.43,5.0,Fase 5 (1° EM),-1,Cursando,5.805712280733333,Quartzo,2024,4.0,3.0,1,Moderada (−1 fase)
RA-383,Aluno-383,2,I,11.0,Menino,2019,Escola Pública,9.0,9.6,7.5,,8.1,7.778,10.0,Fase 2 (5º e 6º ano),0,,8.4,Topázio,2022,2.0,3.0,0,Adequada/adiantada (≥ 0)
RA-383,Aluno-383,FASE 3,3G,12.0,Masculino,2019,Pública,9.2,8.8,3.14,7.5,6.5,7.5,10.0,Fase 3 (7° e 8° ano),0,,7.5408,Ametista,2023,3.0,4.0,0,Adequada/adiantada (≥ 0)
RA-383,Aluno-383,4F,4F,13.0,Masculino,2021,Pública,9.168,8.600288600333334,7.51,7.875,5.833333333333333,8.47,10.0,Fase 3 (7° e 8° ano),1,Cursando,8.036024386733335,Topázio,2024,4.0,3.0,0,Adequada/adiantada (≥ 0)
RA-384,Aluno-384,2,I,12.0,Menina,2017,Escola Pública,9.0,8.4,6.3,,8.1,8.0,5.0,Fase 3 (7º e 8º ano),-1,,7.558,Ametista,2022,2.0,5.0,1,Moderada (−1 fase)
RA-384,Aluno-384,FASE 3,3G,,Feminino,2017,Pública,0.0,9.1,2.52,7.65625,7.3,7.335,10.0,Fase 3 (7° e 8° ano),0,,6.757958333,Ágata,2023,3.0,6.0,0,Adequada/adiantada (≥ 0)
RA-384,Aluno-384,4F,4F,14.0,Feminino,2021,Pública,7.5,8.607503607333333,7.51,7.625,7.5,7.936,10.0,Fase 4 (9° ano),0,Cursando,8.072200721466668,Topázio,2024,4.0,3.0,0,Adequada/adiantada (≥ 0)
RA-385,Aluno-385,2,I,12.0,Menina,2022,Escola Pública,7.4,7.5,5.0,,4.9,6.5,5.0,Fase 3 (7º e 8º ano),-1,,6.083,Ágata,2022,2.0,0.0,1,Moderada (−1 fase)
RA-386,Aluno-386,2,I,13.0,Menino,2019,Escola Pública,10.0,5.9,5.6,,4.0,7.222,5.0,Fase 3 (7º e 8º ano),-1,,6.104,Ágata,2022,2.0,3.0,1,Moderada (−1 fase)
RA-386,Aluno-386,FASE 3,3G,,Masculino,2019,Pública,9.2,7.0,2.52,7.03125,3.3,6.6325,5.0,Fase 4 (9° ano),-1,,5.758425,Quartzo,2023,3.0,4.0,1,Moderada (−1 fase)
RA-387,Aluno-387,2,I,13.0,Menino,2019,Escola Pública,7.0,8.2,7.5,,3.7,6.833,5.0,Fase 3 (7º e 8º ano),-1,,6.323,Ágata,2022,2.0,3.0,1,Moderada (−1 fase)
RA-387,Aluno-387,FASE 3,3F,14.0,Masculino,2019,Pública,0.0,6.8,2.52,6.875,3.0,7.0075,5.0,Fase 4 (9° ano),-1,,4.794333333,Quartzo,2023,3.0,4.0,1,Moderada (−1 fase)
RA-387,Aluno-387,3G,3G,15.0,Masculino,2021,Pública,7.5,7.166666666666667,7.51,6.25,4.333333333333333,5.9975,5.0,Fase 4 (9° ano),-1,Cursando,6.125500000000001,Ágata,2024,3.0,3.0,1,Moderada (−1 fase)
RA-388,Aluno-388,2,I,14.0,Menina,2019,Escola Pública,7.9,8.5,5.6,,4.5,7.722,5.0,Fase 4 (9º ano),-2,,6.654,Ágata,2022,2.0,3.0,1,Severa (≤ −2 fases)
RA-388,Aluno-388,FASE 3,3F,15.0,Feminino,2019,Pública,0.0,7.4,5.63,6.875,4.2,7.835,5.0,Fase 5 (1° EM),-2,,5.630833333,Quartzo,2023,3.0,4.0,1,Severa (≤ −2 fases)
RA-388,Aluno-388,4F,4F,16.0,Feminino,2021,Pública,7.5,6.349206349,7.51,6.75,4.333333333333333,5.764,5.0,Fase 5 (1° EM),-1,Cursando,5.965307936466667,Quartzo,2024,4.0,3.0,1,Moderada (−1 fase)
RA-389,Aluno-389,2,I,11.0,Menino,2019,Escola Pública,8.0,8.9,7.5,,3.5,7.556,10.0,Fase 2 (5º e 6º ano),0,,7.184,Ametista,2022,2.0,3.0,0,Adequada/adiantada (≥ 0)
RA-389,Aluno-389,FASE 2,2H,,Masculino,2019,Pública,0.0,8.2,2.52,8.75,8.2,8.95,5.0,Fase 3 (7° e 8° ano),-1,,6.687,Ágata,2023,2.0,4.0,1,Moderada (−1 fase)
RA-389,Aluno-389,3G,3G,13.0,Masculino,2021,Pública,9.585,6.674358974333333,8.76,6.5625,5.166666666666667,6.745,10.0,Fase 3 (7° e 8° ano),0,Cursando,7.2079551282,Ametista,2024,3.0,3.0,0,Adequada/adiantada (≥ 0)
RA-39,Aluno-39,6,A,16.0,Menina,2017,Rede Decisão,0.0,4.8,6.9,,6.9,6.111,10.0,Fase 6 (2º EM),0,,6.033,Ágata,2022,6.0,5.0,0,Adequada/adiantada (≥ 0)
RA-39,Aluno-39,FASE 7,7A,17.0,Feminino,2017,Privada - Programa de Apadrinhamento,9.6,9.1,7.52,8.75,7.8,8.7575,10.0,Fase 7 (3° EM),0,,8.710333333,Topázio,2023,7.0,6.0,0,Adequada/adiantada (≥ 0)
RA-39,Aluno-39,8F,8F,18.0,Feminino,2021,Privada *Parcerias com Bolsa 100%,,0.0,,,,,10.0,Fase 8 (Universitários),0,Cursando,,,2024,8.0,3.0,0,Adequada/adiantada (≥ 0)
RA-390,Aluno-390,2,I,12.0,Menina,2022,Escola Pública,7.4,8.8,6.3,,4.7,7.722,5.0,Fase 3 (7º e 8º ano),-1,,6.776,Ágata,2022,2.0,0.0,1,Moderada (−1 fase)
RA-390,Aluno-390,FASE 3,3G,,Feminino,2022,Pública,7.9,8.8,2.52,7.34375,4.8,7.005,10.0,Fase 3 (7° e 8° ano),0,,6.905741667,Ágata,2023,3.0,1.0,0,Adequada/adiantada (≥ 0)
RA-390,Aluno-390,3G,3G,13.0,Feminino,2022,Pública,7.5,6.080701754333333,8.755,6.5625,4.166666666666667,6.08,10.0,Fase 3 (7° e 8° ano),0,Cursando,6.5472236842000004,Ágata,2024,3.0,2.0,0,Adequada/adiantada (≥ 0)
RA-391,Aluno-391,2,J,12.0,Menina,2022,Escola Pública,10.0,8.1,7.5,,5.1,8.056,5.0,Fase 3 (7º e 8º ano),-1,,7.117,Ametista,2022,2.0,0.0,1,Moderada (−1 fase)
RA-391,Aluno-391,FASE 3,3I,,Feminino,2022,Pública,7.9,7.5,2.52,7.5,3.5,7.585,10.0,Fase 3 (7° e 8° ano),0,,6.5107,Ágata,2023,3.0,1.0,0,Adequada/adiantada (≥ 0)
RA-392,Aluno-392,2,J,14.0,Menino,2022,Escola Pública,9.5,8.8,5.6,,4.8,6.778,5.0,Fase 4 (9º ano),-2,,6.418,Ágata,2022,2.0,0.0,1,Severa (≤ −2 fases)
RA-392,Aluno-392,FASE 3,3I,15.0,Masculino,2022,Pública,9.6,9.5,2.52,6.09375,4.6,7.17,5.0,Fase 5 (1° EM),-2,,6.567208333,Ágata,2023,3.0,1.0,1,Severa (≤ −2 fases)
RA-392,Aluno-392,4B,4B,16.0,Masculino,2022,Pública,9.585,5.414731682,5.635,3.5,1.0,3.545,5.0,Fase 5 (1° EM),-1,Cursando,4.3639463364,Quartzo,2024,4.0,2.0,1,Moderada (−1 fase)
RA-393,Aluno-393,2,J,16.0,Menina,2018,Escola Pública,10.0,5.4,5.0,,4.6,6.778,2.5,Fase 6 (2º EM),-4,,5.518,Quartzo,2022,2.0,4.0,1,Severa (≤ −2 fases)
RA-394,Aluno-394,2,J,11.0,Menina,2022,Escola Pública,9.5,8.6,7.5,,5.9,8.444,10.0,Fase 2 (5º e 6º ano),0,,7.897,Ametista,2022,2.0,0.0,0,Adequada/adiantada (≥ 0)
RA-395,Aluno-395,2,J,11.0,Menina,2018,Escola Pública,9.0,8.9,7.5,,4.9,8.333,10.0,Fase 2 (5º e 6º ano),0,,7.683,Ametista,2022,2.0,4.0,0,Adequada/adiantada (≥ 0)
RA-395,Aluno-395,FASE 3,3I,12.0,Feminino,2018,Pública,9.2,8.6,2.52,7.96875,6.0,7.9175,10.0,Fase 3 (7° e 8° ano),0,,7.469175,Ametista,2023,3.0,5.0,0,Adequada/adiantada (≥ 0)
RA-395,Aluno-395,4F,4F,13.0,Feminino,2021,Pública,8.751,6.921693121666666,6.26,7.25,4.333333333333333,8.464,10.0,Fase 3 (7° e 8° ano),1,Cursando,7.169905291000001,Ametista,2024,4.0,3.0,0,Adequada/adiantada (≥ 0)
RA-396,Aluno-396,2,J,12.0,Menino,2022,Escola Pública,9.0,8.0,6.3,,5.6,6.556,5.0,Fase 3 (7º e 8º ano),-1,,6.556,Ágata,2022,2.0,0.0,1,Moderada (−1 fase)
RA-397,Aluno-397,2,J,14.0,Menina,2017,Escola Pública,9.0,5.7,6.9,,2.8,7.167,5.0,Fase 4 (9º ano),-2,,5.852,Quartzo,2022,2.0,5.0,1,Severa (≤ −2 fases)
RA-397,Aluno-397,FASE 4,4G,15.0,Feminino,2017,Pública,7.5,7.9,2.52,7.1875,4.6,7.465,5.0,Fase 5 (1° EM),-1,,6.207083333,Ágata,2023,4.0,6.0,1,Moderada (−1 fase)
RA-397,Aluno-397,4A,4A,16.0,Feminino,2021,Pública,7.918,7.885292942666666,5.63,7.625,5.666666666666667,7.398,5.0,Fase 6 (2° EM),-2,Cursando,6.807291921866668,Ágata,2024,4.0,3.0,1,Severa (≤ −2 fases)
RA-398,Aluno-398,2,K,10.0,Menina,2022,Escola Pública,9.0,9.3,7.5,,5.5,7.5,10.0,Fase 2 (5º e 6º ano),0,,7.742,Ametista,2022,2.0,0.0,0,Adequada/adiantada (≥ 0)
RA-398,Aluno-398,FASE 3,3N,,Feminino,2022,Pública,6.7,8.1,2.52,7.5,6.5,7.7925,10.0,Fase 2 (5° e 6° ano),1,,7.153766667,Ametista,2023,3.0,1.0,0,Adequada/adiantada (≥ 0)
RA-398,Aluno-398,3U,3U,12.0,Feminino,2022,Pública,7.083,5.733333333333333,7.51,7.291666667,8.0,6.553333333,10.0,Fase 3 (7° e 8° ano),0,Cursando,7.2457999999666685,Ametista,2024,3.0,2.0,0,Adequada/adiantada (≥ 0)
RA-399,Aluno-399,2,K,12.0,Menina,2022,Escola Pública,6.8,9.3,5.6,,4.3,7.5,5.0,Fase 3 (7º e 8º ano),-1,,6.58,Ágata,2022,2.0,0.0,1,Moderada (−1 fase)
RA-399,Aluno-399,FASE 3,3N,,Feminino,2022,Pública,7.9,8.2,2.52,7.5,4.7,8.165,10.0,Fase 3 (7° e 8° ano),0,,7.000033333,Ametista,2023,3.0,1.0,0,Adequada/adiantada (≥ 0)
RA-4,Aluno-4,7,A,17.0,Menino,2017,Rede Decisão,8.8,4.5,5.6,,5.0,5.278,10.0,Fase 7 (3º EM),0,,5.951,Quartzo,2022,7.0,5.0,0,Adequada/adiantada (≥ 0)
RA-40,Aluno-40,5,A,16.0,Menina,2016,Rede Decisão,7.9,7.8,7.5,,6.8,7.75,5.0,Fase 6 (2º EM),-1,,7.203,Ametista,2022,5.0,6.0,1,Moderada (−1 fase)
RA-40,Aluno-40,FASE 6,6A,17.0,Feminino,2016,Privada - Programa de Apadrinhamento,7.5,8.2,7.52,7.96875,5.9,7.755,5.0,Fase 7 (3° EM),-1,,7.169975,Ametista,2023,6.0,7.0,1,Moderada (−1 fase)
RA-40,Aluno-40,7A,7A,18.0,Feminino,2021,Privada - Programa de Apadrinhamento,7.083,7.211257310000001,8.13,8.125,5.333333333333333,6.276666667,10.0,Fase 7 (3° EM),0,Cursando,7.098051462066667,Ametista,2024,7.0,3.0,0,Adequada/adiantada (≥ 0)
RA-400,Aluno-400,2,K,14.0,Menino,2018,Escola Pública,9.0,8.5,5.0,,1.7,7.444,5.0,Fase 4 (9º ano),-2,,6.042,Ágata,2022,2.0,4.0,1,Severa (≤ −2 fases)
RA-400,Aluno-400,FASE 3,3L,,Masculino,2018,Pública,9.2,9.0,2.52,7.65625,4.1,7.375,5.0,Fase 4 (9° ano),-1,,6.529425,Ágata,2023,3.0,5.0,1,Moderada (−1 fase)
RA-401,Aluno-401,2,K,12.0,Menina,2021,Escola Pública,6.9,9.6,7.5,,4.3,6.722,5.0,Fase 3 (7º e 8º ano),-1,,6.645,Ágata,2022,2.0,1.0,1,Moderada (−1 fase)
RA-401,Aluno-401,FASE 2,2K,12.0,Feminino,2021,Pública,4.0,8.1,2.52,7.083333333,7.3,7.116666667,5.0,Fase 3 (7° e 8° ano),-1,,6.363666667,Ágata,2023,2.0,2.0,1,Moderada (−1 fase)
RA-401,Aluno-401,3L,3L,14.0,Feminino,2021,Pública,6.666,6.839473684333334,6.885,6.5625,4.833333333333333,6.915,10.0,Fase 3 (7° e 8° ano),0,Cursando,6.728911403533334,Ágata,2024,3.0,3.0,0,Adequada/adiantada (≥ 0)
RA-402,Aluno-402,2,K,12.0,Menina,2019,Escola Pública,9.0,3.7,5.0,,3.0,7.222,5.0,Fase 3 (7º e 8º ano),-1,,5.261,Quartzo,2022,2.0,3.0,1,Moderada (−1 fase)
RA-402,Aluno-402,FASE 3,3N,13.0,Feminino,2019,Pública,9.2,7.3,2.52,7.8125,4.2,6.88,10.0,Fase 3 (7° e 8° ano),0,,6.632716667,Ágata,2023,3.0,4.0,0,Adequada/adiantada (≥ 0)
RA-402,Aluno-402,4M,4M,14.0,Feminino,2021,Pública,7.5,3.074074074,6.26,6.354166667,4.166666666666667,6.1175,10.0,Fase 4 (9° ano),0,Cursando,5.683064814833333,Quartzo,2024,4.0,3.0,0,Adequada/adiantada (≥ 0)
RA-403,Aluno-403,2,K,12.0,Menino,2020,Escola Pública,9.5,9.3,7.5,,6.3,7.5,5.0,Fase 3 (7º e 8º ano),-1,,7.455,Ametista,2022,2.0,2.0,1,Moderada (−1 fase)
RA-403,Aluno-403,FASE 2,2U,,Masculino,2020,Pública,8.5,8.8,6.27,7.291666667,7.8,8.45,5.0,Fase 3 (7° e 8° ano),-1,,7.716366667,Ametista,2023,2.0,3.0,1,Moderada (−1 fase)
RA-403,Aluno-403,3K,3K,14.0,Masculino,2021,Pública,8.751,7.361111111,7.51,8.541666667,7.666666666666667,7.613333333,10.0,Fase 3 (7° e 8° ano),0,Cursando,8.008488888833334,Topázio,2024,3.0,3.0,0,Adequada/adiantada (≥ 0)
RA-404,Aluno-404,2,K,12.0,Menina,2020,Escola Pública,9.0,7.3,7.5,,5.3,6.944,5.0,Fase 3 (7º e 8º ano),-1,,6.658,Ágata,2022,2.0,2.0,1,Moderada (−1 fase)
RA-404,Aluno-404,FASE 2,2L,,Feminino,2020,Pública,7.9,8.3,5.02,6.875,6.0,6.89,5.0,Fase 3 (7° e 8° ano),-1,,6.7093,Ágata,2023,2.0,3.0,1,Moderada (−1 fase)
RA-404,Aluno-404,3M,3M,14.0,Feminino,2021,Pública,8.334,6.286274509666666,2.51,7.5,5.666666666666667,6.998,10.0,Fase 3 (7° e 8° ano),0,Cursando,6.624588235266668,Ágata,2024,3.0,3.0,0,Adequada/adiantada (≥ 0)
RA-405,Aluno-405,2,K,13.0,Menino,2016,Escola Pública,9.5,6.2,5.0,,3.3,6.0,5.0,Fase 3 (7º e 8º ano),-1,,5.661,Quartzo,2022,2.0,6.0,1,Moderada (−1 fase)
RA-406,Aluno-406,2,K,13.0,Menina,2019,Escola Pública,9.5,9.5,7.5,,6.6,7.333,5.0,Fase 3 (7º e 8º ano),-1,,7.496,Ametista,2022,2.0,3.0,1,Moderada (−1 fase)
RA-407,Aluno-407,2,K,13.0,Menino,2022,Escola Pública,8.5,9.3,7.5,,6.0,7.056,5.0,Fase 3 (7º e 8º ano),-1,,7.195,Ametista,2022,2.0,0.0,1,Moderada (−1 fase)
RA-407,Aluno-407,FASE 3,3L,14.0,Masculino,2022,Pública,9.6,8.6,7.52,7.8125,7.3,7.5,5.0,Fase 4 (9° ano),-1,,7.665083333,Ametista,2023,3.0,1.0,1,Moderada (−1 fase)
RA-407,Aluno-407,4L,4L,15.0,Masculino,2022,Pública,8.334,7.614522417333333,6.26,7.96875,3.6666666666666665,7.875,10.0,Fase 4 (9° ano),0,Cursando,7.0875128168,Ametista,2024,4.0,2.0,0,Adequada/adiantada (≥ 0)
RA-408,Aluno-408,2,K,12.0,Menina,2022,Escola Pública,8.0,9.7,7.5,,3.3,7.333,5.0,Fase 3 (7º e 8º ano),-1,,6.725,Ágata,2022,2.0,0.0,1,Moderada (−1 fase)
RA-408,Aluno-408,FASE 2,2L,13.0,Feminino,2022,Pública,7.9,8.5,3.77,8.333333333,6.8,8.45,5.0,Fase 3 (7° e 8° ano),-1,,7.242133333,Ametista,2023,2.0,1.0,1,Moderada (−1 fase)
RA-408,Aluno-408,3K,3K,14.0,Feminino,2022,Pública,7.5,4.981481481666667,7.51,7.083333333,4.833333333333333,6.776666667,10.0,Fase 3 (7° e 8° ano),0,Cursando,6.5276296297,Ágata,2024,3.0,2.0,0,Adequada/adiantada (≥ 0)
RA-409,Aluno-409,2,K,11.0,Menina,2022,Escola Pública,7.9,9.7,7.5,,7.8,7.5,10.0,Fase 2 (5º e 6º ano),0,,8.15,Topázio,2022,2.0,0.0,0,Adequada/adiantada (≥ 0)
RA-409,Aluno-409,FASE 2,2K,,Feminino,2022,Pública,8.4,9.5,2.52,7.916666667,8.0,8.73,5.0,Fase 3 (7° e 8° ano),-1,,7.621466667,Ametista,2023,2.0,1.0,1,Moderada (−1 fase)
RA-409,Aluno-409,3K,3K,13.0,Feminino,2022,Pública,9.585,9.231481481333333,7.51,7.916666667,7.166666666666667,7.223333333,10.0,Fase 3 (7° e 8° ano),0,Cursando,8.225462962900002,Topázio,2024,3.0,2.0,0,Adequada/adiantada (≥ 0)
RA-41,Aluno-41,5,A,17.0,Menino,2018,Escola Pública,9.2,6.1,5.0,,5.6,4.375,5.0,Fase 7 (3º EM),-2,,5.581,Quartzo,2022,5.0,4.0,1,Severa (≤ −2 fases)
RA-410,Aluno-410,2,K,14.0,Menino,2018,Escola Pública,7.4,6.5,6.3,,2.0,7.444,5.0,Fase 4 (9º ano),-2,,5.675,Quartzo,2022,2.0,4.0,1,Severa (≤ −2 fases)
RA-410,Aluno-410,FASE 3,3K,,Masculino,2018,Pública,8.8,5.8,7.52,6.71875,4.9,6.0425,5.0,Fase 4 (9° ano),-1,,6.140808333,Ágata,2023,3.0,5.0,1,Moderada (−1 fase)
RA-411,Aluno-411,2,L,12.0,Menina,2019,Escola Pública,6.4,8.6,7.5,,7.1,7.833,5.0,Fase 3 (7º e 8º ano),-1,,7.232,Ametista,2022,2.0,3.0,1,Moderada (−1 fase)
RA-411,Aluno-411,FASE 3,3L,13.0,Feminino,2019,Privada,6.2,9.0,7.52,7.8125,6.6,7.5425,10.0,Fase 3 (7° e 8° ano),0,,7.779983333,Ametista,2023,3.0,4.0,0,Adequada/adiantada (≥ 0)
RA-411,Aluno-411,4M,4M,14.0,Feminino,2021,Privada,7.083,9.148148147999999,5.635,7.291666667,4.833333333333333,7.4125,10.0,Fase 4 (9° ano),0,Cursando,7.279762962966667,Ametista,2024,4.0,3.0,0,Adequada/adiantada (≥ 0)
RA-412,Aluno-412,2,L,12.0,Menina,2018,Escola Pública,8.5,9.0,7.5,,7.3,7.778,5.0,Fase 3 (7º e 8º ano),-1,,7.556,Ametista,2022,2.0,4.0,1,Moderada (−1 fase)
RA-412,Aluno-412,FASE 3,3L,13.0,Feminino,2018,Pública,8.8,8.9,2.52,7.03125,6.2,7.585,10.0,Fase 3 (7° e 8° ano),0,,7.373891667,Ametista,2023,3.0,5.0,0,Adequada/adiantada (≥ 0)
RA-412,Aluno-412,4M,4M,14.0,Feminino,2021,Pública,8.334,8.456140351,6.26,8.020833333,7.333333333333333,8.125,10.0,Fase 4 (9° ano),0,Cursando,8.044378070166667,Topázio,2024,4.0,3.0,0,Adequada/adiantada (≥ 0)
RA-413,Aluno-413,2,L,12.0,Menina,2022,Escola Pública,6.4,8.7,5.6,,4.7,7.056,5.0,Fase 3 (7º e 8º ano),-1,,6.408,Ágata,2022,2.0,0.0,1,Moderada (−1 fase)
RA-413,Aluno-413,FASE 2,2K,13.0,Feminino,2022,Pública,7.9,8.9,2.52,7.291666667,6.3,7.503333333,5.0,Fase 3 (7° e 8° ano),-1,,6.803633333,Ágata,2023,2.0,1.0,1,Moderada (−1 fase)
RA-414,Aluno-414,2,L,12.0,Menina,2021,Escola Pública,8.0,9.3,7.5,,5.9,7.667,5.0,Fase 3 (7º e 8º ano),-1,,7.284,Ametista,2022,2.0,1.0,1,Moderada (−1 fase)
RA-414,Aluno-414,FASE 3,3L,13.0,Feminino,2021,Pública,0.0,9.5,7.52,7.8125,6.5,7.585,10.0,Fase 3 (7° e 8° ano),0,,7.25025,Ametista,2023,3.0,2.0,0,Adequada/adiantada (≥ 0)
RA-414,Aluno-414,3L,3L,14.0,Feminino,2021,Pública,7.917,8.429629629666666,7.51,6.25,6.0,5.67,10.0,Fase 3 (7° e 8° ano),0,Cursando,7.187625925933334,Ametista,2024,3.0,3.0,0,Adequada/adiantada (≥ 0)
RA-415,Aluno-415,2,L,11.0,Menina,2019,Escola Pública,8.0,8.3,7.5,,6.2,8.056,10.0,Fase 2 (5º e 6º ano),0,,7.695,Ametista,2022,2.0,3.0,0,Adequada/adiantada (≥ 0)
RA-415,Aluno-415,FASE 3,3L,12.0,Feminino,2019,Pública,7.1,8.2,7.52,7.8125,3.7,7.8325,10.0,Fase 3 (7° e 8° ano),0,,7.18805,Ametista,2023,3.0,4.0,0,Adequada/adiantada (≥ 0)
RA-416,Aluno-416,2,L,12.0,Menino,2018,Rede Decisão,9.5,9.3,8.8,,7.2,8.222,5.0,Fase 3 (7º e 8º ano),-1,,7.913,Ametista,2022,2.0,4.0,1,Moderada (−1 fase)
RA-416,Aluno-416,FASE 3,3L,13.0,Masculino,2018,Privada - Programa de Apadrinhamento,9.2,9.8,2.52,8.28125,7.6,8.3375,10.0,Fase 3 (7° e 8° ano),0,,8.144425,Topázio,2023,3.0,5.0,0,Adequada/adiantada (≥ 0)
RA-416,Aluno-416,4M,4M,14.0,Masculino,2021,Privada - Programa de Apadrinhamento,8.751,8.972709551666666,7.51,8.541666667,8.0,9.13,10.0,Fase 3 (7° e 8° ano),1,Cursando,8.700808577033333,Topázio,2024,4.0,3.0,0,Adequada/adiantada (≥ 0)
RA-417,Aluno-417,2,L,13.0,Menina,2022,Escola Pública,10.0,10.0,7.5,,8.0,9.556,5.0,Fase 3 (7º e 8º ano),-1,,8.428,Topázio,2022,2.0,0.0,1,Moderada (−1 fase)
RA-417,Aluno-417,FASE 3,3L,,Feminino,2022,Pública,5.4,9.7,7.52,8.28125,7.8,8.2125,10.0,Fase 3 (7° e 8° ano),0,,8.257658333,Topázio,2023,3.0,1.0,0,Adequada/adiantada (≥ 0)
RA-417,Aluno-417,4L,4L,14.0,Feminino,2022,Pública,8.334,8.401559454333333,7.51,8.4375,8.833333333333334,8.2925,10.0,Fase 4 (9° ano),0,Cursando,8.533628557533333,Topázio,2024,4.0,2.0,0,Adequada/adiantada (≥ 0)
RA-418,Aluno-418,2,L,10.0,Menina,2020,Rede Decisão,8.0,9.4,7.5,,7.5,8.222,10.0,Fase 2 (5º e 6º ano),0,,8.175,Topázio,2022,2.0,2.0,0,Adequada/adiantada (≥ 0)
RA-418,Aluno-418,FASE 3,3L,,Feminino,2020,Privada - Programa de Apadrinhamento,8.8,10.0,2.52,8.125,8.1,8.045,10.0,Fase 2 (5° e 6° ano),1,,8.1686,Topázio,2023,3.0,3.0,0,Adequada/adiantada (≥ 0)
RA-418,Aluno-418,4M,4M,12.0,Feminino,2021,Privada - Programa de Apadrinhamento,8.751,10.0,7.51,8.229166667,9.333333333333334,9.0475,10.0,Fase 3 (7° e 8° ano),1,Cursando,9.125183333366667,Topázio,2024,4.0,3.0,0,Adequada/adiantada (≥ 0)
RA-419,Aluno-419,2,L,12.0,Menina,2019,Rede Decisão,7.5,9.2,5.6,,6.9,8.389,5.0,Fase 3 (7º e 8º ano),-1,,7.359,Ametista,2022,2.0,3.0,1,Moderada (−1 fase)
RA-419,Aluno-419,FASE 3,3L,,Feminino,2019,Privada - Programa de Apadrinhamento,6.7,9.5,2.52,8.125,7.6,7.875,10.0,Fase 3 (7° e 8° ano),0,,7.7261,Ametista,2023,3.0,4.0,0,Adequada/adiantada (≥ 0)
RA-419,Aluno-419,4M,4M,14.0,Feminino,2021,Privada - Programa de Apadrinhamento,7.083,9.382456140666667,6.26,8.020833333,8.166666666666666,8.5475,10.0,Fase 3 (7° e 8° ano),1,Cursando,8.355707894766669,Topázio,2024,4.0,3.0,0,Adequada/adiantada (≥ 0)
RA-42,Aluno-42,5,A,15.0,Menino,2019,Rede Decisão,8.3,7.9,5.6,,4.8,6.083,10.0,Fase 5 (1º EM),0,,6.72,Ágata,2022,5.0,3.0,0,Adequada/adiantada (≥ 0)
RA-42,Aluno-42,FASE 5,5A,,Masculino,2019,Privada - Programa de Apadrinhamento,8.8,8.6,5.63,6.5625,5.7,6.6675,5.0,Fase 6 (2° EM),-1,,6.794516667,Ágata,2023,5.0,4.0,1,Moderada (−1 fase)
RA-42,Aluno-42,6A,6A,17.0,Masculino,2021,Pública,9.168,9.682539682666667,5.635,6.796875,8.166666666666666,7.134,5.0,Fase 7 (3° EM),-1,Cursando,7.656628769866667,Ametista,2024,6.0,3.0,1,Moderada (−1 fase)
RA-420,Aluno-420,2,L,11.0,Menina,2019,Rede Decisão,9.5,9.0,5.6,,4.5,8.0,10.0,Fase 2 (5º e 6º ano),0,,7.461,Ametista,2022,2.0,3.0,0,Adequada/adiantada (≥ 0)
RA-420,Aluno-420,FASE 3,3M,,Feminino,2019,Privada - Programa de Apadrinhamento,8.3,9.3,2.52,7.65625,5.3,7.96,10.0,Fase 3 (7° e 8° ano),0,,7.356358333,Ametista,2023,3.0,4.0,0,Adequada/adiantada (≥ 0)
RA-420,Aluno-420,4M,4M,13.0,Feminino,2021,Privada - Programa de Apadrinhamento,8.334,9.557894737,6.26,7.8125,4.0,7.96,10.0,Fase 3 (7° e 8° ano),1,Cursando,7.544228947400001,Ametista,2024,4.0,3.0,0,Adequada/adiantada (≥ 0)
RA-421,Aluno-421,2,L,11.0,Menino,2021,Escola Pública,8.5,9.3,7.5,,8.8,9.111,10.0,Fase 2 (5º e 6º ano),0,,8.717,Topázio,2022,2.0,1.0,0,Adequada/adiantada (≥ 0)
RA-421,Aluno-421,FASE 3,3L,,Masculino,2021,Pública,9.2,9.9,2.52,7.8125,7.3,8.17,10.0,Fase 3 (7° e 8° ano),0,,8.030716667,Topázio,2023,3.0,2.0,0,Adequada/adiantada (≥ 0)
RA-421,Aluno-421,4N,4N,13.0,Masculino,2021,Pública,8.751,9.540744978333334,7.51,9.0625,6.666666666666667,8.572,10.0,Fase 3 (7° e 8° ano),1,Cursando,8.488232329,Topázio,2024,4.0,3.0,0,Adequada/adiantada (≥ 0)
RA-422,Aluno-422,2,L,12.0,Menino,2022,Escola Pública,8.5,10.0,7.5,,2.5,7.5,5.0,Fase 3 (7º e 8º ano),-1,,6.746,Ágata,2022,2.0,0.0,1,Moderada (−1 fase)
RA-422,Aluno-422,FASE 2,2U,,Masculino,2022,Pública,0.0,7.8,7.52,6.666666667,4.4,6.106666667,5.0,Fase 3 (7° e 8° ano),-1,,5.57,Quartzo,2023,2.0,1.0,1,Moderada (−1 fase)
RA-422,Aluno-422,3K,3K,14.0,Masculino,2022,Pública,7.5,6.157407407333333,7.51,6.458333333,2.8333333333333335,5.5,5.0,Fase 4 (9° ano),-1,Cursando,5.544981481433334,Quartzo,2024,3.0,2.0,1,Moderada (−1 fase)
RA-423,Aluno-423,2,L,12.0,Menina,2022,Escola Pública,8.4,9.6,7.5,,2.3,7.667,5.0,Fase 3 (7º e 8º ano),-1,,6.647,Ágata,2022,2.0,0.0,1,Moderada (−1 fase)
RA-423,Aluno-423,FASE 2,2U,13.0,Feminino,2022,Pública,8.0,8.7,6.89,7.083333333,3.4,7.45,5.0,Fase 3 (7° e 8° ano),-1,,6.607533333,Ágata,2023,2.0,1.0,1,Moderada (−1 fase)
RA-423,Aluno-423,3L,3L,14.0,Feminino,2022,Pública,5.833,6.501135191,8.13,6.875,4.333333333333333,6.8275,10.0,Fase 3 (7° e 8° ano),0,Cursando,6.616193704866666,Ágata,2024,3.0,2.0,0,Adequada/adiantada (≥ 0)
RA-424,Aluno-424,2,L,12.0,Menina,2022,Escola Pública,9.0,10.0,7.5,,7.5,8.222,5.0,Fase 3 (7º e 8º ano),-1,,7.94,Ametista,2022,2.0,0.0,1,Moderada (−1 fase)
RA-424,Aluno-424,FASE 3,3M,,Feminino,2022,Pública,8.8,9.9,2.52,7.8125,6.4,7.7925,10.0,Fase 3 (7° e 8° ano),0,,7.72685,Ametista,2023,3.0,1.0,0,Adequada/adiantada (≥ 0)
RA-424,Aluno-424,4L,4L,14.0,Feminino,2022,Pública,8.334,9.616228070333333,7.51,7.34375,3.3333333333333335,7.1625,10.0,Fase 4 (9° ano),0,Cursando,7.341187280733334,Ametista,2024,4.0,2.0,0,Adequada/adiantada (≥ 0)
RA-425,Aluno-425,2,L,12.0,Menino,2022,Escola Pública,9.0,10.0,7.5,,9.0,7.5,5.0,Fase 3 (7º e 8º ano),-1,,8.117,Topázio,2022,2.0,0.0,1,Moderada (−1 fase)
RA-425,Aluno-425,FASE 3,3L,13.0,Masculino,2022,Pública,9.2,9.9,2.52,7.8125,7.5,8.3775,10.0,Fase 3 (7° e 8° ano),0,,8.10555,Topázio,2023,3.0,1.0,0,Adequada/adiantada (≥ 0)
RA-425,Aluno-425,4M,4M,14.0,Masculino,2022,Pública,10.002,10.0,6.26,8.229166667,9.0,8.8375,10.0,Fase 4 (9° ano),0,Cursando,9.016616666700001,Topázio,2024,4.0,2.0,0,Adequada/adiantada (≥ 0)
RA-426,Aluno-426,2,M,14.0,Menina,2022,Escola Pública,9.0,6.5,7.5,,4.6,7.111,5.0,Fase 4 (9º ano),-2,,6.35,Ágata,2022,2.0,0.0,1,Severa (≤ −2 fases)
RA-426,Aluno-426,FASE 3,3M,,Feminino,2022,Pública,5.4,7.6,5.0,7.65625,5.0,7.5425,5.0,Fase 4 (9° ano),-1,,6.329158333,Ágata,2023,3.0,1.0,1,Moderada (−1 fase)
RA-426,Aluno-426,4L,4L,15.0,Feminino,2022,Pública,7.917,7.9050567596666665,4.38,7.65625,4.833333333333333,8.0,5.0,Fase 5 (1° EM),-1,Cursando,6.6430030186,Ágata,2024,4.0,2.0,1,Moderada (−1 fase)
RA-427,Aluno-427,2,M,13.0,Menino,2022,Escola Pública,8.0,8.5,7.5,,2.5,6.778,5.0,Fase 3 (7º e 8º ano),-1,,6.245,Ágata,2022,2.0,0.0,1,Moderada (−1 fase)
RA-428,Aluno-428,2,M,13.0,Menino,2022,Escola Pública,6.8,8.7,7.5,,9.5,7.111,5.0,Fase 3 (7º e 8º ano),-1,,7.683,Ametista,2022,2.0,0.0,1,Moderada (−1 fase)
RA-428,Aluno-428,FASE 3,3N,,Masculino,2022,Pública,8.3,9.5,2.52,7.8125,7.2,8.0425,10.0,Fase 3 (7° e 8° ano),0,,7.821816667,Ametista,2023,3.0,1.0,0,Adequada/adiantada (≥ 0)
RA-428,Aluno-428,4M,4M,14.0,Masculino,2022,Pública,9.168,8.898245614,5.635,7.5,5.0,7.625,10.0,Fase 4 (9° ano),0,Cursando,7.534949122800001,Ametista,2024,4.0,2.0,0,Adequada/adiantada (≥ 0)
RA-429,Aluno-429,2,M,13.0,Menino,2019,Escola Pública,10.0,5.3,7.5,,2.7,6.611,5.0,Fase 3 (7º e 8º ano),-1,,5.811,Quartzo,2022,2.0,3.0,1,Moderada (−1 fase)
RA-43,Aluno-43,5,A,16.0,Menina,2019,Escola Pública,6.3,6.5,5.6,,4.3,5.958,5.0,Fase 6 (2º EM),-1,,5.486,Quartzo,2022,5.0,3.0,1,Moderada (−1 fase)
RA-43,Aluno-43,FASE 6,6A,17.0,Feminino,2019,Pública,7.9,6.7,5.63,7.5,5.0,7.5875,5.0,Fase 7 (3° EM),-1,,6.4622,Ágata,2023,6.0,4.0,1,Moderada (−1 fase)
RA-430,Aluno-430,2,M,13.0,Menino,2022,Escola Pública,9.5,8.6,7.5,,8.5,6.611,5.0,Fase 3 (7º e 8º ano),-1,,7.585,Ametista,2022,2.0,0.0,1,Moderada (−1 fase)
RA-430,Aluno-430,FASE 3,3M,14.0,Masculino,2022,Pública,9.2,9.3,2.52,7.8125,6.4,7.75,5.0,Fase 4 (9° ano),-1,,7.146716667,Ametista,2023,3.0,1.0,1,Moderada (−1 fase)
RA-431,Aluno-431,2,M,11.0,Menino,2022,Escola Pública,9.0,8.1,7.5,,4.5,6.778,10.0,Fase 2 (5º e 6º ano),0,,7.175,Ametista,2022,2.0,0.0,0,Adequada/adiantada (≥ 0)
RA-432,Aluno-432,2,M,14.0,Menina,2019,Escola Pública,10.0,6.8,5.0,,5.1,6.611,5.0,Fase 4 (9º ano),-2,,6.34,Ágata,2022,2.0,3.0,1,Severa (≤ −2 fases)
RA-432,Aluno-432,FASE 3,3M,,Feminino,2019,Pública,8.8,9.0,2.52,7.8125,5.2,8.0425,5.0,Fase 5 (1° EM),-2,,6.850183333,Ágata,2023,3.0,4.0,1,Severa (≤ −2 fases)
RA-432,Aluno-432,4L,4L,16.0,Feminino,2021,Pública,7.501,10.0,6.26,7.34375,5.5,7.2875,5.0,Fase 5 (1° EM),-1,Cursando,7.167975,Ametista,2024,4.0,3.0,1,Moderada (−1 fase)
RA-433,Aluno-433,2,M,12.0,Menino,2022,Escola Pública,8.5,7.3,5.0,,2.6,5.778,5.0,Fase 3 (7º e 8º ano),-1,,5.557,Quartzo,2022,2.0,0.0,1,Moderada (−1 fase)
RA-433,Aluno-433,FASE 2,2M,,Masculino,2022,Pública,8.5,7.2,7.52,5.833333333,4.8,7.613333333,5.0,Fase 3 (7° e 8° ano),-1,,6.5982,Ágata,2023,2.0,1.0,1,Moderada (−1 fase)
RA-433,Aluno-433,3N,3N,14.0,Masculino,2022,Pública,7.918,8.380952381,8.13,6.875,4.833333333333333,6.415,10.0,Fase 3 (7° e 8° ano),0,Cursando,7.218157142866668,Ametista,2024,3.0,2.0,0,Adequada/adiantada (≥ 0)
RA-434,Aluno-434,2,M,11.0,Menino,2022,Escola Pública,9.0,8.1,7.5,,5.7,6.778,10.0,Fase 2 (5º e 6º ano),0,,7.403,Ametista,2022,2.0,0.0,0,Adequada/adiantada (≥ 0)
RA-434,Aluno-434,FASE 2,2M,12.0,Masculino,2022,Pública,6.3,8.0,7.52,7.5,6.6,7.613333333,5.0,Fase 3 (7° e 8° ano),-1,,7.069766667,Ametista,2023,2.0,1.0,1,Moderada (−1 fase)
RA-434,Aluno-434,3U,3U,13.0,Masculino,2022,Pública,7.084,5.061904762,7.51,7.291666667,5.5,6.55,10.0,Fase 3 (7° e 8° ano),0,Cursando,6.610947619100001,Ágata,2024,3.0,2.0,0,Adequada/adiantada (≥ 0)
RA-435,Aluno-435,2,M,10.0,Menina,2022,Escola Pública,7.9,6.2,7.5,,4.7,6.444,10.0,Fase 2 (5º e 6º ano),0,,6.599,Ágata,2022,2.0,0.0,0,Adequada/adiantada (≥ 0)
RA-436,Aluno-436,2,M,11.0,Menino,2022,Escola Pública,9.5,8.1,7.5,,2.0,6.611,10.0,Fase 2 (5º e 6º ano),0,,6.687,Ágata,2022,2.0,0.0,0,Adequada/adiantada (≥ 0)
RA-436,Aluno-436,FASE 2,2M,12.0,Masculino,2022,Pública,7.5,4.7,2.52,6.875,3.4,7.613333333,5.0,Fase 3 (7° e 8° ano),-1,,5.322366667,Quartzo,2023,2.0,1.0,1,Moderada (−1 fase)
RA-437,Aluno-437,2,M,13.0,Menino,2022,Escola Pública,8.5,8.3,7.5,,5.8,6.611,5.0,Fase 3 (7º e 8º ano),-1,,6.875,Ágata,2022,2.0,0.0,1,Moderada (−1 fase)
RA-437,Aluno-437,FASE 2,2M,,Masculino,2022,Pública,8.0,8.4,7.52,7.291666667,4.7,7.78,5.0,Fase 4 (9° ano),-2,,6.947366667,Ágata,2023,2.0,1.0,1,Severa (≤ −2 fases)
RA-438,Aluno-438,2,M,10.0,Menino,2022,Escola Pública,8.0,8.7,7.5,,7.3,6.889,10.0,Fase 2 (5º e 6º ano),0,,7.764,Ametista,2022,2.0,0.0,0,Adequada/adiantada (≥ 0)
RA-438,Aluno-438,FASE 2,2L,,Masculino,2022,Pública,6.9,7.5,6.26,6.458333333,5.4,7.223333333,10.0,Fase 2 (5° e 6° ano),0,,6.9883,Ágata,2023,2.0,1.0,0,Adequada/adiantada (≥ 0)
RA-438,Aluno-438,2K,2K,12.0,Masculino,2022,Pública,9.168,8.6630434785,7.51,7.96875,8.25,7.915,5.0,Fase 3 (7° e 8° ano),-1,Cursando,7.930283695700001,Ametista,2024,2.0,2.0,1,Moderada (−1 fase)
RA-439,Aluno-439,2,M,12.0,Menino,2022,Escola Pública,9.0,4.9,7.5,,2.3,6.5,5.0,Fase 3 (7º e 8º ano),-1,,5.519,Quartzo,2022,2.0,0.0,1,Moderada (−1 fase)
RA-44,Aluno-44,5,A,17.0,Menina,2021,Escola Pública,5.0,5.9,7.5,,3.0,7.292,5.0,Fase 7 (3º EM),-2,,5.542,Quartzo,2022,5.0,1.0,1,Severa (≤ −2 fases)
RA-44,Aluno-44,FASE 6,6A,,Feminino,2021,Pública,0.0,8.5,5.01,7.5,6.9,7.17,5.0,Fase 8 (Universitários),-2,,6.258333333,Ágata,2023,6.0,2.0,1,Severa (≤ −2 fases)
RA-440,Aluno-440,2,P,11.0,Menino,2022,Escola Pública,9.5,9.0,6.9,,5.5,5.833,10.0,Fase 2 (5º e 6º ano),0,,7.329,Ametista,2022,2.0,0.0,0,Adequada/adiantada (≥ 0)
RA-440,Aluno-440,FASE 3,3P,12.0,Masculino,2022,Pública,0.0,8.2,7.52,7.96875,6.2,7.835,10.0,Fase 3 (7° e 8° ano),0,,6.989208333,Ágata,2023,3.0,1.0,0,Adequada/adiantada (≥ 0)
RA-441,Aluno-441,2,P,11.0,Menina,2019,Escola Pública,9.0,7.9,7.5,,8.0,8.333,10.0,Fase 2 (5º e 6º ano),0,,8.188,Topázio,2022,2.0,3.0,0,Adequada/adiantada (≥ 0)
RA-442,Aluno-442,2,P,11.0,Menina,2022,Escola Pública,10.0,8.2,7.5,,7.5,8.222,10.0,Fase 2 (5º e 6º ano),0,,8.226,Topázio,2022,2.0,0.0,0,Adequada/adiantada (≥ 0)
RA-442,Aluno-442,FASE 3,3K,,Feminino,2022,Pública,0.0,7.6,7.52,7.5,5.8,8.1275,10.0,Fase 3 (7° e 8° ano),0,,6.814166667,Ágata,2023,3.0,1.0,0,Adequada/adiantada (≥ 0)
RA-442,Aluno-442,4M,4M,13.0,Feminino,2022,Pública,8.334,5.9151960783333335,5.635,7.5,5.0,7.8775,10.0,Fase 3 (7° e 8° ano),1,Cursando,6.905439215666667,Ágata,2024,4.0,2.0,0,Adequada/adiantada (≥ 0)
RA-443,Aluno-443,2,P,13.0,Menina,2019,Escola Pública,9.0,9.1,7.5,,5.6,8.5,5.0,Fase 3 (7º e 8º ano),-1,,7.482,Ametista,2022,2.0,3.0,1,Moderada (−1 fase)
RA-443,Aluno-443,FASE 3,3P,14.0,Feminino,2019,Pública,7.1,7.5,2.52,7.96875,7.6,8.125,5.0,Fase 4 (9° ano),-1,,6.895508333,Ágata,2023,3.0,4.0,1,Moderada (−1 fase)
RA-444,Aluno-444,2,P,11.0,Menino,2018,Escola Pública,9.0,7.2,5.0,,3.1,7.778,10.0,Fase 2 (5º e 6º ano),0,,6.665,Ágata,2022,2.0,4.0,0,Adequada/adiantada (≥ 0)
RA-444,Aluno-444,FASE 3,3P,11.0,Masculino,2018,Pública,0.0,7.9,5.0,6.40625,4.7,6.4575,10.0,Fase 2 (5° e 6° ano),1,,5.958791667,Quartzo,2023,3.0,5.0,0,Adequada/adiantada (≥ 0)
RA-444,Aluno-444,3P,3P,14.0,Masculino,2021,Pública,8.334,6.377276524666667,2.51,6.25,3.6666666666666665,5.96,5.0,Fase 4 (9° ano),-1,Cursando,5.410188638266668,Quartzo,2024,3.0,3.0,1,Moderada (−1 fase)
RA-445,Aluno-445,2,P,12.0,Menino,2022,Escola Pública,9.0,9.4,7.5,,3.8,7.5,5.0,Fase 3 (7º e 8º ano),-1,,6.924,Ágata,2022,2.0,0.0,1,Moderada (−1 fase)
RA-445,Aluno-445,FASE 2,2R,13.0,Masculino,2022,Pública,8.0,8.8,6.89,8.541666667,8.4,8.176666667,5.0,Fase 3 (7° e 8° ano),-1,,7.9087,Ametista,2023,2.0,1.0,1,Moderada (−1 fase)
RA-445,Aluno-445,3P,3P,14.0,Masculino,2022,Pública,7.917,8.715873016,7.51,7.8125,4.0,7.3725,10.0,Fase 3 (7° e 8° ano),0,Cursando,7.3416246032,Ametista,2024,3.0,2.0,0,Adequada/adiantada (≥ 0)
RA-446,Aluno-446,2,P,13.0,Menina,2018,Escola Pública,9.5,8.9,5.0,,6.9,7.889,5.0,Fase 3 (7º e 8º ano),-1,,7.367,Ametista,2022,2.0,4.0,1,Moderada (−1 fase)
RA-447,Aluno-447,2,P,10.0,Menina,2022,Escola Pública,0.0,7.0,7.5,,3.5,5.556,10.0,Fase 2 (5º e 6º ano),0,,5.607,Quartzo,2022,2.0,0.0,0,Adequada/adiantada (≥ 0)
RA-448,Aluno-448,2,P,11.0,Menina,2022,Escola Pública,9.0,9.7,7.5,,5.5,8.111,10.0,Fase 2 (5º e 6º ano),0,,7.972,Ametista,2022,2.0,0.0,0,Adequada/adiantada (≥ 0)
RA-449,Aluno-449,2,P,12.0,Menina,2022,Escola Pública,0.0,6.0,7.5,,7.0,8.111,5.0,Fase 3 (7º e 8º ano),-1,,6.143,Ágata,2022,2.0,0.0,1,Moderada (−1 fase)
RA-449,Aluno-449,FASE 3,3P,12.0,Feminino,2022,Pública,7.1,7.2,7.52,7.34375,7.0,6.8425,10.0,Fase 3 (7° e 8° ano),0,,7.396508333,Ametista,2023,3.0,1.0,0,Adequada/adiantada (≥ 0)
RA-45,Aluno-45,5,A,15.0,Menina,2019,Rede Decisão,7.9,8.9,5.6,,6.8,7.417,10.0,Fase 5 (1º EM),0,,7.591,Ametista,2022,5.0,3.0,0,Adequada/adiantada (≥ 0)
RA-45,Aluno-45,FASE 6,6A,,Feminino,2019,Privada - Programa de Apadrinhamento,7.1,9.6,6.26,8.28125,7.9,8.1725,10.0,Fase 6 (2° EM),0,,8.303591667,Topázio,2023,6.0,4.0,0,Adequada/adiantada (≥ 0)
RA-45,Aluno-45,7A,7A,17.0,Feminino,2021,Privada - Programa de Apadrinhamento,7.5,9.619047619,9.38,8.75,8.0,8.283333333,10.0,Fase 7 (3° EM),0,Cursando,8.743476190400001,Topázio,2024,7.0,3.0,0,Adequada/adiantada (≥ 0)
RA-450,Aluno-450,2,Q,13.0,Menino,2021,Escola Pública,10.0,9.1,7.5,,7.5,8.111,5.0,Fase 3 (7º e 8º ano),-1,,7.843,Ametista,2022,2.0,1.0,1,Moderada (−1 fase)
RA-450,Aluno-450,FASE 3,3K,14.0,Masculino,2021,Pública,9.6,8.4,2.52,7.65625,5.4,7.9175,5.0,Fase 4 (9° ano),-1,,6.819625,Ágata,2023,3.0,2.0,1,Moderada (−1 fase)
RA-450,Aluno-450,4L,4L,15.0,Masculino,2021,Pública,8.751,8.954191033333332,5.63,7.8125,7.5,7.58,5.0,Fase 5 (1° EM),-1,Cursando,7.526188206666666,Ametista,2024,4.0,3.0,1,Moderada (−1 fase)
RA-451,Aluno-451,2,Q,13.0,Menina,2019,Escola Pública,9.0,6.0,6.3,,6.1,6.889,5.0,Fase 3 (7º e 8º ano),-1,,6.434,Ágata,2022,2.0,3.0,1,Moderada (−1 fase)
RA-451,Aluno-451,FASE 2,2P,14.0,Feminino,2019,Pública,8.5,9.5,4.39,9.375,8.9,9.896666667,5.0,Fase 4 (9° ano),-2,,8.386033333,Topázio,2023,2.0,4.0,1,Severa (≤ −2 fases)
RA-452,Aluno-452,2,Q,13.0,Menina,2021,Escola Pública,9.0,5.6,7.5,,4.8,7.167,5.0,Fase 3 (7º e 8º ano),-1,,6.287,Ágata,2022,2.0,1.0,1,Moderada (−1 fase)
RA-453,Aluno-453,2,Q,13.0,Menina,2022,Escola Pública,9.0,8.7,7.5,,8.8,7.778,5.0,Fase 3 (7º e 8º ano),-1,,7.845,Ametista,2022,2.0,0.0,1,Moderada (−1 fase)
RA-454,Aluno-454,2,Q,14.0,Menino,2018,Escola Pública,9.5,8.6,5.0,,2.3,5.444,5.0,Fase 4 (9º ano),-2,,5.561,Quartzo,2022,2.0,4.0,1,Severa (≤ −2 fases)
RA-454,Aluno-454,FASE 3,3P,15.0,Masculino,2018,Pública,0.0,7.5,5.0,4.6875,2.6,5.54,5.0,Fase 5 (1° EM),-2,,4.603416667,Quartzo,2023,3.0,5.0,1,Severa (≤ −2 fases)
RA-454,Aluno-454,4R,4R,17.0,Masculino,2021,Pública,9.585,6.633138401666667,6.255,5.416666667,3.6666666666666665,5.833333333,5.0,Fase 6 (2° EM),-2,Cursando,5.8522943469666675,Quartzo,2024,4.0,3.0,1,Severa (≤ −2 fases)
RA-455,Aluno-455,2,Q,12.0,Menina,2022,Escola Pública,7.0,7.9,7.5,,6.3,7.278,5.0,Fase 3 (7º e 8º ano),-1,,6.876,Ágata,2022,2.0,0.0,1,Moderada (−1 fase)
RA-455,Aluno-455,3U,3U,14.0,Feminino,2022,Pública,8.751,6.111111111,8.13,8.333333333,4.5,7.276666667,10.0,Fase 3 (7° e 8° ano),0,Cursando,7.098988888900001,Ametista,2024,3.0,2.0,0,Adequada/adiantada (≥ 0)
RA-456,Aluno-456,2,Q,12.0,Menina,2022,Escola Pública,6.4,8.2,6.3,,7.3,8.389,5.0,Fase 3 (7º e 8º ano),-1,,7.193,Ametista,2022,2.0,0.0,1,Moderada (−1 fase)
RA-456,Aluno-456,FASE 2,2P,12.0,Feminino,2022,Pública,0.0,8.3,4.39,9.583333333,9.9,9.953333333,5.0,Fase 3 (7° e 8° ano),-1,,7.518,Ametista,2023,2.0,1.0,1,Moderada (−1 fase)
RA-456,Aluno-456,3R,3R,13.0,Feminino,2022,Pública,7.083,9.382456140333334,7.51,9.166666667,6.5,8.893333333,10.0,Fase 3 (7° e 8° ano),0,Cursando,8.331124561366668,Topázio,2024,3.0,2.0,0,Adequada/adiantada (≥ 0)
RA-457,Aluno-457,2,Q,12.0,Menina,2022,Escola Pública,8.0,8.8,7.5,,8.5,7.667,5.0,Fase 3 (7º e 8º ano),-1,,7.68,Ametista,2022,2.0,0.0,1,Moderada (−1 fase)
RA-457,Aluno-457,FASE 3,3N,13.0,Feminino,2022,Pública,7.5,8.6,7.52,8.125,8.1,8.045,10.0,Fase 3 (7° e 8° ano),0,,8.256833333,Topázio,2023,3.0,1.0,0,Adequada/adiantada (≥ 0)
RA-457,Aluno-457,4N,4N,14.0,Feminino,2022,Pública,8.334,8.743961352333335,7.51,9.6875,8.666666666666666,7.77,10.0,Fase 3 (7° e 8° ano),1,Cursando,8.5892756038,Topázio,2024,4.0,2.0,0,Adequada/adiantada (≥ 0)
RA-458,Aluno-458,2,Q,13.0,Menino,2019,Escola Pública,8.0,7.7,7.5,,5.6,5.833,5.0,Fase 3 (7º e 8º ano),-1,,6.512,Ágata,2022,2.0,3.0,1,Moderada (−1 fase)
RA-458,Aluno-458,FASE 3,3P,,Masculino,2019,Pública,9.6,6.9,7.52,7.1875,3.8,6.2475,5.0,Fase 4 (9° ano),-1,,6.312083333,Ágata,2023,3.0,4.0,1,Moderada (−1 fase)
RA-458,Aluno-458,3P,3P,15.0,Masculino,2021,Pública,8.751,3.7396825396666666,6.88,7.03125,4.0,6.83,5.0,Fase 4 (9° ano),-1,Cursando,5.680161507933333,Quartzo,2024,3.0,3.0,1,Moderada (−1 fase)
RA-459,Aluno-459,2,Q,12.0,Menino,2019,Escola Pública,7.0,9.1,8.1,,7.3,7.222,5.0,Fase 3 (7º e 8º ano),-1,,7.28,Ametista,2022,2.0,3.0,1,Moderada (−1 fase)
RA-459,Aluno-459,FASE 3,3N,13.0,Masculino,2019,Pública,6.7,9.3,7.52,7.1875,8.3,7.88,10.0,Fase 3 (7° e 8° ano),0,,8.240016667,Topázio,2023,3.0,4.0,0,Adequada/adiantada (≥ 0)
RA-459,Aluno-459,4N,4N,14.0,Masculino,2021,Pública,7.917,8.454106280333333,5.635,7.8125,4.666666666666667,7.366,10.0,Fase 4 (9° ano),0,Cursando,7.233804589400001,Ametista,2024,4.0,3.0,0,Adequada/adiantada (≥ 0)
RA-46,Aluno-46,5,A,17.0,Menina,2022,Escola Pública,8.8,8.4,6.3,,2.1,7.083,5.0,Fase 7 (3º EM),-2,,6.048,Ágata,2022,5.0,0.0,1,Severa (≤ −2 fases)
RA-46,Aluno-46,FASE 5,5A,18.0,Feminino,2022,Pública,7.1,7.4,2.52,6.5625,4.4,6.6275,2.5,Fase 8 (Universitários),-3,,5.545383333,Quartzo,2023,5.0,1.0,1,Severa (≤ −2 fases)
RA-460,Aluno-460,2,Q,12.0,Menino,2022,Escola Pública,6.8,8.1,7.5,,3.3,5.056,5.0,Fase 3 (7º e 8º ano),-1,,5.711,Quartzo,2022,2.0,0.0,1,Moderada (−1 fase)
RA-461,Aluno-461,2,Q,12.0,Menina,2018,Escola Pública,0.0,6.7,7.5,,3.8,7.222,5.0,Fase 3 (7º e 8º ano),-1,,5.451,Quartzo,2022,2.0,4.0,1,Moderada (−1 fase)
RA-461,Aluno-461,FASE 2,2P,12.0,Feminino,2018,Pública,7.3,7.9,3.77,8.541666667,7.4,8.616666667,5.0,Fase 3 (7° e 8° ano),-1,,7.2379,Ametista,2023,2.0,5.0,1,Moderada (−1 fase)
RA-461,Aluno-461,3R,3R,13.0,Feminino,2021,Pública,8.751,9.182446312,7.51,7.708333333,4.5,7.056666667,10.0,Fase 3 (7° e 8° ano),0,Cursando,7.5447559291,Ametista,2024,3.0,3.0,0,Adequada/adiantada (≥ 0)
RA-462,Aluno-462,2,Q,14.0,Menino,2022,Escola Pública,10.0,8.5,7.5,,3.6,6.778,5.0,Fase 4 (9º ano),-2,,6.626,Ágata,2022,2.0,0.0,1,Severa (≤ −2 fases)
RA-462,Aluno-462,FASE 3,3P,,Feminino,2022,Pública,10.0,8.1,5.0,7.5,2.7,6.5825,5.0,Fase 5 (1° EM),-2,,6.2267,Ágata,2023,3.0,1.0,1,Severa (≤ −2 fases)
RA-463,Aluno-463,2,U,12.0,Menina,2020,Escola Pública,10.0,7.8,7.5,,2.5,7.389,5.0,Fase 3 (7º e 8º ano),-1,,6.41,Ágata,2022,2.0,2.0,1,Moderada (−1 fase)
RA-463,Aluno-463,FASE 3,3K,13.0,Feminino,2020,Pública,9.2,5.4,2.52,7.8125,4.0,7.795,10.0,Fase 3 (7° e 8° ano),0,,6.382383333,Ágata,2023,3.0,3.0,0,Adequada/adiantada (≥ 0)
RA-464,Aluno-464,2,U,13.0,Menina,2022,Escola Pública,7.5,8.0,7.5,,4.8,7.722,5.0,Fase 3 (7º e 8º ano),-1,,6.745,Ágata,2022,2.0,0.0,1,Moderada (−1 fase)
RA-464,Aluno-464,FASE 3,3K,,Feminino,2022,Pública,9.2,7.7,2.52,7.96875,3.0,7.38,5.0,Fase 4 (9° ano),-1,,6.081675,Ágata,2023,3.0,1.0,1,Moderada (−1 fase)
RA-464,Aluno-464,3L,3L,15.0,Feminino,2022,Pública,9.168,7.851461988333334,8.76,7.1875,4.333333333333333,7.1175,5.0,Fase 4 (9° ano),-1,Cursando,6.872009064333334,Ágata,2024,3.0,2.0,1,Moderada (−1 fase)
RA-465,Aluno-465,2,U,11.0,Menino,2019,Escola Pública,8.0,7.9,7.5,,7.8,8.444,10.0,Fase 2 (5º e 6º ano),0,,8.012,Ametista,2022,2.0,3.0,0,Adequada/adiantada (≥ 0)
RA-465,Aluno-465,FASE 3,3K,,Masculino,2019,Pública,7.5,9.4,2.52,7.96875,8.5,8.17,10.0,Fase 3 (7° e 8° ano),0,,8.012875,Topázio,2023,3.0,4.0,0,Adequada/adiantada (≥ 0)
RA-466,Aluno-466,2,U,13.0,Menino,2022,Escola Pública,8.5,9.7,7.5,,3.3,7.556,5.0,Fase 3 (7º e 8º ano),-1,,6.826,Ágata,2022,2.0,0.0,1,Moderada (−1 fase)
RA-466,Aluno-466,FASE 2,2L,14.0,Masculino,2022,Pública,9.5,7.6,6.89,6.25,4.5,7.056666667,5.0,Fase 4 (9° ano),-2,,6.595533333,Ágata,2023,2.0,1.0,1,Severa (≤ −2 fases)
RA-466,Aluno-466,3L,3L,15.0,Masculino,2022,Pública,8.751,7.223245614,8.76,7.5,4.0,7.665,5.0,Fase 4 (9° ano),-1,Cursando,6.778749122800001,Ágata,2024,3.0,2.0,1,Moderada (−1 fase)
RA-467,Aluno-467,2,U,13.0,Menina,2022,Escola Pública,5.8,8.4,5.0,,5.5,7.111,5.0,Fase 3 (7º e 8º ano),-1,,6.38,Ágata,2022,2.0,0.0,1,Moderada (−1 fase)
RA-467,Aluno-467,FASE 3,3K,,Feminino,2022,Pública,6.3,9.2,3.14,7.1875,5.2,7.5425,5.0,Fase 4 (9° ano),-1,,6.552916667,Ágata,2023,3.0,1.0,1,Moderada (−1 fase)
RA-467,Aluno-467,4L,4L,15.0,Feminino,2022,Pública,7.917,9.140350877333333,5.01,7.34375,6.833333333333333,7.54,10.0,Fase 4 (9° ano),0,Cursando,7.7298118421333335,Ametista,2024,4.0,2.0,0,Adequada/adiantada (≥ 0)
RA-468,Aluno-468,2,U,13.0,Menino,2022,Escola Pública,9.5,6.7,7.5,,4.1,6.722,5.0,Fase 3 (7º e 8º ano),-1,,6.313,Ágata,2022,2.0,0.0,1,Moderada (−1 fase)
RA-468,Aluno-468,FASE 3,3K,,Masculino,2022,Pública,8.3,6.0,6.27,7.34375,3.4,6.715,5.0,Fase 4 (9° ano),-1,,5.911108333,Quartzo,2023,3.0,1.0,1,Moderada (−1 fase)
RA-469,Aluno-469,2,U,11.0,Menina,2022,Escola Pública,9.0,9.6,5.0,,5.7,7.833,10.0,Fase 2 (5º e 6º ano),0,,7.624,Ametista,2022,2.0,0.0,0,Adequada/adiantada (≥ 0)
RA-469,Aluno-469,FASE 2,2L,,Feminino,2022,Pública,7.5,9.3,2.52,7.916666667,7.8,8.843333333,5.0,Fase 3 (7° e 8° ano),-1,,7.482533333,Ametista,2023,2.0,1.0,1,Moderada (−1 fase)
RA-469,Aluno-469,3K,3K,13.0,Feminino,2022,Pública,9.168,9.498366013,7.51,7.291666667,5.0,6.94,10.0,Fase 3 (7° e 8° ano),0,Cursando,7.684639869300001,Ametista,2024,3.0,2.0,0,Adequada/adiantada (≥ 0)
RA-47,Aluno-47,5,A,17.0,Menina,2022,Escola Pública,7.9,6.3,7.5,,2.1,7.042,5.0,Fase 7 (3º EM),-2,,5.677,Quartzo,2022,5.0,0.0,1,Severa (≤ −2 fases)
RA-470,Aluno-470,2,U,13.0,Menina,2019,Escola Pública,8.0,9.7,7.5,,6.3,7.5,5.0,Fase 3 (7º e 8º ano),-1,,7.378,Ametista,2022,2.0,3.0,1,Moderada (−1 fase)
RA-470,Aluno-470,FASE 3,3K,14.0,Feminino,2019,Pública,8.8,9.2,5.0,7.5,4.9,7.71,5.0,Fase 4 (9° ano),-1,,6.993766667,Ágata,2023,3.0,4.0,1,Moderada (−1 fase)
RA-470,Aluno-470,4L,4L,15.0,Feminino,2021,Pública,9.585,8.011695906666667,7.51,7.03125,3.3333333333333335,6.4975,10.0,Fase 4 (9° ano),0,Cursando,6.981130848,Ágata,2024,4.0,3.0,0,Adequada/adiantada (≥ 0)
RA-471,Aluno-471,2,U,13.0,Menina,2020,Escola Pública,3.5,8.5,5.0,,6.3,8.056,5.0,Fase 3 (7º e 8º ano),-1,,6.535,Ágata,2022,2.0,2.0,1,Moderada (−1 fase)
RA-471,Aluno-471,FASE 3,3L,,Feminino,2020,Pública,0.0,9.0,6.27,7.96875,5.0,8.125,10.0,Fase 3 (7° e 8° ano),0,,6.855541667,Ágata,2023,3.0,3.0,0,Adequada/adiantada (≥ 0)
RA-471,Aluno-471,4M,4M,14.0,Feminino,2021,Pública,0.0,7.027568922333333,7.51,7.708333333,5.5,8.0425,10.0,Fase 4 (9° ano),0,Cursando,6.635847117766667,Ágata,2024,4.0,3.0,0,Adequada/adiantada (≥ 0)
RA-472,Aluno-472,2,U,12.0,Menina,2022,Escola Pública,9.0,7.0,7.5,,2.0,7.056,5.0,Fase 3 (7º e 8º ano),-1,,5.93,Quartzo,2022,2.0,0.0,1,Moderada (−1 fase)
RA-472,Aluno-472,FASE 2,2L,,Feminino,2022,Pública,5.1,7.1,7.52,7.708333333,5.5,8.223333333,5.0,Fase 3 (7° e 8° ano),-1,,6.6858,Ágata,2023,2.0,1.0,1,Moderada (−1 fase)
RA-472,Aluno-472,2U,2U,14.0,Feminino,2022,Pública,7.502,7.48447205,7.51,6.25,6.25,6.333333333,5.0,Fase 3 (7° e 8° ano),-1,Cursando,6.6397610766,Ágata,2024,2.0,2.0,1,Moderada (−1 fase)
RA-473,Aluno-473,2,U,12.0,Menino,2019,Escola Pública,8.0,6.1,7.5,,4.3,5.889,5.0,Fase 3 (7º e 8º ano),-1,,5.915,Quartzo,2022,2.0,3.0,1,Moderada (−1 fase)
RA-474,Aluno-474,2,U,13.0,Menino,2019,Escola Pública,9.5,9.1,7.5,,3.0,6.0,5.0,Fase 3 (7º e 8º ano),-1,,6.446,Ágata,2022,2.0,3.0,1,Moderada (−1 fase)
RA-474,Aluno-474,FASE 3,3K,14.0,Masculino,2019,Pública,0.0,7.8,5.0,7.1875,3.3,6.7575,5.0,Fase 4 (9° ano),-1,,5.283583333,Quartzo,2023,3.0,4.0,1,Moderada (−1 fase)
RA-474,Aluno-474,3L,3L,15.0,Masculino,2021,Pública,9.168,5.818518518666667,7.51,7.1875,3.0,6.8725,5.0,Fase 4 (9° ano),-1,Cursando,6.024753703733333,Ágata,2024,3.0,3.0,1,Moderada (−1 fase)
RA-475,Aluno-475,2,U,12.0,Menina,2022,Escola Pública,8.5,9.2,7.5,,5.8,7.667,5.0,Fase 3 (7º e 8º ano),-1,,7.199,Ametista,2022,2.0,0.0,1,Moderada (−1 fase)
RA-476,Aluno-476,2,U,12.0,Menina,2019,Escola Pública,9.0,9.3,4.4,,5.5,7.556,5.0,Fase 3 (7º e 8º ano),-1,,6.931,Ágata,2022,2.0,3.0,1,Moderada (−1 fase)
RA-476,Aluno-476,FASE 3,3K,13.0,Feminino,2019,Pública,7.9,7.0,2.52,7.34375,4.1,7.505,10.0,Fase 3 (7° e 8° ano),0,,6.492408333,Ágata,2023,3.0,4.0,0,Adequada/adiantada (≥ 0)
RA-476,Aluno-476,3L,3L,14.0,Feminino,2021,Pública,7.917,6.5964912280000005,7.51,6.25,4.5,6.745,10.0,Fase 3 (7° e 8° ano),0,Cursando,6.7359982456,Ágata,2024,3.0,3.0,0,Adequada/adiantada (≥ 0)
RA-477,Aluno-477,2,U,13.0,Menino,2022,Escola Pública,0.0,5.0,5.6,,0.7,4.5,5.0,Fase 3 (7º e 8º ano),-1,,3.633,Quartzo,2022,2.0,0.0,1,Moderada (−1 fase)
RA-478,Aluno-478,2,U,12.0,Menina,2019,Escola Pública,8.5,9.1,5.6,,4.9,7.056,5.0,Fase 3 (7º e 8º ano),-1,,6.709,Ágata,2022,2.0,3.0,1,Moderada (−1 fase)
RA-478,Aluno-478,FASE 3,3K,12.0,Feminino,2019,Pública,6.7,7.3,2.52,7.1875,4.4,7.2975,10.0,Fase 3 (7° e 8° ano),0,,6.443616667,Ágata,2023,3.0,4.0,0,Adequada/adiantada (≥ 0)
RA-479,Aluno-479,1,A,10.0,Menino,2020,Rede Decisão,8.0,9.2,7.5,,9.8,9.5,5.0,Fase 2 (5º e 6º ano),-1,,8.465,Topázio,2022,1.0,2.0,1,Moderada (−1 fase)
RA-479,Aluno-479,FASE 2,2A,,Masculino,2020,Privada - Programa de Apadrinhamento,9.0,10.0,2.52,9.791666667,9.7,9.6375,10.0,Fase 2 (5° e 6° ano),0,,8.988866667,Topázio,2023,2.0,3.0,0,Adequada/adiantada (≥ 0)
RA-479,Aluno-479,3C,3C,12.0,Masculino,2021,Privada - Programa de Apadrinhamento,9.168,9.866666666666667,2.51,9.375,9.666666666666666,9.45,10.0,Fase 2 (5° e 6° ano),1,Cursando,8.901966666666668,Topázio,2024,3.0,3.0,0,Adequada/adiantada (≥ 0)
RA-48,Aluno-48,5,A,15.0,Menina,2017,Rede Decisão,6.7,8.4,7.5,,8.1,8.5,10.0,Fase 5 (1º EM),0,,8.006,Ametista,2022,5.0,5.0,0,Adequada/adiantada (≥ 0)
RA-48,Aluno-48,FASE 6,6A,16.0,Feminino,2017,Privada - Programa de Apadrinhamento,6.7,8.4,6.26,7.65625,7.7,7.6275,10.0,Fase 6 (2° EM),0,,7.797058333,Ametista,2023,6.0,6.0,0,Adequada/adiantada (≥ 0)
RA-48,Aluno-48,7A,7A,17.0,Feminino,2021,Privada - Programa de Apadrinhamento,7.917,8.339076859,9.375,8.59375,7.5,8.23,10.0,Fase 7 (3° EM),0,Cursando,8.402390371800001,Topázio,2024,7.0,3.0,0,Adequada/adiantada (≥ 0)
RA-480,Aluno-480,1,A,10.0,Menina,2021,Escola Pública,9.0,8.8,7.5,,6.3,8.444,5.0,Fase 2 (5º e 6º ano),-1,,7.502,Ametista,2022,1.0,1.0,1,Moderada (−1 fase)
RA-480,Aluno-480,FASE 1,1B,11.0,Feminino,2021,Pública,10.0,9.7,7.52,7.96875,7.9,8.336666667,5.0,Fase 2 (5° e 6° ano),-1,,8.226408333,Topázio,2023,1.0,2.0,1,Moderada (−1 fase)
RA-480,Aluno-480,2C,2C,12.0,Feminino,2021,Pública,6.25,8.0714285715,7.51,7.8125,5.0,7.443333333,10.0,Fase 2 (5° e 6° ano),0,Cursando,7.260202380900001,Ametista,2024,2.0,3.0,0,Adequada/adiantada (≥ 0)
RA-481,Aluno-481,1,A,9.0,Menino,2021,Escola Pública,9.0,8.0,7.5,,5.2,6.889,10.0,Fase 1 (4º ano),0,,7.21,Ametista,2022,1.0,1.0,0,Adequada/adiantada (≥ 0)
RA-482,Aluno-482,1,A,11.0,Menino,2021,Escola Pública,10.0,7.9,7.5,,5.5,6.833,5.0,Fase 2 (5º e 6º ano),-1,,6.866,Ágata,2022,1.0,1.0,1,Moderada (−1 fase)
RA-483,Aluno-483,1,A,11.0,Menina,2019,Escola Pública,9.0,4.8,5.0,,2.4,6.833,5.0,Fase 2 (5º e 6º ano),-1,,5.263,Quartzo,2022,1.0,3.0,1,Moderada (−1 fase)
RA-483,Aluno-483,FASE 1,1H,12.0,Feminino,2019,Pública,9.0,6.0,2.52,7.916666667,5.6,8.166666667,5.0,Fase 3 (7° e 8° ano),-2,,6.3972,Ágata,2023,1.0,4.0,1,Severa (≤ −2 fases)
RA-483,Aluno-483,2B,2B,13.0,Feminino,2021,Pública,8.502,5.6428571430000005,6.26,8.125,5.25,8.056666667,5.0,Fase 3 (7° e 8° ano),-1,Cursando,6.578604762,Ágata,2024,2.0,3.0,1,Moderada (−1 fase)
RA-484,Aluno-484,1,A,11.0,Menino,2022,Escola Pública,9.5,8.7,5.0,,6.5,6.389,5.0,Fase 2 (5º e 6º ano),-1,,6.71,Ágata,2022,1.0,0.0,1,Moderada (−1 fase)
RA-484,Aluno-484,FASE 2,2B,12.0,Masculino,2022,Pública,6.4,7.5,2.52,5.416666667,3.6,6.8,5.0,Fase 3 (7° e 8° ano),-1,,5.515466667,Quartzo,2023,2.0,1.0,1,Moderada (−1 fase)
RA-484,Aluno-484,3A,3A,13.0,Masculino,2022,Pública,8.334,3.9141382866666667,2.51,3.4375,0.0,3.1225,10.0,Fase 3 (7° e 8° ano),0,Cursando,3.8354776573333336,Quartzo,2024,3.0,2.0,0,Adequada/adiantada (≥ 0)
RA-485,Aluno-485,1,A,10.0,Menino,2020,Escola Pública,9.5,4.0,7.5,,1.2,5.444,5.0,Fase 2 (5º e 6º ano),-1,,4.742,Quartzo,2022,1.0,2.0,1,Moderada (−1 fase)
RA-486,Aluno-486,1,A,10.0,Menina,2020,Escola Pública,10.0,9.9,7.5,,7.3,7.222,5.0,Fase 2 (5º e 6º ano),-1,,7.621,Ametista,2022,1.0,2.0,1,Moderada (−1 fase)
RA-486,Aluno-486,FASE 2,2A,11.0,Feminino,2020,Privada,8.4,6.4,2.52,7.5,6.2,8.7525,10.0,Fase 2 (5° e 6° ano),0,,7.1043,Ametista,2023,2.0,3.0,0,Adequada/adiantada (≥ 0)
RA-487,Aluno-487,1,A,10.0,Menina,2019,Rede Decisão,7.5,9.7,7.5,,9.6,9.333,5.0,Fase 2 (5º e 6º ano),-1,,8.417,Topázio,2022,1.0,3.0,1,Moderada (−1 fase)
RA-487,Aluno-487,FASE 2,2A,11.0,Feminino,2019,Privada - Programa de Apadrinhamento,8.5,9.9,5.0,9.166666667,9.5,9.26,10.0,Fase 2 (5° e 6° ano),0,,8.988866667,Topázio,2023,2.0,4.0,0,Adequada/adiantada (≥ 0)
RA-487,Aluno-487,3A,3A,12.0,Feminino,2021,Privada - Programa de Apadrinhamento,9.168,9.441269841333334,9.38,9.0625,9.666666666666666,9.1725,10.0,Fase 3 (7° e 8° ano),0,Cursando,9.4171373016,Topázio,2024,3.0,3.0,0,Adequada/adiantada (≥ 0)
RA-488,Aluno-488,1,A,10.0,Menina,2022,Escola Pública,8.5,8.8,7.5,,7.3,7.722,5.0,Fase 2 (5º e 6º ano),-1,,7.413,Ametista,2022,1.0,0.0,1,Moderada (−1 fase)
RA-489,Aluno-489,1,A,9.0,Menina,2022,Escola Pública,9.0,7.2,7.5,,0.0,6.5,10.0,Fase 1 (4º ano),0,,5.853,Quartzo,2022,1.0,0.0,0,Adequada/adiantada (≥ 0)
RA-49,Aluno-49,5,A,17.0,Menina,2022,Escola Pública,7.5,7.4,7.5,,3.9,7.042,5.0,Fase 7 (3º EM),-2,,6.304,Ágata,2022,5.0,0.0,1,Severa (≤ −2 fases)
RA-49,Aluno-49,FASE 8,8E,18.0,Feminino,2022,Privada *Parcerias com Bolsa 100%,,,,,,,10.0,Fase 8 (Universitários),0,,,,2023,8.0,1.0,0,Adequada/adiantada (≥ 0)
RA-49,Aluno-49,8E,8E,19.0,Feminino,2022,Privada - Pagamento por *Empresa Parceira,,0.0,,,,,10.0,Fase 8 (Universitários),0,Cursando,,,2024,8.0,2.0,0,Adequada/adiantada (≥ 0)
RA-490,Aluno-490,1,A,10.0,Menina,2022,Escola Pública,7.9,8.2,7.5,,7.7,8.722,5.0,Fase 2 (5º e 6º ano),-1,,7.576,Ametista,2022,1.0,0.0,1,Moderada (−1 fase)
RA-490,Aluno-490,FASE 2,2A,,Feminino,2022,Privada,7.9,7.9,2.52,8.541666667,5.8,9.0075,10.0,Fase 2 (5° e 6° ano),0,,7.429466667,Ametista,2023,2.0,1.0,0,Adequada/adiantada (≥ 0)
RA-490,Aluno-490,3A,3A,12.0,Feminino,2022,Privada,9.168,5.5110047846666665,8.755,7.8125,6.166666666666667,7.295,10.0,Fase 2 (5° e 6° ano),1,Cursando,7.368084290266667,Ametista,2024,3.0,2.0,0,Adequada/adiantada (≥ 0)
RA-491,Aluno-491,1,A,11.0,Menino,2022,Escola Pública,7.5,9.7,7.5,,7.0,7.722,5.0,Fase 2 (5º e 6º ano),-1,,7.461,Ametista,2022,1.0,0.0,1,Moderada (−1 fase)
RA-491,Aluno-491,FASE 2,2A,,Masculino,2022,Pública,9.5,9.6,2.52,7.708333333,5.0,8.3375,10.0,Fase 2 (5° e 6° ano),0,,7.560533333,Ametista,2023,2.0,1.0,0,Adequada/adiantada (≥ 0)
RA-491,Aluno-491,2B,2B,12.0,Masculino,2022,Pública,7.502,9.011904762,7.51,7.083333333,5.25,7.166666667,5.0,Fase 3 (7° e 8° ano),-1,Cursando,6.995247619100001,Ágata,2024,2.0,2.0,1,Moderada (−1 fase)
RA-492,Aluno-492,1,A,11.0,Menina,2022,Escola Pública,10.0,8.8,7.5,,7.1,8.278,5.0,Fase 2 (5º e 6º ano),-1,,7.678,Ametista,2022,1.0,0.0,1,Moderada (−1 fase)
RA-493,Aluno-493,1,B,9.0,Menina,2020,Escola Pública,10.0,9.4,7.5,,7.2,8.278,10.0,Fase 1 (4º ano),0,,8.306,Topázio,2022,1.0,2.0,0,Adequada/adiantada (≥ 0)
RA-493,Aluno-493,FASE 2,2A,10.0,Feminino,2020,Pública,9.5,9.6,2.52,8.541666667,6.0,8.84,10.0,Fase 2 (5° e 6° ano),0,,7.934366667,Ametista,2023,2.0,3.0,0,Adequada/adiantada (≥ 0)
RA-493,Aluno-493,3B,3B,11.0,Feminino,2021,Pública,10.002,8.933333333333334,10.0,7.03125,3.1666666666666665,6.705,10.0,Fase 2 (5° e 6° ano),1,Cursando,7.4643250000000005,Ametista,2024,3.0,3.0,0,Adequada/adiantada (≥ 0)
RA-494,Aluno-494,1,B,11.0,Menina,2022,Escola Pública,6.4,8.3,5.0,,5.8,6.944,5.0,Fase 2 (5º e 6º ano),-1,,6.407,Ágata,2022,1.0,0.0,1,Moderada (−1 fase)
RA-494,Aluno-494,FASE 2,2A,12.0,Feminino,2022,Privada,6.9,9.0,2.52,7.708333333,6.8,8.71,5.0,Fase 3 (7° e 8° ano),-1,,7.116633333,Ametista,2023,2.0,1.0,1,Moderada (−1 fase)
RA-494,Aluno-494,3A,3A,13.0,Feminino,2022,Privada,7.5,7.329323308333333,8.755,7.8125,6.333333333333333,8.915,10.0,Fase 3 (7° e 8° ano),0,Cursando,7.922281328333334,Ametista,2024,3.0,2.0,0,Adequada/adiantada (≥ 0)
RA-495,Aluno-495,1,B,11.0,Menino,2022,Escola Pública,9.0,8.9,7.5,,8.4,8.056,5.0,Fase 2 (5º e 6º ano),-1,,7.857,Ametista,2022,1.0,0.0,1,Moderada (−1 fase)
RA-495,Aluno-495,FASE 2,2B,,Masculino,2022,Privada,9.0,8.4,2.52,8.541666667,7.4,8.755,5.0,Fase 3 (7° e 8° ano),-1,,7.417366667,Ametista,2023,2.0,1.0,1,Moderada (−1 fase)
RA-496,Aluno-496,1,B,11.0,Menino,2018,Escola Pública,8.5,6.8,7.5,,5.7,7.556,5.0,Fase 2 (5º e 6º ano),-1,,6.683,Ágata,2022,1.0,4.0,1,Moderada (−1 fase)
RA-496,Aluno-496,FASE 2,2A,,Masculino,2018,Privada,0.0,7.1,5.0,7.916666667,8.3,8.71,5.0,Fase 3 (7° e 8° ano),-1,,6.603666667,Ágata,2023,2.0,5.0,1,Moderada (−1 fase)
RA-496,Aluno-496,3A,3A,13.0,Masculino,2021,Privada,10.002,5.315995871999999,6.255,6.71875,5.666666666666667,6.1625,10.0,Fase 3 (7° e 8° ano),0,Cursando,6.726607507733334,Ágata,2024,3.0,3.0,0,Adequada/adiantada (≥ 0)
RA-497,Aluno-497,1,B,13.0,Menina,2016,Rede Decisão,6.9,9.2,5.0,,5.1,5.833,5.0,Fase 3 (7º e 8º ano),-2,,6.323,Ágata,2022,1.0,6.0,1,Severa (≤ −2 fases)
RA-497,Aluno-497,FASE 2,2A,,Feminino,2016,Privada - Programa de apadrinhamento,5.3,8.7,2.52,6.25,3.5,6.885,5.0,Fase 4 (9° ano),-2,,5.7191,Quartzo,2023,2.0,7.0,1,Severa (≤ −2 fases)
RA-497,Aluno-497,2B,2B,15.0,Feminino,2021,Privada - Programa de apadrinhamento,7.502,6.095238095,5.63,5.625,1.0,3.506666667,5.0,Fase 3 (7° e 8° ano),-1,Cursando,4.4960809524,Quartzo,2024,2.0,3.0,1,Moderada (−1 fase)
RA-498,Aluno-498,1,B,11.0,Menina,2018,Escola Pública,8.5,8.8,7.5,,8.8,7.556,5.0,Fase 2 (5º e 6º ano),-1,,7.7,Ametista,2022,1.0,4.0,1,Moderada (−1 fase)
RA-499,Aluno-499,1,B,10.0,Menino,2020,Escola Pública,8.5,10.0,7.5,,8.2,7.444,5.0,Fase 2 (5º e 6º ano),-1,,7.826,Ametista,2022,1.0,2.0,1,Moderada (−1 fase)
RA-499,Aluno-499,FASE 2,2C,11.0,Masculino,2020,Pública,7.9,10.0,2.52,8.75,6.6,8.2975,10.0,Fase 2 (5° e 6° ano),0,,7.8883,Ametista,2023,2.0,3.0,0,Adequada/adiantada (≥ 0)
RA-499,Aluno-499,2C,2C,12.0,Masculino,2021,Pública,8.502,9.0476190475,7.51,7.1875,4.75,7.5,10.0,Fase 2 (5° e 6° ano),0,Cursando,7.5794738095000005,Ametista,2024,2.0,3.0,0,Adequada/adiantada (≥ 0)
RA-5,Aluno-5,7,A,17.0,Menina,2016,Rede Decisão,7.9,8.6,5.6,,5.2,7.389,10.0,Fase 7 (3º EM),0,,7.427,Ametista,2022,7.0,6.0,0,Adequada/adiantada (≥ 0)
RA-5,Aluno-5,FASE 8,8E,,Feminino,2016,Privada *Parcerias com Bolsa 100%,,,,,,,10.0,Fase 8 (Universitários),0,,,,2023,8.0,7.0,0,Adequada/adiantada (≥ 0)
RA-50,Aluno-50,5,A,18.0,Menina,2022,Escola Pública,7.5,8.4,7.5,,7.8,7.542,2.5,Fase 8 (Universitários),-3,,7.138,Ametista,2022,5.0,0.0,1,Severa (≤ −2 fases)
RA-500,Aluno-500,1,B,10.0,Menina,2020,Escola Pública,9.0,10.0,7.5,,9.5,7.889,5.0,Fase 2 (5º e 6º ano),-1,,8.232,Topázio,2022,1.0,2.0,1,Moderada (−1 fase)
RA-500,Aluno-500,FASE 2,2C,11.0,Feminino,2020,Pública,9.5,10.0,2.52,8.958333333,7.9,8.7975,10.0,Fase 2 (5° e 6° ano),0,,8.427533333,Topázio,2023,2.0,3.0,0,Adequada/adiantada (≥ 0)
RA-500,Aluno-500,3D,3D,12.0,Feminino,2021,Privada - Programa de Apadrinhamento,9.585,10.0,2.51,8.59375,6.666666666666667,8.3775,10.0,Fase 3 (7° e 8° ano),0,Cursando,8.077708333333334,Topázio,2024,3.0,3.0,0,Adequada/adiantada (≥ 0)
RA-501,Aluno-501,1,B,9.0,Menino,2021,Escola Pública,8.5,8.8,7.5,,6.8,7.333,10.0,Fase 1 (4º ano),0,,7.794,Ametista,2022,1.0,1.0,0,Adequada/adiantada (≥ 0)
RA-501,Aluno-501,FASE 1,1C,10.0,Masculino,2021,Pública,7.0,8.4,7.52,8.541666667,8.9,9.396666667,5.0,Fase 2 (5° e 6° ano),-1,,8.1357,Topázio,2023,1.0,2.0,1,Moderada (−1 fase)
RA-501,Aluno-501,2D,2D,11.0,Masculino,2021,Privada,7.002,7.9949874685,7.51,8.4375,8.75,8.17,10.0,Fase 2 (5° e 6° ano),0,Cursando,8.2779474937,Topázio,2024,2.0,3.0,0,Adequada/adiantada (≥ 0)
RA-502,Aluno-502,1,B,8.0,Menina,2021,Rede Decisão,9.5,9.7,7.5,,7.4,7.778,10.0,ALFA  (2º e 3º ano),1,,8.287,Topázio,2022,1.0,1.0,0,Adequada/adiantada (≥ 0)
RA-502,Aluno-502,FASE 1,1B,9.0,Feminino,2021,Privada - Programa de Apadrinhamento,8.5,9.8,7.52,7.96875,8.0,8.95,10.0,Fase 1 (3° e 4° ano),0,,8.749075,Topázio,2023,1.0,2.0,0,Adequada/adiantada (≥ 0)
RA-502,Aluno-502,2D,2D,10.0,Feminino,2021,Privada - Programa de Apadrinhamento,9.002,9.761904762,3.755,9.0625,8.0,8.84,10.0,Fase 2 (5° e 6° ano),0,Cursando,8.5023309524,Topázio,2024,2.0,3.0,0,Adequada/adiantada (≥ 0)
RA-503,Aluno-503,1,B,10.0,Menino,2020,Escola Pública,8.5,10.0,7.5,,8.8,7.5,5.0,Fase 2 (5º e 6º ano),-1,,7.95,Ametista,2022,1.0,2.0,1,Moderada (−1 fase)
RA-503,Aluno-503,FASE 2,2C,,Masculino,2020,Pública,9.5,10.0,2.52,8.75,8.7,8.255,10.0,Fase 2 (5° e 6° ano),0,,8.4682,Topázio,2023,2.0,3.0,0,Adequada/adiantada (≥ 0)
RA-503,Aluno-503,3D,3D,12.0,Masculino,2021,Pública,9.585,9.824561403666666,7.51,7.8125,7.666666666666667,7.7925,10.0,Fase 2 (5° e 6° ano),1,Cursando,8.547495614066667,Topázio,2024,3.0,3.0,0,Adequada/adiantada (≥ 0)
RA-504,Aluno-504,1,B,9.0,Menina,2021,Escola Pública,8.5,8.9,7.5,,8.0,7.556,10.0,Fase 1 (4º ano),0,,8.072,Topázio,2022,1.0,1.0,0,Adequada/adiantada (≥ 0)
RA-504,Aluno-504,FASE 1,1B,9.0,Feminino,2021,Pública,8.0,8.3,7.52,7.5,7.9,8.836666667,10.0,Fase 1 (3° e 4° ano),0,,8.299533333,Topázio,2023,1.0,2.0,0,Adequada/adiantada (≥ 0)
RA-505,Aluno-505,1,B,11.0,Menina,2019,Escola Pública,9.5,8.0,7.5,,8.4,7.556,5.0,Fase 2 (5º e 6º ano),-1,,7.591,Ametista,2022,1.0,3.0,1,Moderada (−1 fase)
RA-506,Aluno-506,1,B,12.0,Menino,2020,Escola Pública,9.5,7.3,7.5,,7.2,7.278,5.0,Fase 3 (7º e 8º ano),-2,,7.132,Ametista,2022,1.0,2.0,1,Severa (≤ −2 fases)
RA-506,Aluno-506,FASE 2,2D,13.0,Masculino,2020,Pública,9.5,8.1,5.0,8.958333333,8.5,7.92,5.0,Fase 3 (7° e 8° ano),-1,,7.750033333,Ametista,2023,2.0,3.0,1,Moderada (−1 fase)
RA-507,Aluno-507,1,C,11.0,Menina,2021,Escola Pública,8.5,10.0,7.5,,7.4,7.222,5.0,Fase 2 (5º e 6º ano),-1,,7.653,Ametista,2022,1.0,1.0,1,Moderada (−1 fase)
RA-508,Aluno-508,1,C,10.0,Menino,2022,Escola Pública,8.0,7.4,7.5,,4.5,7.556,5.0,Fase 2 (5º e 6º ano),-1,,6.575,Ágata,2022,1.0,0.0,1,Moderada (−1 fase)
RA-508,Aluno-508,FASE 2,2B,10.0,Masculino,2022,Pública,6.4,8.6,2.52,8.333333333,7.5,8.6725,10.0,Fase 2 (5° e 6° ano),0,,7.671633333,Ametista,2023,2.0,1.0,0,Adequada/adiantada (≥ 0)
RA-508,Aluno-508,3D,3D,12.0,Masculino,2022,Pública,7.083,5.567251461999999,7.51,7.65625,4.666666666666667,7.5,10.0,Fase 2 (5° e 6° ano),1,Cursando,6.771708625733333,Ágata,2024,3.0,2.0,0,Adequada/adiantada (≥ 0)
RA-509,Aluno-509,1,C,12.0,Menina,2018,Escola Pública,9.0,8.2,7.5,,9.2,7.833,5.0,Fase 3 (7º e 8º ano),-2,,7.808,Ametista,2022,1.0,4.0,1,Severa (≤ −2 fases)
RA-509,Aluno-509,FASE 2,2C,12.0,Feminino,2018,Pública,8.5,8.1,2.52,8.958333333,8.6,8.84,5.0,Fase 3 (7° e 8° ano),-1,,7.606033333,Ametista,2023,2.0,5.0,1,Moderada (−1 fase)
RA-509,Aluno-509,3D,3D,13.0,Feminino,2021,Pública,9.168,6.363636363666667,2.51,8.28125,6.0,7.2475,10.0,Fase 3 (7° e 8° ano),0,Cursando,6.918152272733334,Ágata,2024,3.0,3.0,0,Adequada/adiantada (≥ 0)
RA-51,Aluno-51,5,B,17.0,Menina,2022,Escola Pública,8.8,7.6,7.5,,5.0,6.5,5.0,Fase 7 (3º EM),-2,,6.488,Ágata,2022,5.0,0.0,1,Severa (≤ −2 fases)
RA-510,Aluno-510,1,C,12.0,Menino,2022,Escola Pública,8.0,9.3,7.5,,7.1,7.056,5.0,Fase 3 (7º e 8º ano),-2,,7.336,Ametista,2022,1.0,0.0,1,Severa (≤ −2 fases)
RA-511,Aluno-511,1,C,10.0,Menina,2022,Escola Pública,8.0,10.0,7.5,,5.3,7.056,5.0,Fase 2 (5º e 6º ano),-1,,7.094,Ametista,2022,1.0,0.0,1,Moderada (−1 fase)
RA-512,Aluno-512,1,C,10.0,Menina,2022,Escola Pública,9.0,9.3,7.5,,6.2,7.722,5.0,Fase 2 (5º e 6º ano),-1,,7.365,Ametista,2022,1.0,0.0,1,Moderada (−1 fase)
RA-513,Aluno-513,1,C,9.0,Menino,2021,Escola Pública,9.0,9.6,5.6,,8.3,7.778,10.0,Fase 1 (4º ano),0,,8.229,Topázio,2022,1.0,1.0,0,Adequada/adiantada (≥ 0)
RA-513,Aluno-513,FASE 2,2A,10.0,Masculino,2021,Privada,9.5,9.7,2.52,8.541666667,7.5,9.0075,10.0,Fase 2 (5° e 6° ano),0,,8.297866667,Topázio,2023,2.0,2.0,0,Adequada/adiantada (≥ 0)
RA-513,Aluno-513,3B,3B,11.0,Masculino,2021,Privada,10.002,8.831746031666666,8.135,9.0625,7.666666666666667,8.545,10.0,Fase 2 (5° e 6° ano),1,Cursando,8.728632539666668,Topázio,2024,3.0,3.0,0,Adequada/adiantada (≥ 0)
RA-514,Aluno-514,1,C,9.0,Menina,2022,Escola Pública,8.0,9.7,7.5,,4.8,5.889,10.0,Fase 1 (4º ano),0,,7.039,Ametista,2022,1.0,0.0,0,Adequada/adiantada (≥ 0)
RA-514,Aluno-514,FASE 1,1A,,Feminino,2022,Pública,7.9,7.5,2.52,5.0,5.5,5.896666667,5.0,Fase 2 (5° e 6° ano),-1,,5.823133333,Quartzo,2023,1.0,1.0,1,Moderada (−1 fase)
RA-514,Aluno-514,2C,2C,11.0,Feminino,2022,Pública,9.002,7.595238095,4.385,5.625,3.0,5.996666667,10.0,Fase 2 (5° e 6° ano),0,Cursando,6.219580952400001,Ágata,2024,2.0,2.0,0,Adequada/adiantada (≥ 0)
RA-515,Aluno-515,1,C,12.0,Menino,2022,Escola Pública,8.0,6.3,7.5,,5.8,7.556,5.0,Fase 3 (7º e 8º ano),-2,,6.582,Ágata,2022,1.0,0.0,1,Severa (≤ −2 fases)
RA-516,Aluno-516,1,C,9.0,Menino,2019,Rede Decisão,10.0,9.7,7.5,,9.9,8.056,10.0,Fase 1 (4º ano),0,,8.903,Topázio,2022,1.0,3.0,0,Adequada/adiantada (≥ 0)
RA-516,Aluno-516,FASE 2,2B,10.0,Masculino,2019,Privada - Programa de Apadrinhamento,10.0,9.8,2.52,8.75,9.3,8.7175,10.0,Fase 2 (5° e 6° ano),0,,8.6807,Topázio,2023,2.0,4.0,0,Adequada/adiantada (≥ 0)
RA-516,Aluno-516,3C,3C,11.0,Masculino,2021,Privada - Programa de Apadrinhamento,10.002,10.0,2.51,8.541666667,8.833333333333334,7.56,10.0,Fase 2 (5° e 6° ano),1,Cursando,8.384033333366668,Topázio,2024,3.0,3.0,0,Adequada/adiantada (≥ 0)
RA-517,Aluno-517,1,D,12.0,Menina,2017,Escola Pública,6.9,9.5,7.5,,7.7,7.833,5.0,Fase 3 (7º e 8º ano),-2,,7.604,Ametista,2022,1.0,5.0,1,Severa (≤ −2 fases)
RA-517,Aluno-517,FASE 2,2D,13.0,Feminino,2017,Pública,4.1,9.0,2.52,6.875,6.6,6.7125,5.0,Fase 3 (7° e 8° ano),-1,,6.3104,Ágata,2023,2.0,6.0,1,Moderada (−1 fase)
RA-517,Aluno-517,3C,3C,14.0,Feminino,2021,Pública,7.5,5.266499582333334,2.51,6.041666667,5.0,6.11,10.0,Fase 3 (7° e 8° ano),0,Cursando,5.880466583166668,Quartzo,2024,3.0,3.0,0,Adequada/adiantada (≥ 0)
RA-518,Aluno-518,1,D,10.0,Menino,2022,Escola Pública,9.0,9.4,7.5,,7.5,7.5,5.0,Fase 2 (5º e 6º ano),-1,,7.661,Ametista,2022,1.0,0.0,1,Moderada (−1 fase)
RA-518,Aluno-518,FASE 2,2D,11.0,Masculino,2022,Pública,8.5,8.5,5.0,8.125,6.7,6.9175,10.0,Fase 2 (5° e 6° ano),0,,7.5762,Ametista,2023,2.0,1.0,0,Adequada/adiantada (≥ 0)
RA-518,Aluno-518,3C,3C,12.0,Masculino,2022,Pública,8.334,6.8300751879999995,2.51,7.083333333,4.0,6.94,10.0,Fase 3 (7° e 8° ano),0,Cursando,6.3467483709,Ágata,2024,3.0,2.0,0,Adequada/adiantada (≥ 0)
RA-519,Aluno-519,1,D,9.0,Menino,2022,Escola Pública,7.4,9.6,7.5,,7.5,7.333,10.0,Fase 1 (4º ano),0,,8.0,Ametista,2022,1.0,0.0,0,Adequada/adiantada (≥ 0)
RA-519,Aluno-519,FASE 1,1G,10.0,Masculino,2022,Pública,9.0,9.9,7.52,7.708333333,7.4,8.223333333,5.0,Fase 2 (5° e 6° ano),-1,,8.0177,Topázio,2023,1.0,1.0,1,Moderada (−1 fase)
RA-52,Aluno-52,5,B,13.0,Menino,2018,Rede Decisão,9.6,8.9,7.5,,6.2,7.5,10.0,Fase 3 (7º e 8º ano),2,,7.861,Ametista,2022,5.0,4.0,0,Adequada/adiantada (≥ 0)
RA-52,Aluno-52,FASE 5,5B,,Masculino,2018,Privada - Programa de Apadrinhamento,10.0,9.8,2.52,8.125,6.4,8.2975,10.0,Fase 4 (9° ano),1,,7.9642,Ametista,2023,5.0,5.0,0,Adequada/adiantada (≥ 0)
RA-52,Aluno-52,7E,7E,15.0,Masculino,2021,Privada *Parcerias com Bolsa 100%,8.751,9.437666667,6.885,7.5,7.216666666666666,7.5,10.0,Fase 5 (1° EM),2,Cursando,8.144466666733333,Topázio,2024,7.0,3.0,0,Adequada/adiantada (≥ 0)
RA-520,Aluno-520,1,D,11.0,Menina,2022,Escola Pública,10.0,6.8,7.5,,6.8,7.278,5.0,Fase 2 (5º e 6º ano),-1,,7.035,Ametista,2022,1.0,0.0,1,Moderada (−1 fase)
RA-521,Aluno-521,1,D,9.0,Menino,2022,Escola Pública,9.0,10.0,5.0,,6.0,7.5,10.0,Fase 1 (4º ano),0,,7.725,Ametista,2022,1.0,0.0,0,Adequada/adiantada (≥ 0)
RA-521,Aluno-521,FASE 1,1G,,Masculino,2022,Pública,0.0,9.9,3.77,7.083333333,7.9,8.166666667,5.0,Fase 2 (5° e 6° ano),-1,,6.768666667,Ágata,2023,1.0,1.0,1,Moderada (−1 fase)
RA-521,Aluno-521,2A,2A,11.0,Masculino,2022,Privada,8.002,9.0357142855,5.005,6.666666667,6.25,7.276666667,10.0,Fase 2 (5° e 6° ano),0,Cursando,7.4798428571999995,Ametista,2024,2.0,2.0,0,Adequada/adiantada (≥ 0)
RA-522,Aluno-522,1,D,9.0,Menino,2021,Escola Pública,9.5,9.1,7.5,,7.5,8.167,10.0,Fase 1 (4º ano),0,,8.306,Topázio,2022,1.0,1.0,0,Adequada/adiantada (≥ 0)
RA-522,Aluno-522,FASE 1,1C,,Masculino,2021,Pública,7.5,9.2,7.52,7.083333333,8.3,8.45,5.0,Fase 2 (5° e 6° ano),-1,,7.890533333,Ametista,2023,1.0,2.0,1,Moderada (−1 fase)
RA-522,Aluno-522,2D,2D,11.0,Masculino,2021,Pública,8.002,9.523809524,7.51,8.4375,9.0,7.89,10.0,Fase 2 (5° e 6° ano),0,Cursando,8.6777119048,Topázio,2024,2.0,3.0,0,Adequada/adiantada (≥ 0)
RA-523,Aluno-523,1,D,11.0,Menina,2022,Escola Pública,10.0,9.5,7.5,,6.5,7.556,5.0,Fase 2 (5º e 6º ano),-1,,7.591,Ametista,2022,1.0,0.0,1,Moderada (−1 fase)
RA-524,Aluno-524,1,D,11.0,Menino,2019,Escola Pública,0.0,9.4,5.0,,9.1,8.056,5.0,Fase 2 (5º e 6º ano),-1,,6.947,Ágata,2022,1.0,3.0,1,Moderada (−1 fase)
RA-524,Aluno-524,FASE 2,2D,,Masculino,2019,Pública,6.4,9.2,2.52,8.333333333,8.9,7.42,5.0,Fase 3 (7° e 8° ano),-1,,7.331133333,Ametista,2023,2.0,4.0,1,Moderada (−1 fase)
RA-524,Aluno-524,3C,3C,13.0,Masculino,2021,Pública,7.083,5.111779448666667,2.51,8.333333333,8.666666666666666,7.39,10.0,Fase 3 (7° e 8° ano),0,Cursando,7.026322556366667,Ametista,2024,3.0,3.0,0,Adequada/adiantada (≥ 0)
RA-525,Aluno-525,1,D,11.0,Menina,2021,Escola Pública,9.0,9.3,7.5,,8.6,8.167,5.0,Fase 2 (5º e 6º ano),-1,,8.013,Ametista,2022,1.0,1.0,1,Moderada (−1 fase)
RA-525,Aluno-525,FASE 2,2I,,Feminino,2021,Pública,8.0,8.6,2.52,8.958333333,9.2,9.566666667,5.0,Fase 3 (7° e 8° ano),-1,,7.911366667,Ametista,2023,2.0,2.0,1,Moderada (−1 fase)
RA-526,Aluno-526,1,D,12.0,Menino,2022,Escola Pública,10.0,9.9,7.5,,8.0,8.167,5.0,Fase 3 (7º e 8º ano),-2,,8.079,Topázio,2022,1.0,0.0,1,Severa (≤ −2 fases)
RA-526,Aluno-526,FASE 2,2D,,Masculino,2022,Pública,9.5,9.8,5.0,8.75,8.8,7.7525,5.0,Fase 3 (7° e 8° ano),-1,,8.0957,Topázio,2023,2.0,1.0,1,Moderada (−1 fase)
RA-526,Aluno-526,3C,3C,14.0,Masculino,2022,Pública,9.585,9.382456140333334,8.13,7.291666667,7.333333333333333,7.496666667,5.0,Fase 4 (9° ano),-1,Cursando,7.843157894833334,Ametista,2024,3.0,2.0,1,Moderada (−1 fase)
RA-527,Aluno-527,1,D,9.0,Menina,2022,Escola Pública,8.5,10.0,7.5,,6.5,7.5,10.0,Fase 1 (4º ano),0,,8.025,Ametista,2022,1.0,0.0,0,Adequada/adiantada (≥ 0)
RA-527,Aluno-527,FASE 1,1C,,Feminino,2022,Pública,9.0,9.1,7.52,7.5,6.5,7.78,5.0,Fase 2 (5° e 6° ano),-1,,7.5682,Ametista,2023,1.0,1.0,1,Moderada (−1 fase)
RA-527,Aluno-527,2D,2D,11.0,Feminino,2022,Pública,9.002,10.0,7.51,8.125,6.0,7.383333333,10.0,Fase 2 (5° e 6° ano),0,Cursando,8.1403666666,Topázio,2024,2.0,2.0,0,Adequada/adiantada (≥ 0)
RA-528,Aluno-528,1,D,11.0,Menino,2021,Escola Pública,0.0,6.2,7.5,,4.0,6.944,5.0,Fase 2 (5º e 6º ano),-1,,5.335,Quartzo,2022,1.0,1.0,1,Moderada (−1 fase)
RA-528,Aluno-528,FASE 2,2D,,Masculino,2021,Pública,9.0,8.5,5.0,8.75,8.2,7.92,5.0,Fase 3 (7° e 8° ano),-1,,7.6892,Ametista,2023,2.0,2.0,1,Moderada (−1 fase)
RA-528,Aluno-528,3C,3C,13.0,Masculino,2021,Pública,9.168,5.793483709333334,7.51,7.291666667,6.666666666666667,6.936666667,10.0,Fase 3 (7° e 8° ano),0,Cursando,7.276330075300001,Ametista,2024,3.0,3.0,0,Adequada/adiantada (≥ 0)
RA-529,Aluno-529,1,D,12.0,Menino,2020,Escola Pública,8.5,8.9,5.0,,5.2,6.556,5.0,Fase 3 (7º e 8º ano),-2,,6.51,Ágata,2022,1.0,2.0,1,Severa (≤ −2 fases)
RA-529,Aluno-529,FASE 1,1B,,Masculino,2020,Pública,8.0,9.6,7.52,5.78125,6.8,6.893333333,5.0,Fase 3 (7° e 8° ano),-2,,7.278991667,Ametista,2023,1.0,3.0,1,Severa (≤ −2 fases)
RA-529,Aluno-529,2A,2A,14.0,Masculino,2021,Pública,7.002,6.6071428569999995,4.38,4.791666667,4.25,4.886666667,5.0,Fase 3 (7° e 8° ano),-1,Cursando,5.2661285715,Quartzo,2024,2.0,3.0,1,Moderada (−1 fase)
RA-53,Aluno-53,5,B,17.0,Menino,2022,Escola Pública,9.2,7.0,7.5,,7.0,6.458,5.0,Fase 7 (3º EM),-2,,6.725,Ágata,2022,5.0,0.0,1,Severa (≤ −2 fases)
RA-53,Aluno-53,FASE 6,6A,18.0,Masculino,2022,Concluiu o 3º EM,9.2,9.1,5.63,7.5,7.7,7.5875,5.0,Fase 8 (Universitários),-2,,7.600633333,Ametista,2023,6.0,1.0,1,Severa (≤ −2 fases)
RA-530,Aluno-530,1,E,10.0,Menino,2019,Escola Pública,10.0,9.0,7.5,,8.9,9.056,5.0,Fase 2 (5º e 6º ano),-1,,8.338,Topázio,2022,1.0,3.0,1,Moderada (−1 fase)
RA-530,Aluno-530,FASE 2,2D,11.0,Masculino,2019,Pública,10.0,8.8,5.0,7.708333333,5.7,7.46,10.0,Fase 2 (5° e 6° ano),0,,7.653033333,Ametista,2023,2.0,4.0,0,Adequada/adiantada (≥ 0)
RA-530,Aluno-530,3C,3C,12.0,Masculino,2021,Pública,8.751,6.468838763666667,9.38,7.083333333,4.5,7.496666667,10.0,Fase 3 (7° e 8° ano),0,Cursando,7.214534419433333,Ametista,2024,3.0,3.0,0,Adequada/adiantada (≥ 0)
RA-531,Aluno-531,1,E,10.0,Menino,2022,Escola Pública,9.5,9.8,7.5,,7.8,8.167,5.0,Fase 2 (5º e 6º ano),-1,,8.057,Ametista,2022,1.0,0.0,1,Moderada (−1 fase)
RA-531,Aluno-531,FASE 2,2B,11.0,Masculino,2022,Pública,9.5,10.0,2.52,8.75,7.7,8.59,10.0,Fase 2 (5° e 6° ano),0,,8.3252,Topázio,2023,2.0,1.0,0,Adequada/adiantada (≥ 0)
RA-531,Aluno-531,3B,3B,12.0,Masculino,2022,Pública,9.168,9.803921568666667,4.38,7.96875,6.666666666666667,7.335,10.0,Fase 3 (7° e 8° ano),0,Cursando,7.9127926470666665,Ametista,2024,3.0,2.0,0,Adequada/adiantada (≥ 0)
RA-532,Aluno-532,1,E,9.0,Menina,2022,Escola Pública,9.5,9.7,7.5,,5.5,7.167,10.0,Fase 1 (4º ano),0,,7.792,Ametista,2022,1.0,0.0,0,Adequada/adiantada (≥ 0)
RA-533,Aluno-533,1,E,10.0,Menino,2022,Escola Pública,8.5,8.8,5.6,,6.0,7.333,5.0,Fase 2 (5º e 6º ano),-1,,6.962,Ágata,2022,1.0,0.0,1,Moderada (−1 fase)
RA-533,Aluno-533,FASE 1,1B,,Masculino,2022,Pública,9.0,9.3,7.52,7.5,5.8,7.613333333,5.0,Fase 2 (5° e 6° ano),-1,,7.434866667,Ametista,2023,1.0,1.0,1,Moderada (−1 fase)
RA-534,Aluno-534,1,E,12.0,Menina,2021,Escola Pública,9.0,7.4,7.5,,7.1,7.333,5.0,Fase 3 (7º e 8º ano),-2,,7.131,Ametista,2022,1.0,1.0,1,Severa (≤ −2 fases)
RA-534,Aluno-534,FASE 2,2D,13.0,Masculino,2021,Pública,0.0,8.1,2.52,8.125,5.4,7.92,5.0,Fase 3 (7° e 8° ano),-1,,5.8385,Quartzo,2023,2.0,2.0,1,Moderada (−1 fase)
RA-534,Aluno-534,3C,3C,14.0,Masculino,2021,Pública,9.585,6.043441938333333,7.51,7.5,5.0,7.103333333,10.0,Fase 3 (7° e 8° ano),0,Cursando,7.088855054266667,Ametista,2024,3.0,3.0,0,Adequada/adiantada (≥ 0)
RA-535,Aluno-535,1,F,10.0,Menina,2019,Escola Pública,9.0,9.2,7.5,,5.1,6.917,5.0,Fase 2 (5º e 6º ano),-1,,6.953,Ágata,2022,1.0,3.0,1,Moderada (−1 fase)
RA-535,Aluno-535,FASE 2,2G,,Feminino,2019,Pública,9.0,9.4,5.0,8.125,5.6,8.95,10.0,Fase 2 (5° e 6° ano),0,,8.0027,Topázio,2023,2.0,4.0,0,Adequada/adiantada (≥ 0)
RA-535,Aluno-535,3H,3H,12.0,Feminino,2021,Pública,9.168,7.161904762,8.135,7.96875,6.0,7.5,10.0,Fase 3 (7° e 8° ano),0,Cursando,7.659555952400001,Ametista,2024,3.0,3.0,0,Adequada/adiantada (≥ 0)
RA-536,Aluno-536,1,F,10.0,Menina,2020,Escola Pública,9.5,8.9,5.6,,6.0,7.75,5.0,Fase 2 (5º e 6º ano),-1,,7.106,Ametista,2022,1.0,2.0,1,Moderada (−1 fase)
RA-536,Aluno-536,FASE 2,2A,10.0,Feminino,2020,Pública,8.0,9.3,2.52,8.333333333,5.9,9.17,10.0,Fase 2 (5° e 6° ano),0,,7.759533333,Ametista,2023,2.0,3.0,0,Adequada/adiantada (≥ 0)
RA-536,Aluno-536,3B,3B,11.0,Feminino,2021,Pública,8.334,9.109090909,8.135,7.1875,5.5,7.415,10.0,Fase 2 (5° e 6° ano),1,Cursando,7.7704681818,Ametista,2024,3.0,3.0,0,Adequada/adiantada (≥ 0)
RA-537,Aluno-537,1,F,10.0,Menino,2022,Escola Pública,9.5,9.0,4.4,,4.8,7.167,5.0,Fase 2 (5º e 6º ano),-1,,6.641,Ágata,2022,1.0,0.0,1,Moderada (−1 fase)
RA-538,Aluno-538,1,F,13.0,Menino,2022,Escola Pública,8.5,7.5,5.6,,6.8,5.583,5.0,Fase 3 (7º e 8º ano),-2,,6.309,Ágata,2022,1.0,0.0,1,Severa (≤ −2 fases)
RA-538,Aluno-538,FASE 2,2G,13.0,Masculino,2022,Pública,7.4,8.6,2.52,7.916666667,4.7,7.39,5.0,Fase 3 (7° e 8° ano),-1,,6.413466667,Ágata,2023,2.0,1.0,1,Moderada (−1 fase)
RA-538,Aluno-538,3H,3H,14.0,Masculino,2022,Pública,8.751,7.668803418666666,7.51,5.625,6.166666666666667,5.292,5.0,Fase 4 (9° ano),-1,Cursando,6.514094017066666,Ágata,2024,3.0,2.0,1,Moderada (−1 fase)
RA-539,Aluno-539,1,F,11.0,Menina,2022,Escola Pública,8.5,9.3,6.9,,7.5,8.417,5.0,Fase 2 (5º e 6º ano),-1,,7.665,Ametista,2022,1.0,0.0,1,Moderada (−1 fase)
RA-539,Aluno-539,FASE 2,2F,,Feminino,2022,Pública,9.5,8.6,2.52,9.166666667,8.5,8.84,5.0,Fase 3 (7° e 8° ano),-1,,7.796866667,Ametista,2023,2.0,1.0,1,Moderada (−1 fase)
RA-539,Aluno-539,3G,3G,13.0,Feminino,2022,Privada - Programa de Apadrinhamento,10.002,9.233333333333333,7.51,8.75,5.833333333333333,9.13,10.0,Fase 3 (7° e 8° ano),0,Cursando,8.465533333333335,Topázio,2024,3.0,2.0,0,Adequada/adiantada (≥ 0)
RA-54,Aluno-54,5,B,16.0,Menina,2022,Escola Pública,7.9,6.9,7.5,,4.8,6.125,5.0,Fase 6 (2º EM),-1,,6.058,Ágata,2022,5.0,0.0,1,Moderada (−1 fase)
RA-540,Aluno-540,1,F,10.0,Menina,2019,Escola Pública,8.5,9.5,5.6,,7.0,7.5,5.0,Fase 2 (5º e 6º ano),-1,,7.303,Ametista,2022,1.0,3.0,1,Moderada (−1 fase)
RA-540,Aluno-540,FASE 2,2F,,Feminino,2019,Pública,8.5,8.8,5.0,8.958333333,7.1,8.95,10.0,Fase 2 (5° e 6° ano),0,,8.216033333,Topázio,2023,2.0,4.0,0,Adequada/adiantada (≥ 0)
RA-541,Aluno-541,1,F,14.0,Menino,2022,Escola Pública,10.0,7.8,6.9,,2.5,5.0,2.5,Fase 4 (9º ano),-3,,5.427,Quartzo,2022,1.0,0.0,1,Severa (≤ −2 fases)
RA-542,Aluno-542,1,F,11.0,Menina,2019,Escola Pública,8.0,9.8,6.3,,6.5,7.417,5.0,Fase 2 (5º e 6º ano),-1,,7.221,Ametista,2022,1.0,3.0,1,Moderada (−1 fase)
RA-542,Aluno-542,FASE 2,2H,12.0,Feminino,2019,Pública,9.5,9.7,5.0,8.75,6.3,9.006666667,5.0,Fase 3 (7° e 8° ano),-1,,7.816533333,Ametista,2023,2.0,4.0,1,Moderada (−1 fase)
RA-542,Aluno-542,3F,3F,13.0,Feminino,2021,Pública,8.751,6.481366459666667,8.13,7.03125,3.9333333333333336,6.232,10.0,Fase 3 (7° e 8° ano),0,Cursando,6.7205649586,Ágata,2024,3.0,3.0,0,Adequada/adiantada (≥ 0)
RA-543,Aluno-543,1,F,10.0,Menina,2022,Escola Pública,8.5,9.8,4.4,,6.5,7.167,5.0,Fase 2 (5º e 6º ano),-1,,7.05,Ametista,2022,1.0,0.0,1,Moderada (−1 fase)
RA-543,Aluno-543,FASE 2,2H,11.0,Feminino,2022,Pública,7.8,9.8,2.52,8.75,6.5,9.006666667,10.0,Fase 2 (5° e 6° ano),0,,7.971833333,Ametista,2023,2.0,1.0,0,Adequada/adiantada (≥ 0)
RA-543,Aluno-543,3F,3F,12.0,Feminino,2022,Pública,8.751,9.616977225666666,2.51,8.90625,6.833333333333333,8.7,10.0,Fase 2 (5° e 6° ano),1,Cursando,8.0467871118,Topázio,2024,3.0,2.0,0,Adequada/adiantada (≥ 0)
RA-544,Aluno-544,1,F,10.0,Menino,2022,Escola Pública,9.5,9.7,5.6,,3.3,6.0,5.0,Fase 2 (5º e 6º ano),-1,,6.307,Ágata,2022,1.0,0.0,1,Moderada (−1 fase)
RA-545,Aluno-545,1,G,13.0,Menino,2018,Escola Pública,9.5,6.6,7.5,,5.5,7.5,5.0,Fase 3 (7º e 8º ano),-2,,6.723,Ágata,2022,1.0,4.0,1,Severa (≤ −2 fases)
RA-546,Aluno-546,1,G,11.0,Menina,2021,Escola Pública,9.0,7.9,5.0,,5.6,7.917,5.0,Fase 2 (5º e 6º ano),-1,,6.77,Ágata,2022,1.0,1.0,1,Moderada (−1 fase)
RA-546,Aluno-546,FASE 2,2H,,Feminino,2021,Pública,0.0,7.2,2.52,8.75,5.7,9.173333333,5.0,Fase 3 (7° e 8° ano),-1,,6.031666667,Ágata,2023,2.0,2.0,1,Moderada (−1 fase)
RA-546,Aluno-546,3B,3B,13.0,Feminino,2021,Pública,5.832,3.7838383836666662,8.135,5.15625,4.666666666666667,5.5,10.0,Fase 3 (7° e 8° ano),0,Cursando,5.702426010066667,Quartzo,2024,3.0,3.0,0,Adequada/adiantada (≥ 0)
RA-547,Aluno-547,1,G,11.0,Menina,2019,Escola Pública,9.5,9.7,5.0,,7.6,8.833,5.0,Fase 2 (5º e 6º ano),-1,,7.745,Ametista,2022,1.0,3.0,1,Moderada (−1 fase)
RA-547,Aluno-547,FASE 2,2G,12.0,Feminino,2019,Pública,0.0,9.1,2.52,8.75,6.2,8.95,5.0,Fase 3 (7° e 8° ano),-1,,6.467,Ágata,2023,2.0,4.0,1,Moderada (−1 fase)
RA-547,Aluno-547,3H,3H,13.0,Feminino,2021,Pública,8.751,7.030620028333334,8.135,5.625,6.833333333333333,5.932,10.0,Fase 3 (7° e 8° ano),0,Cursando,7.2102906723333335,Ametista,2024,3.0,3.0,0,Adequada/adiantada (≥ 0)
RA-548,Aluno-548,1,G,12.0,Menino,2019,Escola Pública,8.0,9.1,6.9,,7.2,7.583,5.0,Fase 3 (7º e 8º ano),-2,,7.292,Ametista,2022,1.0,3.0,1,Severa (≤ −2 fases)
RA-548,Aluno-548,FASE 2,2G,12.0,Masculino,2019,Pública,9.0,9.1,2.52,8.333333333,7.4,8.283333333,5.0,Fase 3 (7° e 8° ano),-1,,7.4322,Ametista,2023,2.0,4.0,1,Moderada (−1 fase)
RA-548,Aluno-548,3H,3H,13.0,Masculino,2021,Pública,9.168,7.600427350666667,7.51,5.9375,6.666666666666667,5.626,10.0,Fase 3 (7° e 8° ano),0,Cursando,7.240168803466668,Ametista,2024,3.0,3.0,0,Adequada/adiantada (≥ 0)
RA-549,Aluno-549,1,G,10.0,Menino,2021,Escola Pública,10.0,7.9,6.9,,4.2,6.167,5.0,Fase 2 (5º e 6º ano),-1,,6.301,Ágata,2022,1.0,1.0,1,Moderada (−1 fase)
RA-549,Aluno-549,FASE 1,1J,,Masculino,2021,Pública,9.5,8.1,5.02,6.875,6.4,7.5,5.0,Fase 2 (5° e 6° ano),-1,,7.0297,Ametista,2023,1.0,2.0,1,Moderada (−1 fase)
RA-549,Aluno-549,2G,2G,12.0,Masculino,2021,Pública,10.002,7.204968943999999,6.255,6.40625,5.75,5.9125,5.0,Fase 3 (7° e 8° ano),-1,Cursando,6.5398187888,Ágata,2024,2.0,3.0,1,Moderada (−1 fase)
RA-55,Aluno-55,5,B,16.0,Menina,2017,Escola Pública,7.1,7.6,5.6,,7.5,6.5,5.0,Fase 6 (2º EM),-1,,6.576,Ágata,2022,5.0,5.0,1,Moderada (−1 fase)
RA-55,Aluno-55,FASE 6,6A,,Feminino,2017,Pública,7.9,8.1,3.14,7.5,7.1,7.545,5.0,Fase 7 (3° EM),-1,,6.898033333,Ágata,2023,6.0,6.0,1,Moderada (−1 fase)
RA-550,Aluno-550,1,G,12.0,Menina,2022,Escola Pública,9.0,9.0,6.9,,1.9,6.25,5.0,Fase 3 (7º e 8º ano),-2,,6.026,Ágata,2022,1.0,0.0,1,Severa (≤ −2 fases)
RA-551,Aluno-551,1,G,12.0,Menina,2018,Escola Pública,8.5,7.3,6.9,,6.6,7.333,5.0,Fase 3 (7º e 8º ano),-2,,6.853,Ágata,2022,1.0,4.0,1,Severa (≤ −2 fases)
RA-551,Aluno-551,FASE 2,2G,,Feminino,2018,Pública,10.0,8.6,2.52,8.541666667,5.4,8.393333333,5.0,Fase 3 (7° e 8° ano),-1,,7.075033333,Ametista,2023,2.0,5.0,1,Moderada (−1 fase)
RA-552,Aluno-552,1,G,11.0,Menino,2022,Escola Pública,9.5,8.8,5.0,,5.5,7.167,5.0,Fase 2 (5º e 6º ano),-1,,6.625,Ágata,2022,1.0,0.0,1,Moderada (−1 fase)
RA-552,Aluno-552,FASE 1,1J,,Masculino,2022,Pública,0.0,5.6,3.14,6.666666667,6.4,6.89,5.0,Fase 3 (7° e 8° ano),-2,,5.248666667,Quartzo,2023,1.0,1.0,1,Severa (≤ −2 fases)
RA-553,Aluno-553,1,G,11.0,Menina,2019,Escola Pública,9.5,6.9,6.9,,3.3,8.167,5.0,Fase 2 (5º e 6º ano),-1,,6.39,Ágata,2022,1.0,3.0,1,Moderada (−1 fase)
RA-554,Aluno-554,1,G,12.0,Menino,2017,Escola Pública,7.9,6.0,6.9,,4.0,5.75,5.0,Fase 3 (7º e 8º ano),-2,,5.588,Quartzo,2022,1.0,5.0,1,Severa (≤ −2 fases)
RA-555,Aluno-555,1,G,12.0,Menino,2019,Escola Pública,9.5,8.1,5.0,,4.4,5.167,5.0,Fase 3 (7º e 8º ano),-2,,5.949,Quartzo,2022,1.0,3.0,1,Severa (≤ −2 fases)
RA-555,Aluno-555,FASE 2,2G,,Masculino,2019,Pública,7.4,8.1,2.52,6.25,3.9,6.946666667,5.0,Fase 3 (7° e 8° ano),-1,,5.898133333,Quartzo,2023,2.0,4.0,1,Moderada (−1 fase)
RA-555,Aluno-555,3F,3F,14.0,Masculino,2021,Pública,10.002,2.7505175983333334,6.885,5.0,4.333333333333333,5.03,5.0,Fase 4 (9° ano),-1,Cursando,5.111470186333333,Quartzo,2024,3.0,3.0,1,Moderada (−1 fase)
RA-556,Aluno-556,1,G,11.0,Menina,2018,Escola Pública,9.0,8.8,5.0,,6.4,8.25,5.0,Fase 2 (5º e 6º ano),-1,,7.181,Ametista,2022,1.0,4.0,1,Moderada (−1 fase)
RA-556,Aluno-556,FASE 2,2H,,Feminino,2018,Pública,8.5,9.6,2.52,9.166666667,7.2,9.396666667,5.0,Fase 3 (7° e 8° ano),-1,,7.7482,Ametista,2023,2.0,5.0,1,Moderada (−1 fase)
RA-556,Aluno-556,3G,3G,13.0,Feminino,2021,Pública,7.083,6.171428571333333,2.51,6.40625,3.8333333333333335,6.1625,10.0,Fase 3 (7° e 8° ano),0,Cursando,5.833377380933333,Quartzo,2024,3.0,3.0,0,Adequada/adiantada (≥ 0)
RA-557,Aluno-557,1,H,10.0,Menino,2019,Escola Pública,10.0,8.4,7.5,,9.4,9.333,5.0,Fase 2 (5º e 6º ano),-1,,8.334,Topázio,2022,1.0,3.0,1,Moderada (−1 fase)
RA-557,Aluno-557,FASE 2,2H,,Masculino,2019,Pública,10.0,8.2,5.0,9.375,8.9,9.62,10.0,Fase 2 (5° e 6° ano),0,,8.7717,Topázio,2023,2.0,4.0,0,Adequada/adiantada (≥ 0)
RA-557,Aluno-557,3H,3H,12.0,Masculino,2021,Privada - Programa de Apadrinhamento,10.002,8.756265663999999,7.51,10.0,9.666666666666666,9.576,10.0,Fase 3 (7° e 8° ano),0,Cursando,9.350986466133334,Topázio,2024,3.0,3.0,0,Adequada/adiantada (≥ 0)
RA-558,Aluno-558,1,H,14.0,Menino,2022,Escola Pública,9.0,8.5,5.0,,4.3,4.5,2.5,Fase 4 (9º ano),-3,,5.539,Quartzo,2022,1.0,0.0,1,Severa (≤ −2 fases)
RA-558,Aluno-558,FASE 2,2H,,Masculino,2022,Pública,7.8,9.4,5.0,6.458333333,6.0,6.78,2.5,Fase 5 (1° EM),-3,,6.615333333,Ágata,2023,2.0,1.0,1,Severa (≤ −2 fases)
RA-558,Aluno-558,3F,3F,16.0,Masculino,2022,Pública,9.168,3.7763975156666674,8.13,6.09375,3.0,4.268,5.0,Fase 5 (1° EM),-2,Cursando,5.048054503133334,Quartzo,2024,3.0,2.0,1,Severa (≤ −2 fases)
RA-559,Aluno-559,1,H,11.0,Menino,2021,Escola Pública,9.5,9.2,7.5,,7.1,8.083,5.0,Fase 2 (5º e 6º ano),-1,,7.634,Ametista,2022,1.0,1.0,1,Moderada (−1 fase)
RA-559,Aluno-559,FASE 2,2G,,Masculino,2021,Pública,10.0,9.4,5.0,8.958333333,7.4,8.506666667,5.0,Fase 3 (7° e 8° ano),-1,,7.947366667,Ametista,2023,2.0,2.0,1,Moderada (−1 fase)
RA-559,Aluno-559,3F,3F,13.0,Masculino,2021,Pública,10.002,5.705128205,8.13,6.25,3.1666666666666665,4.728,10.0,Fase 3 (7° e 8° ano),0,Cursando,6.158158974333333,Ágata,2024,3.0,3.0,0,Adequada/adiantada (≥ 0)
RA-56,Aluno-56,5,B,15.0,Menina,2019,Rede Decisão,10.0,10.0,7.5,,7.0,8.25,10.0,Fase 5 (1º EM),0,,8.404,Topázio,2022,5.0,3.0,0,Adequada/adiantada (≥ 0)
RA-56,Aluno-56,FASE 6,6A,16.0,Feminino,2019,Privada - Programa de Apadrinhamento,9.6,9.5,5.0,8.125,7.8,7.8,10.0,Fase 6 (2° EM),0,,8.284333333,Topázio,2023,6.0,4.0,0,Adequada/adiantada (≥ 0)
RA-56,Aluno-56,7A,7A,17.0,Feminino,2021,Privada - Programa de Apadrinhamento,10.002,9.265350877333333,10.0,8.4375,7.666666666666667,9.233333333,10.0,Fase 7 (3° EM),0,Cursando,9.077020175400001,Topázio,2024,7.0,3.0,0,Adequada/adiantada (≥ 0)
RA-560,Aluno-560,1,H,11.0,Menino,2020,Escola Pública,6.9,7.2,5.0,,3.8,3.75,5.0,Fase 2 (5º e 6º ano),-1,,4.949,Quartzo,2022,1.0,2.0,1,Moderada (−1 fase)
RA-560,Aluno-560,FASE 2,2H,,Masculino,2020,Pública,0.0,8.4,2.52,5.0,4.0,6.0,5.0,Fase 3 (7° e 8° ano),-1,,4.932,Quartzo,2023,2.0,3.0,1,Moderada (−1 fase)
RA-561,Aluno-561,1,H,11.0,Menino,2022,Escola Pública,9.0,9.0,7.5,,7.4,8.833,5.0,Fase 2 (5º e 6º ano),-1,,7.856,Ametista,2022,1.0,0.0,1,Moderada (−1 fase)
RA-562,Aluno-562,1,H,11.0,Menina,2021,Escola Pública,8.0,9.0,7.5,,8.0,8.75,5.0,Fase 2 (5º e 6º ano),-1,,7.855,Ametista,2022,1.0,1.0,1,Moderada (−1 fase)
RA-562,Aluno-562,FASE 2,2I,12.0,Feminino,2021,Pública,0.0,8.5,2.52,8.541666667,8.7,8.893333333,5.0,Fase 3 (7° e 8° ano),-1,,6.824833333,Ágata,2023,2.0,2.0,1,Moderada (−1 fase)
RA-562,Aluno-562,3I,3I,13.0,Feminino,2021,Pública,8.334,9.833333333333334,8.135,7.625,7.833333333333333,7.25,10.0,Fase 3 (7° e 8° ano),0,Cursando,8.392733333333334,Topázio,2024,3.0,3.0,0,Adequada/adiantada (≥ 0)
RA-563,Aluno-563,1,H,11.0,Menina,2020,Escola Pública,10.0,9.2,7.5,,8.5,8.833,5.0,Fase 2 (5º e 6º ano),-1,,8.22,Topázio,2022,1.0,2.0,1,Moderada (−1 fase)
RA-563,Aluno-563,FASE 2,2G,11.0,Feminino,2020,Pública,6.4,9.7,2.52,8.75,6.2,8.726666667,10.0,Fase 2 (5° e 6° ano),0,,7.684133333,Ametista,2023,2.0,3.0,0,Adequada/adiantada (≥ 0)
RA-563,Aluno-563,3H,3H,12.0,Feminino,2021,Pública,9.168,9.461904762000001,8.135,8.125,8.333333333333334,7.468,10.0,Fase 3 (7° e 8° ano),0,Cursando,8.595447619066668,Topázio,2024,3.0,3.0,0,Adequada/adiantada (≥ 0)
RA-564,Aluno-564,1,H,13.0,Menino,2019,Escola Pública,9.5,3.8,5.0,,2.3,6.833,5.0,Fase 3 (7º e 8º ano),-2,,4.972,Quartzo,2022,1.0,3.0,1,Severa (≤ −2 fases)
RA-565,Aluno-565,1,H,13.0,Menino,2022,Escola Pública,9.0,4.1,7.5,,2.9,5.917,5.0,Fase 3 (7º e 8º ano),-2,,5.233,Quartzo,2022,1.0,0.0,1,Severa (≤ −2 fases)
RA-566,Aluno-566,1,H,12.0,Menina,2022,Escola Pública,9.5,8.4,7.5,,8.5,7.917,5.0,Fase 3 (7º e 8º ano),-2,,7.729,Ametista,2022,1.0,0.0,1,Severa (≤ −2 fases)
RA-566,Aluno-566,FASE 2,2G,12.0,Feminino,2022,Pública,9.0,8.8,2.52,8.958333333,8.4,8.673333333,5.0,Fase 3 (7° e 8° ano),-1,,7.7227,Ametista,2023,2.0,1.0,1,Moderada (−1 fase)
RA-567,Aluno-567,1,H,11.0,Menino,2019,Escola Pública,9.5,6.0,7.5,,4.8,6.833,5.0,Fase 2 (5º e 6º ano),-1,,6.281,Ágata,2022,1.0,3.0,1,Moderada (−1 fase)
RA-568,Aluno-568,1,J,14.0,Menino,2018,Escola Pública,8.0,8.6,6.9,,8.3,7.944,2.5,Fase 4 (9º ano),-3,,7.306,Ametista,2022,1.0,4.0,1,Severa (≤ −2 fases)
RA-568,Aluno-568,FASE 2,2I,,Masculino,2018,Pública,7.0,7.9,5.0,8.125,7.6,8.01,2.5,Fase 5 (1° EM),-3,,6.9647,Ágata,2023,2.0,5.0,1,Severa (≤ −2 fases)
RA-568,Aluno-568,3F,3F,16.0,Masculino,2021,Pública,7.917,3.2619047620000003,8.13,6.5625,5.166666666666667,5.496,5.0,Fase 5 (1° EM),-2,Cursando,5.545864285733334,Quartzo,2024,3.0,3.0,1,Severa (≤ −2 fases)
RA-569,Aluno-569,1,J,12.0,Menina,2020,Escola Pública,9.5,8.7,5.0,,6.8,7.333,5.0,Fase 3 (7º e 8º ano),-2,,7.074,Ametista,2022,1.0,2.0,1,Severa (≤ −2 fases)
RA-57,Aluno-57,5,B,16.0,Menino,2017,Rede Decisão,7.1,8.1,5.6,,8.4,7.875,5.0,Fase 6 (2º EM),-1,,7.305,Ametista,2022,5.0,5.0,1,Moderada (−1 fase)
RA-57,Aluno-57,FASE 6,6A,,Masculino,2017,Privada - Programa de Apadrinhamento,0.0,8.0,5.63,7.96875,7.2,7.755,5.0,Fase 7 (3° EM),-1,,6.450875,Ágata,2023,6.0,6.0,1,Moderada (−1 fase)
RA-57,Aluno-57,7A,7A,18.0,Masculino,2021,Privada - Programa de Apadrinhamento,9.585,6.010860484333333,6.88,8.59375,6.166666666666667,7.39,10.0,Fase 7 (3° EM),0,Cursando,7.4193804301999995,Ametista,2024,7.0,3.0,0,Adequada/adiantada (≥ 0)
RA-570,Aluno-570,1,J,10.0,Menina,2019,Escola Pública,9.0,7.0,7.5,,1.3,6.778,5.0,Fase 2 (5º e 6º ano),-1,,5.722,Quartzo,2022,1.0,3.0,1,Moderada (−1 fase)
RA-570,Aluno-570,FASE 1,1H,,Feminino,2019,Pública,8.5,7.3,3.77,8.125,5.9,8.056666667,5.0,Fase 2 (5° e 6° ano),-1,,6.781033333,Ágata,2023,1.0,4.0,1,Moderada (−1 fase)
RA-570,Aluno-570,2H,2H,12.0,Feminino,2021,Pública,8.002,8.0020703935,5.625,7.1875,6.75,6.4075,5.0,Fase 3 (7° e 8° ano),-1,Cursando,6.8133640787,Ágata,2024,2.0,3.0,1,Moderada (−1 fase)
RA-571,Aluno-571,1,J,11.0,Menina,2019,Escola Pública,8.5,8.8,7.5,,3.7,6.944,5.0,Fase 2 (5º e 6º ano),-1,,6.589,Ágata,2022,1.0,3.0,1,Moderada (−1 fase)
RA-571,Aluno-571,FASE 1,1J,12.0,Feminino,2019,Privada,9.0,7.9,3.77,7.291666667,5.0,7.616666667,5.0,Fase 3 (7° e 8° ano),-2,,6.6097,Ágata,2023,1.0,4.0,1,Severa (≤ −2 fases)
RA-571,Aluno-571,2G,2G,13.0,Feminino,2021,Pública,7.002,8.695652174,4.375,7.03125,5.25,5.8325,5.0,Fase 3 (7° e 8° ano),-1,Cursando,6.2964554347999995,Ágata,2024,2.0,3.0,1,Moderada (−1 fase)
RA-572,Aluno-572,1,J,9.0,Menino,2022,Escola Pública,8.5,8.0,7.5,,6.8,6.833,10.0,Fase 1 (4º ano),0,,7.48,Ametista,2022,1.0,0.0,0,Adequada/adiantada (≥ 0)
RA-573,Aluno-573,1,J,11.0,Menino,2020,Escola Pública,9.5,9.9,7.5,,8.2,8.944,5.0,Fase 2 (5º e 6º ano),-1,,8.261,Topázio,2022,1.0,2.0,1,Moderada (−1 fase)
RA-573,Aluno-573,FASE 2,2G,,Masculino,2020,Pública,9.5,9.8,5.0,8.541666667,6.6,8.45,5.0,Fase 3 (7° e 8° ano),-1,,7.774366667,Ametista,2023,2.0,3.0,1,Moderada (−1 fase)
RA-573,Aluno-573,3G,3G,13.0,Masculino,2021,Pública,9.168,9.5,8.755,7.8125,5.0,6.8275,10.0,Fase 3 (7° e 8° ano),0,Cursando,7.839050000000001,Ametista,2024,3.0,3.0,0,Adequada/adiantada (≥ 0)
RA-574,Aluno-574,1,J,10.0,Menino,2022,Escola Pública,9.5,7.2,5.0,,7.5,6.944,5.0,Fase 2 (5º e 6º ano),-1,,6.86,Ágata,2022,1.0,0.0,1,Moderada (−1 fase)
RA-574,Aluno-574,FASE 2,2F,,Masculino,2022,Pública,6.9,8.2,5.0,7.916666667,8.1,8.173333333,10.0,Fase 2 (5° e 6° ano),0,,7.878133333,Ametista,2023,2.0,1.0,0,Adequada/adiantada (≥ 0)
RA-575,Aluno-575,1,J,12.0,Menino,2019,Escola Pública,8.0,6.1,7.5,,2.8,7.0,5.0,Fase 3 (7º e 8º ano),-2,,5.889,Quartzo,2022,1.0,3.0,1,Severa (≤ −2 fases)
RA-576,Aluno-576,1,J,10.0,Menina,2022,Escola Pública,9.5,9.1,7.5,,7.8,7.111,5.0,Fase 2 (5º e 6º ano),-1,,7.59,Ametista,2022,1.0,0.0,1,Moderada (−1 fase)
RA-576,Aluno-576,FASE 1,1F,11.0,Feminino,2022,Pública,9.0,9.3,5.02,9.21875,8.0,8.503333333,5.0,Fase 2 (5° e 6° ano),-1,,7.984741667,Ametista,2023,1.0,1.0,1,Moderada (−1 fase)
RA-576,Aluno-576,2H,2H,12.0,Feminino,2022,Pública,8.502,10.0,7.51,7.8125,9.25,8.4975,10.0,Fase 2 (5° e 6° ano),0,Cursando,8.93195,Topázio,2024,2.0,2.0,0,Adequada/adiantada (≥ 0)
RA-577,Aluno-577,1,J,10.0,Menina,2022,Escola Pública,9.5,9.3,7.5,,9.0,7.111,5.0,Fase 2 (5º e 6º ano),-1,,7.862,Ametista,2022,1.0,0.0,1,Moderada (−1 fase)
RA-577,Aluno-577,FASE 1,1J,11.0,Feminino,2022,Pública,10.0,8.2,3.77,6.875,7.4,7.673333333,5.0,Fase 2 (5° e 6° ano),-1,,7.219366667,Ametista,2023,1.0,1.0,1,Moderada (−1 fase)
RA-577,Aluno-577,2H,2H,12.0,Feminino,2022,Pública,8.502,5.7660455485,5.625,6.5625,8.0,6.535,5.0,Fase 3 (7° e 8° ano),-1,Cursando,6.629159109700001,Ágata,2024,2.0,2.0,1,Moderada (−1 fase)
RA-578,Aluno-578,1,J,10.0,Menino,2019,Escola Pública,9.5,10.0,8.8,,9.5,9.611,5.0,Fase 2 (5º e 6º ano),-1,,8.814,Topázio,2022,1.0,3.0,1,Moderada (−1 fase)
RA-578,Aluno-578,FASE 2,2A,11.0,Masculino,2019,Privada - Programa de Apadrinhamento,9.0,10.0,2.52,9.791666667,9.7,9.7625,10.0,Fase 2 (5° e 6° ano),0,,9.013866667,Topázio,2023,2.0,4.0,0,Adequada/adiantada (≥ 0)
RA-578,Aluno-578,3C,3C,12.0,Masculino,2021,Privada - Programa de Apadrinhamento,10.002,10.0,2.51,9.583333333,9.833333333333334,9.45,10.0,Fase 2 (5° e 6° ano),1,Cursando,9.066199999966669,Topázio,2024,3.0,3.0,0,Adequada/adiantada (≥ 0)
RA-579,Aluno-579,1,J,10.0,Menina,2022,Escola Pública,8.5,5.8,7.5,,3.8,7.222,5.0,Fase 2 (5º e 6º ano),-1,,6.067,Ágata,2022,1.0,0.0,1,Moderada (−1 fase)
RA-58,Aluno-58,5,B,15.0,Menino,2017,Rede Decisão,9.6,9.2,6.3,,7.2,8.125,10.0,Fase 5 (1º EM),0,,8.136,Topázio,2022,5.0,5.0,0,Adequada/adiantada (≥ 0)
RA-58,Aluno-58,FASE 6,6A,,Masculino,2017,Privada - Programa de Apadrinhamento,0.0,9.7,6.26,8.4375,8.1,8.3825,10.0,Fase 6 (2° EM),0,,7.70625,Ametista,2023,6.0,6.0,0,Adequada/adiantada (≥ 0)
RA-58,Aluno-58,7A,7A,17.0,Masculino,2021,Privada - Programa de Apadrinhamento,9.585,9.824561403666666,7.51,9.0625,7.333333333333333,8.62,10.0,Fase 7 (3° EM),0,Cursando,8.7713289474,Topázio,2024,7.0,3.0,0,Adequada/adiantada (≥ 0)
RA-580,Aluno-580,1,J,10.0,Menina,2020,Escola Pública,8.0,9.6,7.5,,7.6,7.167,5.0,Fase 2 (5º e 6º ano),-1,,7.525,Ametista,2022,1.0,2.0,1,Moderada (−1 fase)
RA-580,Aluno-580,FASE 1,1H,11.0,Feminino,2020,Pública,8.5,9.8,7.52,8.75,9.0,8.67,5.0,Fase 2 (5° e 6° ano),-1,,8.4712,Topázio,2023,1.0,3.0,1,Moderada (−1 fase)
RA-580,Aluno-580,2H,2H,12.0,Feminino,2021,Pública,9.002,8.871635610999999,7.51,7.03125,9.25,7.2475,5.0,Fase 3 (7° e 8° ano),-1,Cursando,7.9281521222,Ametista,2024,2.0,3.0,1,Moderada (−1 fase)
RA-581,Aluno-581,1,J,10.0,Menino,2019,Escola Pública,7.5,8.9,7.5,,5.0,5.889,5.0,Fase 2 (5º e 6º ano),-1,,6.464,Ágata,2022,1.0,3.0,1,Moderada (−1 fase)
RA-581,Aluno-581,FASE 1,1H,11.0,Masculino,2019,Pública,8.0,9.8,7.52,6.458333333,7.9,7.393333333,5.0,Fase 2 (5° e 6° ano),-1,,7.7167,Ametista,2023,1.0,4.0,1,Moderada (−1 fase)
RA-581,Aluno-581,2H,2H,12.0,Masculino,2021,Pública,7.418,8.198757764,5.625,6.5625,8.75,6.165,5.0,Fase 3 (7° e 8° ano),-1,Cursando,7.0833015528,Ametista,2024,2.0,3.0,1,Moderada (−1 fase)
RA-582,Aluno-582,1,J,10.0,Menina,2022,Escola Pública,10.0,9.0,7.5,,4.9,7.222,5.0,Fase 2 (5º e 6º ano),-1,,7.064,Ametista,2022,1.0,0.0,1,Moderada (−1 fase)
RA-583,Aluno-583,1,J,12.0,Menina,2019,Escola Pública,8.5,9.4,7.5,,7.1,7.333,5.0,Fase 3 (7º e 8º ano),-2,,7.456,Ametista,2022,1.0,3.0,1,Severa (≤ −2 fases)
RA-583,Aluno-583,FASE 2,2I,,Feminino,2019,Pública,9.0,9.4,7.52,8.333333333,6.3,8.616666667,5.0,Fase 3 (7° e 8° ano),-1,,7.838866667,Ametista,2023,2.0,4.0,1,Moderada (−1 fase)
RA-583,Aluno-583,3I,3I,14.0,Feminino,2021,Pública,7.917,8.904455179666668,8.135,6.875,5.0,6.87,10.0,Fase 3 (7° e 8° ano),0,Cursando,7.447591035933334,Ametista,2024,3.0,3.0,0,Adequada/adiantada (≥ 0)
RA-584,Aluno-584,1,J,10.0,Menina,2019,Escola Pública,8.0,8.5,7.5,,4.6,7.333,5.0,Fase 2 (5º e 6º ano),-1,,6.714,Ágata,2022,1.0,3.0,1,Moderada (−1 fase)
RA-584,Aluno-584,FASE 2,2I,11.0,Feminino,2019,Pública,9.5,9.0,2.52,8.333333333,5.8,8.56,10.0,Fase 2 (5° e 6° ano),0,,7.697533333,Ametista,2023,2.0,4.0,0,Adequada/adiantada (≥ 0)
RA-584,Aluno-584,3G,3G,12.0,Feminino,2021,Pública,8.751,5.636363636333333,8.755,7.34375,4.333333333333333,6.37,10.0,Fase 3 (7° e 8° ano),0,Cursando,6.752914393933334,Ágata,2024,3.0,3.0,0,Adequada/adiantada (≥ 0)
RA-585,Aluno-585,1,K,9.0,Menina,2020,Escola Pública,8.5,9.1,7.5,,5.0,6.889,10.0,Fase 1 (4º ano),0,,7.398,Ametista,2022,1.0,2.0,0,Adequada/adiantada (≥ 0)
RA-586,Aluno-586,1,K,10.0,Menina,2021,Rede Decisão,10.0,9.6,5.6,,8.2,8.778,5.0,Fase 2 (5º e 6º ano),-1,,7.988,Ametista,2022,1.0,1.0,1,Moderada (−1 fase)
RA-586,Aluno-586,FASE 2,2K,10.0,Feminino,2021,Privada - Programa de Apadrinhamento,8.0,10.0,2.52,8.333333333,8.4,9.343333333,10.0,Fase 2 (5° e 6° ano),0,,8.4242,Topázio,2023,2.0,2.0,0,Adequada/adiantada (≥ 0)
RA-586,Aluno-586,3U,3U,11.0,Feminino,2021,Privada - Programa de Apadrinhamento,9.168,9.241269841333333,7.51,8.75,8.5,8.056666667,10.0,Fase 2 (5° e 6° ano),1,Cursando,8.702387301666668,Topázio,2024,3.0,3.0,0,Adequada/adiantada (≥ 0)
RA-587,Aluno-587,1,K,10.0,Menino,2022,Escola Pública,9.5,9.3,7.5,,3.8,6.167,5.0,Fase 2 (5º e 6º ano),-1,,6.632,Ágata,2022,1.0,0.0,1,Moderada (−1 fase)
RA-587,Aluno-587,FASE 1,1L,,Masculino,2022,Pública,8.5,7.0,7.52,6.458333333,2.7,6.72,5.0,Fase 2 (5° e 6° ano),-1,,6.032033333,Ágata,2023,1.0,1.0,1,Moderada (−1 fase)
RA-587,Aluno-587,1L,1L,12.0,Masculino,2022,Pública,9.002,7.380952381,7.51,7.916666667,6.25,5.74,5.0,Fase 3 (7° e 8° ano),-2,Cursando,6.817057142900001,Ágata,2024,1.0,2.0,1,Severa (≤ −2 fases)
RA-588,Aluno-588,1,K,9.0,Menina,2021,Rede Decisão,9.5,10.0,5.6,,9.3,8.278,10.0,Fase 1 (4º ano),0,,8.622,Topázio,2022,1.0,1.0,0,Adequada/adiantada (≥ 0)
RA-588,Aluno-588,FASE 2,2U,10.0,Feminino,2021,Privada - Programa de Apadrinhamento,8.0,9.6,2.52,8.958333333,7.8,9.673333333,10.0,Fase 2 (5° e 6° ano),0,,8.3527,Topázio,2023,2.0,2.0,0,Adequada/adiantada (≥ 0)
RA-588,Aluno-588,3U,3U,11.0,Feminino,2021,Privada - Programa de Apadrinhamento,9.168,9.833333333333334,7.51,8.75,7.833333333333333,8.0,10.0,Fase 2 (5° e 6° ano),1,Cursando,8.676133333333334,Topázio,2024,3.0,3.0,0,Adequada/adiantada (≥ 0)
RA-589,Aluno-589,1,K,9.0,Menina,2022,Escola Pública,9.5,9.4,7.5,,5.8,7.056,10.0,Fase 1 (4º ano),0,,7.744,Ametista,2022,1.0,0.0,0,Adequada/adiantada (≥ 0)
RA-59,Aluno-59,5,B,17.0,Menino,2022,Escola Pública,9.2,9.3,7.5,,7.2,7.917,5.0,Fase 7 (3º EM),-2,,7.642,Ametista,2022,5.0,0.0,1,Severa (≤ −2 fases)
RA-59,Aluno-59,FASE 6,6A,,Masculino,2022,Privada - Programa de Apadrinhamento,7.5,9.6,5.63,8.28125,7.2,8.4225,5.0,Fase 8 (Universitários),-2,,7.692291667,Ametista,2023,6.0,1.0,1,Severa (≤ −2 fases)
RA-59,Aluno-59,8F,8F,19.0,Masculino,2022,Privada *Parcerias com Bolsa 100%,,0.0,,,,,10.0,Fase 8 (Universitários),0,Cursando,,,2024,8.0,2.0,0,Adequada/adiantada (≥ 0)
RA-590,Aluno-590,1,K,10.0,Menina,2020,Escola Pública,8.5,8.6,7.5,,7.4,7.611,5.0,Fase 2 (5º e 6º ano),-1,,7.435,Ametista,2022,1.0,2.0,1,Moderada (−1 fase)
RA-590,Aluno-590,FASE 2,2L,11.0,Feminino,2020,Privada,6.3,9.7,3.77,7.291666667,6.5,8.34,10.0,Fase 2 (5° e 6° ano),0,,7.647666667,Ametista,2023,2.0,3.0,0,Adequada/adiantada (≥ 0)
RA-590,Aluno-590,2U,2U,12.0,Feminino,2021,Privada,8.002,8.457556936,6.26,7.5,4.0,7.723333333,5.0,Fase 3 (7° e 8° ano),-1,Cursando,6.712378053800001,Ágata,2024,2.0,3.0,1,Moderada (−1 fase)
RA-591,Aluno-591,1,K,11.0,Menino,2021,Escola Pública,9.5,9.3,7.5,,7.1,7.389,5.0,Fase 2 (5º e 6º ano),-1,,7.507,Ametista,2022,1.0,1.0,1,Moderada (−1 fase)
RA-591,Aluno-591,FASE 2,2U,,Masculino,2021,Pública,9.0,8.5,6.27,5.833333333,6.9,7.333333333,5.0,Fase 3 (7° e 8° ano),-1,,7.1472,Ametista,2023,2.0,2.0,1,Moderada (−1 fase)
RA-591,Aluno-591,2K,2K,13.0,Masculino,2021,Pública,7.418,7.913043478500001,6.255,5.78125,7.5,6.54,5.0,Fase 3 (7° e 8° ano),-1,Cursando,6.8360336957,Ágata,2024,2.0,3.0,1,Moderada (−1 fase)
RA-592,Aluno-592,1,K,10.0,Menina,2020,Escola Pública,8.0,8.5,5.6,,8.4,7.778,5.0,Fase 2 (5º e 6º ano),-1,,7.381,Ametista,2022,1.0,2.0,1,Moderada (−1 fase)
RA-592,Aluno-592,FASE 2,2U,11.0,Feminino,2020,Privada,6.2,9.2,3.77,7.916666667,7.6,8.95,10.0,Fase 2 (5° e 6° ano),0,,7.935466667,Ametista,2023,2.0,3.0,0,Adequada/adiantada (≥ 0)
RA-592,Aluno-592,3L,3L,12.0,Feminino,2021,Privada,7.917,6.108152734666667,2.51,7.65625,7.833333333333333,7.625,10.0,Fase 2 (5° e 6° ano),1,Cursando,7.121622213600001,Ametista,2024,3.0,3.0,0,Adequada/adiantada (≥ 0)
RA-593,Aluno-593,1,K,10.0,Menina,2021,Escola Pública,7.5,7.4,7.5,,4.6,6.278,5.0,Fase 2 (5º e 6º ano),-1,,6.254,Ágata,2022,1.0,1.0,1,Moderada (−1 fase)
RA-594,Aluno-594,1,K,10.0,Menino,2022,Escola Pública,8.0,9.4,7.5,,7.8,6.889,5.0,Fase 2 (5º e 6º ano),-1,,7.392,Ametista,2022,1.0,0.0,1,Moderada (−1 fase)
RA-594,Aluno-594,FASE 1,1L,11.0,Masculino,2022,Pública,8.5,7.1,6.27,6.875,5.8,7.336666667,5.0,Fase 2 (5° e 6° ano),-1,,6.702033333,Ágata,2023,1.0,1.0,1,Moderada (−1 fase)
RA-594,Aluno-594,2M,2M,12.0,Masculino,2022,Pública,6.918,5.75,6.26,8.125,7.0,6.053333333,10.0,Fase 2 (5° e 6° ano),0,Cursando,6.890966666600001,Ágata,2024,2.0,2.0,0,Adequada/adiantada (≥ 0)
RA-595,Aluno-595,1,K,12.0,Menino,2018,Escola Pública,8.5,5.5,7.5,,1.0,6.0,5.0,Fase 3 (7º e 8º ano),-2,,5.18,Quartzo,2022,1.0,4.0,1,Severa (≤ −2 fases)
RA-595,Aluno-595,FASE 2,2U,,Masculino,2018,Pública,0.0,7.0,7.52,6.666666667,3.3,5.55,5.0,Fase 3 (7° e 8° ano),-1,,5.078666667,Quartzo,2023,2.0,5.0,1,Moderada (−1 fase)
RA-596,Aluno-596,1,K,9.0,Menina,2021,Escola Pública,9.5,10.0,7.5,,9.3,9.0,10.0,Fase 1 (4º ano),0,,8.971,Topázio,2022,1.0,1.0,0,Adequada/adiantada (≥ 0)
RA-597,Aluno-597,1,L,9.0,Menino,2022,Escola Pública,9.0,10.0,7.5,,8.0,7.056,10.0,Fase 1 (4º ano),0,,8.265,Topázio,2022,1.0,0.0,0,Adequada/adiantada (≥ 0)
RA-597,Aluno-597,FASE 1,1K,10.0,Masculino,2022,Pública,10.0,9.6,7.52,9.0625,8.5,8.56,5.0,Fase 2 (5° e 6° ano),-1,,8.49045,Topázio,2023,1.0,1.0,1,Moderada (−1 fase)
RA-597,Aluno-597,2L,2L,11.0,Masculino,2022,Pública,9.002,9.3271221535,7.51,7.5,6.0,6.883333333,10.0,Fase 2 (5° e 6° ano),0,Cursando,7.843291097300001,Ametista,2024,2.0,2.0,0,Adequada/adiantada (≥ 0)
RA-598,Aluno-598,1,L,11.0,Menina,2022,Escola Pública,9.5,7.2,7.5,,3.7,6.944,5.0,Fase 2 (5º e 6º ano),-1,,6.35,Ágata,2022,1.0,0.0,1,Moderada (−1 fase)
RA-599,Aluno-599,1,L,10.0,Menino,2022,Escola Pública,9.5,9.2,7.5,,9.1,8.556,5.0,Fase 2 (5º e 6º ano),-1,,8.2,Topázio,2022,1.0,0.0,1,Moderada (−1 fase)
RA-599,Aluno-599,FASE 2,2K,10.0,Masculino,2022,Pública,10.0,9.5,2.52,8.333333333,8.5,9.286666667,10.0,Fase 2 (5° e 6° ano),0,,8.532866667,Topázio,2023,2.0,1.0,0,Adequada/adiantada (≥ 0)
RA-599,Aluno-599,3K,3K,12.0,Masculino,2022,Pública,10.002,8.607843137333333,9.375,7.083333333,7.666666666666667,7.28,10.0,Fase 2 (5° e 6° ano),1,Cursando,8.3569352941,Topázio,2024,3.0,2.0,0,Adequada/adiantada (≥ 0)
RA-6,Aluno-6,7,A,18.0,Menina,2021,Escola Pública,7.9,4.5,7.5,,3.3,7.222,5.0,Fase 8 (Universitários),-1,,5.848,Quartzo,2022,7.0,1.0,1,Moderada (−1 fase)
RA-6,Aluno-6,FASE 8,8E,,Feminino,2021,Privada - Pagamento por *Empresa Parceira,,,,,,,10.0,Fase 8 (Universitários),0,,,,2023,8.0,2.0,0,Adequada/adiantada (≥ 0)
RA-6,Aluno-6,8E,8E,20.0,Feminino,2021,Privada *Parcerias com Bolsa 100%,,0.0,,,,,10.0,Fase 8 (Universitários),0,Cursando,,,2024,8.0,3.0,0,Adequada/adiantada (≥ 0)
RA-60,Aluno-60,5,B,18.0,Menina,2021,Escola Pública,6.7,6.0,7.5,,4.9,6.167,2.5,Fase 8 (Universitários),-3,,5.537,Quartzo,2022,5.0,1.0,1,Severa (≤ −2 fases)
RA-600,Aluno-600,1,L,9.0,Menina,2021,Escola Pública,8.5,8.4,7.5,,3.9,6.833,10.0,Fase 1 (4º ano),0,,7.011,Ágata,2022,1.0,1.0,0,Adequada/adiantada (≥ 0)
RA-600,Aluno-600,FASE 1,1K,10.0,Feminino,2021,Pública,8.5,8.4,7.52,8.28125,7.2,8.056666667,5.0,Fase 2 (5° e 6° ano),-1,,7.651658333,Ametista,2023,1.0,2.0,1,Moderada (−1 fase)
RA-600,Aluno-600,2L,2L,11.0,Feminino,2021,Pública,8.002,8.010869565,7.51,7.5,7.5,7.22,10.0,Fase 2 (5° e 6° ano),0,Cursando,7.847373913,Ametista,2024,2.0,3.0,0,Adequada/adiantada (≥ 0)
RA-601,Aluno-601,1,L,8.0,Menino,2021,Escola Pública,9.0,9.7,7.5,,5.7,7.167,10.0,ALFA  (2º e 3º ano),1,,7.713,Ametista,2022,1.0,1.0,0,Adequada/adiantada (≥ 0)
RA-601,Aluno-601,FASE 1,1K,9.0,Masculino,2021,Pública,9.0,10.0,7.52,9.0625,8.7,8.336666667,10.0,Fase 1 (3° e 4° ano),0,,8.955783333,Topázio,2023,1.0,2.0,0,Adequada/adiantada (≥ 0)
RA-601,Aluno-601,1K,1K,10.0,Masculino,2021,Pública,9.502,10.0,7.505,8.75,8.75,8.425,5.0,Fase 2 (5° e 6° ano),-1,Cursando,8.5107,Topázio,2024,1.0,3.0,1,Moderada (−1 fase)
RA-602,Aluno-602,1,L,11.0,Menino,2019,Escola Pública,10.0,9.7,7.5,,8.6,7.667,5.0,Fase 2 (5º e 6º ano),-1,,8.041,Ametista,2022,1.0,3.0,1,Moderada (−1 fase)
RA-602,Aluno-602,FASE 2,2U,12.0,Masculino,2019,Pública,10.0,9.6,7.52,8.75,8.1,9.51,5.0,Fase 3 (7° e 8° ano),-1,,8.5592,Topázio,2023,2.0,4.0,1,Moderada (−1 fase)
RA-602,Aluno-602,3L,3L,13.0,Masculino,2021,Pública,9.585,9.670588235333334,7.51,8.28125,7.333333333333333,8.545,10.0,Fase 3 (7° e 8° ano),0,Cursando,8.647409313733334,Topázio,2024,3.0,3.0,0,Adequada/adiantada (≥ 0)
RA-603,Aluno-603,1,L,11.0,Menina,2022,Escola Pública,9.0,9.5,7.5,,7.5,8.0,5.0,Fase 2 (5º e 6º ano),-1,,7.78,Ametista,2022,1.0,0.0,1,Moderada (−1 fase)
RA-603,Aluno-603,FASE 2,2M,11.0,Masculino,2022,Pública,0.0,8.9,2.52,7.708333333,7.0,7.78,10.0,Fase 2 (5° e 6° ano),0,,6.748833333,Ágata,2023,2.0,1.0,0,Adequada/adiantada (≥ 0)
RA-603,Aluno-603,3U,3U,12.0,Masculino,2022,Pública,9.585,7.155555555666666,6.885,6.875,4.666666666666667,6.216666667,10.0,Fase 3 (7° e 8° ano),0,Cursando,6.942277777866667,Ágata,2024,3.0,2.0,0,Adequada/adiantada (≥ 0)
RA-604,Aluno-604,1,L,10.0,Menina,2021,Escola Pública,9.0,9.0,7.5,,8.8,8.333,5.0,Fase 2 (5º e 6º ano),-1,,8.018,Ametista,2022,1.0,1.0,1,Moderada (−1 fase)
RA-604,Aluno-604,FASE 2,2K,,Feminino,2021,Pública,9.0,9.3,7.52,8.125,7.5,8.616666667,10.0,Fase 2 (5° e 6° ano),0,,8.548033333,Topázio,2023,2.0,2.0,0,Adequada/adiantada (≥ 0)
RA-604,Aluno-604,3L,3L,12.0,Feminino,2021,Pública,8.334,7.5029927763333335,8.13,6.40625,7.0,6.21,10.0,Fase 2 (5° e 6° ano),1,Cursando,7.429623555266667,Ametista,2024,3.0,3.0,0,Adequada/adiantada (≥ 0)
RA-605,Aluno-605,1,L,12.0,Menina,2021,Escola Pública,6.9,9.3,6.9,,7.1,7.556,5.0,Fase 3 (7º e 8º ano),-2,,7.276,Ametista,2022,1.0,1.0,1,Severa (≤ −2 fases)
RA-605,Aluno-605,FASE 2,2K,12.0,Feminino,2021,Pública,9.0,9.5,7.52,7.291666667,6.8,7.84,5.0,Fase 3 (7° e 8° ano),-1,,7.709366667,Ametista,2023,2.0,2.0,1,Moderada (−1 fase)
RA-605,Aluno-605,3M,3M,13.0,Feminino,2021,Pública,7.5,6.194444444333333,6.885,7.0,2.6666666666666665,5.534,10.0,Fase 3 (7° e 8° ano),0,Cursando,6.0175222222,Ágata,2024,3.0,3.0,0,Adequada/adiantada (≥ 0)
RA-606,Aluno-606,1,L,10.0,Menino,2022,Escola Pública,9.5,9.0,7.5,,1.8,6.111,5.0,Fase 2 (5º e 6º ano),-1,,6.127,Ágata,2022,1.0,0.0,1,Moderada (−1 fase)
RA-606,Aluno-606,FASE 1,1K,10.0,Masculino,2022,Pública,8.5,8.5,7.52,7.65625,6.0,8.223333333,5.0,Fase 2 (5° e 6° ano),-1,,7.402491667,Ametista,2023,1.0,1.0,1,Moderada (−1 fase)
RA-606,Aluno-606,2M,2M,11.0,Masculino,2022,Pública,8.502,7.6136363634999995,6.885,8.125,3.25,5.606666667,10.0,Fase 2 (5° e 6° ano),0,Cursando,6.645260606100001,Ágata,2024,2.0,2.0,0,Adequada/adiantada (≥ 0)
RA-607,Aluno-607,1,L,10.0,Menino,2022,Escola Pública,6.8,8.1,7.5,,4.0,7.444,5.0,Fase 2 (5º e 6º ano),-1,,6.44,Ágata,2022,1.0,0.0,1,Moderada (−1 fase)
RA-607,Aluno-607,FASE 1,1K,11.0,Masculino,2022,Pública,8.0,7.5,7.52,7.96875,6.8,8.17,5.0,Fase 2 (5° e 6° ano),-1,,7.333075,Ametista,2023,1.0,1.0,1,Moderada (−1 fase)
RA-607,Aluno-607,2K,2K,12.0,Masculino,2022,Pública,8.502,7.4782608695,7.51,7.1875,7.0,7.165,10.0,Fase 2 (5° e 6° ano),0,Cursando,7.6486021739000005,Ametista,2024,2.0,2.0,0,Adequada/adiantada (≥ 0)
RA-608,Aluno-608,1,L,10.0,Menino,2022,Escola Pública,7.8,9.6,7.5,,6.3,7.222,5.0,Fase 2 (5º e 6º ano),-1,,7.216,Ametista,2022,1.0,0.0,1,Moderada (−1 fase)
RA-608,Aluno-608,FASE 1,1K,10.0,Masculino,2022,Pública,10.0,7.5,7.52,7.96875,6.2,8.113333333,5.0,Fase 2 (5° e 6° ano),-1,,7.401741667,Ametista,2023,1.0,1.0,1,Moderada (−1 fase)
RA-608,Aluno-608,2N,2N,11.0,Masculino,2022,Pública,9.002,3.054347826,6.885,7.1875,4.25,5.053333333,10.0,Fase 2 (5° e 6° ano),0,Cursando,5.778986231800001,Quartzo,2024,2.0,2.0,0,Adequada/adiantada (≥ 0)
RA-609,Aluno-609,1,L,11.0,Menino,2019,Escola Pública,8.5,7.6,7.5,,6.0,7.056,5.0,Fase 2 (5º e 6º ano),-1,,6.794,Ágata,2022,1.0,3.0,1,Moderada (−1 fase)
RA-609,Aluno-609,FASE 2,2U,,Masculino,2019,Pública,9.5,6.4,7.52,6.875,5.3,6.216666667,5.0,Fase 3 (7° e 8° ano),-1,,6.463033333,Ágata,2023,2.0,4.0,1,Moderada (−1 fase)
RA-61,Aluno-61,5,B,15.0,Menino,2021,Escola Pública,9.2,7.4,7.5,,5.8,7.875,10.0,Fase 5 (1º EM),0,,7.533,Ametista,2022,5.0,1.0,0,Adequada/adiantada (≥ 0)
RA-61,Aluno-61,FASE 6,6A,16.0,Masculino,2021,Pública,8.3,7.0,6.26,7.96875,6.2,7.4625,10.0,Fase 6 (2° EM),0,,7.382108333,Ametista,2023,6.0,2.0,0,Adequada/adiantada (≥ 0)
RA-610,Aluno-610,1,L,9.0,Menina,2022,Escola Pública,9.0,9.6,7.5,,6.5,8.5,10.0,Fase 1 (4º ano),0,,8.18,Topázio,2022,1.0,0.0,0,Adequada/adiantada (≥ 0)
RA-610,Aluno-610,FASE 2,2K,,Feminino,2022,Pública,10.0,10.0,2.52,8.541666667,7.0,8.896666667,10.0,Fase 2 (5° e 6° ano),0,,8.2857,Topázio,2023,2.0,1.0,0,Adequada/adiantada (≥ 0)
RA-610,Aluno-610,3K,3K,11.0,Feminino,2022,Pública,9.585,9.694444444333334,3.76,6.875,6.333333333333333,8.336666667,10.0,Fase 2 (5° e 6° ano),1,Cursando,7.894888888933334,Ametista,2024,3.0,2.0,0,Adequada/adiantada (≥ 0)
RA-611,Aluno-611,1,M,12.0,Menino,2021,Escola Pública,9.5,7.6,7.5,,9.5,7.556,5.0,Fase 3 (7º e 8º ano),-2,,7.756,Ametista,2022,1.0,1.0,1,Severa (≤ −2 fases)
RA-612,Aluno-612,1,M,10.0,Menina,2021,Escola Pública,9.0,9.2,7.5,,7.9,7.167,5.0,Fase 2 (5º e 6º ano),-1,,7.594,Ametista,2022,1.0,1.0,1,Moderada (−1 fase)
RA-612,Aluno-612,FASE 1,1M,11.0,Feminino,2021,Privada - Programa de Apadrinhamento,9.0,9.7,3.77,9.0625,9.7,9.286666667,5.0,Fase 2 (5° e 6° ano),-1,,8.410783333,Topázio,2023,1.0,2.0,1,Moderada (−1 fase)
RA-612,Aluno-612,2M,2M,12.0,Feminino,2021,Privada - Programa de Apadrinhamento,8.002,9.5454545455,6.26,9.6875,9.75,9.4,10.0,Fase 2 (5° e 6° ano),0,Cursando,9.134040909100001,Topázio,2024,2.0,3.0,0,Adequada/adiantada (≥ 0)
RA-613,Aluno-613,1,M,13.0,Menino,2020,Escola Pública,9.0,9.2,7.5,,9.2,8.556,5.0,Fase 3 (7º e 8º ano),-2,,8.121,Topázio,2022,1.0,2.0,1,Severa (≤ −2 fases)
RA-613,Aluno-613,FASE 3,3N,14.0,Masculino,2020,Pública,9.2,9.4,5.0,6.71875,4.8,7.2125,5.0,Fase 4 (9° ano),-1,,6.864508333,Ágata,2023,3.0,3.0,1,Moderada (−1 fase)
RA-613,Aluno-613,3N,3N,15.0,Masculino,2021,Pública,8.334,9.566666666666666,7.51,6.875,7.333333333333333,6.25,5.0,Fase 4 (9° ano),-1,Cursando,7.4019,Ametista,2024,3.0,3.0,1,Moderada (−1 fase)
RA-614,Aluno-614,1,M,12.0,Menino,2021,Escola Pública,9.5,9.7,7.5,,9.6,8.278,5.0,Fase 3 (7º e 8º ano),-2,,8.339,Topázio,2022,1.0,1.0,1,Severa (≤ −2 fases)
RA-614,Aluno-614,FASE 2,2M,13.0,Masculino,2021,Pública,9.0,9.1,7.52,8.333333333,8.6,8.563333333,5.0,Fase 3 (7° e 8° ano),-1,,8.2282,Topázio,2023,2.0,2.0,1,Moderada (−1 fase)
RA-614,Aluno-614,3U,3U,14.0,Masculino,2021,Pública,9.585,9.700000000000001,7.51,7.916666667,6.833333333333333,7.603333333,5.0,Fase 4 (9° ano),-1,Cursando,7.8284999999666685,Ametista,2024,3.0,3.0,1,Moderada (−1 fase)
RA-615,Aluno-615,1,M,9.0,Menina,2020,Escola Pública,9.5,9.7,7.5,,7.3,6.889,10.0,Fase 1 (4º ano),0,,8.086,Topázio,2022,1.0,2.0,0,Adequada/adiantada (≥ 0)
RA-615,Aluno-615,FASE 1,1M,,Feminino,2020,Pública,10.0,9.7,3.14,8.28125,7.6,8.616666667,5.0,Fase 2 (5° e 6° ano),-1,,7.815658333,Ametista,2023,1.0,3.0,1,Moderada (−1 fase)
RA-616,Aluno-616,1,M,12.0,Menino,2019,Escola Pública,7.4,7.4,7.5,,8.8,7.278,5.0,Fase 3 (7º e 8º ano),-2,,7.303,Ametista,2022,1.0,3.0,1,Severa (≤ −2 fases)
RA-616,Aluno-616,FASE 2,2M,,Masculino,2019,Pública,0.0,6.6,5.02,5.833333333,6.8,6.783333333,5.0,Fase 3 (7° e 8° ano),-1,,5.612,Quartzo,2023,2.0,4.0,1,Moderada (−1 fase)
RA-616,Aluno-616,3U,3U,14.0,Masculino,2021,Pública,7.5,3.087719298333333,6.885,6.458333333,3.8333333333333335,4.946666667,10.0,Fase 3 (7° e 8° ano),0,Cursando,5.457877193033333,Quartzo,2024,3.0,3.0,0,Adequada/adiantada (≥ 0)
RA-617,Aluno-617,1,M,11.0,Menina,2021,Escola Pública,8.5,8.9,7.5,,6.3,6.778,5.0,Fase 2 (5º e 6º ano),-1,,7.107,Ametista,2022,1.0,1.0,1,Moderada (−1 fase)
RA-617,Aluno-617,FASE 1,1L,11.0,Feminino,2021,Pública,0.0,9.0,7.52,7.708333333,6.9,8.116666667,5.0,Fase 2 (5° e 6° ano),-1,,6.816166667,Ágata,2023,1.0,2.0,1,Moderada (−1 fase)
RA-618,Aluno-618,1,M,13.0,Menino,2020,Escola Pública,8.9,8.3,7.5,,6.7,7.333,5.0,Fase 3 (7º e 8º ano),-2,,7.18,Ametista,2022,1.0,2.0,1,Severa (≤ −2 fases)
RA-618,Aluno-618,FASE 2,2N,,Masculino,2020,Pública,0.0,9.2,5.02,8.125,6.2,7.95,5.0,Fase 4 (9° ano),-2,,6.4745,Ágata,2023,2.0,3.0,1,Severa (≤ −2 fases)
RA-618,Aluno-618,3K,3K,15.0,Masculino,2021,Pública,10.002,8.324074074,6.88,6.666666667,4.166666666666667,6.826666667,5.0,Fase 5 (1° EM),-2,Cursando,6.718348148233334,Ágata,2024,3.0,3.0,1,Severa (≤ −2 fases)
RA-619,Aluno-619,1,M,11.0,Menina,2021,Escola Pública,9.5,8.0,7.5,,9.0,7.333,5.0,Fase 2 (5º e 6º ano),-1,,7.693,Ametista,2022,1.0,1.0,1,Moderada (−1 fase)
RA-619,Aluno-619,FASE 2,2M,11.0,Feminino,2021,Pública,9.0,7.1,3.77,7.708333333,9.0,8.116666667,10.0,Fase 2 (5° e 6° ano),0,,7.891366667,Ametista,2023,2.0,2.0,0,Adequada/adiantada (≥ 0)
RA-62,Aluno-62,5,B,17.0,Menino,2022,Escola Pública,8.8,9.4,7.5,,9.3,7.25,5.0,Fase 7 (3º EM),-2,,7.891,Ametista,2022,5.0,0.0,1,Severa (≤ −2 fases)
RA-62,Aluno-62,FASE 7,7A,17.0,Feminino,2022,Pública,0.0,9.8,6.89,8.25,7.5,8.215,10.0,Fase 7 (3° EM),0,,7.610333333,Ametista,2023,7.0,1.0,0,Adequada/adiantada (≥ 0)
RA-62,Aluno-62,8F,8F,18.0,Feminino,2022,Privada *Parcerias com Bolsa 100%,,0.0,,,,,10.0,Fase 8 (Universitários),0,Cursando,,,2024,8.0,2.0,0,Adequada/adiantada (≥ 0)
RA-620,Aluno-620,1,M,12.0,Menino,2021,Escola Pública,0.0,7.5,7.5,,6.8,6.833,5.0,Fase 3 (7º e 8º ano),-2,,6.018,Ágata,2022,1.0,1.0,1,Severa (≤ −2 fases)
RA-620,Aluno-620,FASE 2,2M,13.0,Masculino,2021,Pública,6.8,8.4,7.52,6.875,6.2,7.503333333,5.0,Fase 3 (7° e 8° ano),-1,,7.043666667,Ametista,2023,2.0,2.0,1,Moderada (−1 fase)
RA-620,Aluno-620,3U,3U,14.0,Masculino,2021,Pública,8.334,3.9841269843333333,7.51,7.083333333,2.5,5.886666667,10.0,Fase 3 (7° e 8° ano),0,Cursando,5.766892063566667,Quartzo,2024,3.0,3.0,0,Adequada/adiantada (≥ 0)
RA-621,Aluno-621,1,M,10.0,Menino,2020,Escola Pública,9.5,7.7,7.5,,7.5,8.222,5.0,Fase 2 (5º e 6º ano),-1,,7.448,Ametista,2022,1.0,2.0,1,Moderada (−1 fase)
RA-622,Aluno-622,1,N,12.0,Menina,2019,Escola Pública,3.5,3.8,7.5,,3.8,6.0,5.0,Fase 3 (7º e 8º ano),-2,,4.934,Quartzo,2022,1.0,3.0,1,Severa (≤ −2 fases)
RA-623,Aluno-623,1,N,13.0,Menino,2022,Escola Pública,7.5,9.0,7.5,,8.3,7.389,5.0,Fase 3 (7º e 8º ano),-2,,7.524,Ametista,2022,1.0,0.0,1,Severa (≤ −2 fases)
RA-623,Aluno-623,FASE 2,2M,14.0,Masculino,2022,Pública,10.0,9.5,7.52,7.291666667,7.3,7.446666667,5.0,Fase 4 (9° ano),-2,,7.8307,Ametista,2023,2.0,1.0,1,Severa (≤ −2 fases)
RA-623,Aluno-623,3U,3U,15.0,Masculino,2022,Pública,8.334,7.3999999999999995,6.885,6.458333333,4.0,7.05,5.0,Fase 4 (9° ano),-1,Cursando,6.357733333300001,Ágata,2024,3.0,2.0,1,Moderada (−1 fase)
RA-624,Aluno-624,1,N,10.0,Menino,2022,Escola Pública,9.0,8.9,7.5,,6.8,7.722,5.0,Fase 2 (5º e 6º ano),-1,,7.425,Ametista,2022,1.0,0.0,1,Moderada (−1 fase)
RA-624,Aluno-624,FASE 1,1K,,Masculino,2022,Pública,9.0,9.2,7.52,8.90625,8.6,8.39,5.0,Fase 2 (5° e 6° ano),-1,,8.270825,Topázio,2023,1.0,1.0,1,Moderada (−1 fase)
RA-624,Aluno-624,2L,2L,12.0,Masculino,2022,Pública,8.002,8.219461698,7.51,7.916666667,4.0,7.213333333,10.0,Fase 2 (5° e 6° ano),0,Cursando,7.229425672900001,Ametista,2024,2.0,2.0,0,Adequada/adiantada (≥ 0)
RA-625,Aluno-625,1,N,11.0,Menino,2022,Escola Pública,8.0,9.2,7.5,,7.8,7.333,5.0,Fase 2 (5º e 6º ano),-1,,7.483,Ametista,2022,1.0,0.0,1,Moderada (−1 fase)
RA-626,Aluno-626,1,N,11.0,Menino,2021,Escola Pública,7.4,7.6,7.5,,1.3,7.278,5.0,Fase 2 (5º e 6º ano),-1,,5.818,Quartzo,2022,1.0,1.0,1,Moderada (−1 fase)
RA-626,Aluno-626,FASE 2,2M,12.0,Masculino,2021,Pública,9.0,9.2,4.39,7.291666667,6.5,7.613333333,5.0,Fase 3 (7° e 8° ano),-1,,7.231033333,Ametista,2023,2.0,2.0,1,Moderada (−1 fase)
RA-626,Aluno-626,3U,3U,13.0,Masculino,2021,Pública,9.585,3.380451127666667,6.885,7.291666667,5.333333333333333,6.443333333,10.0,Fase 3 (7° e 8° ano),0,Cursando,6.407590225500001,Ágata,2024,3.0,3.0,0,Adequada/adiantada (≥ 0)
RA-627,Aluno-627,1,N,10.0,Menina,2022,Escola Pública,7.0,6.7,7.5,,6.5,7.0,5.0,Fase 2 (5º e 6º ano),-1,,6.621,Ágata,2022,1.0,0.0,1,Moderada (−1 fase)
RA-628,Aluno-628,1,N,11.0,Menino,2022,Escola Pública,9.5,7.6,7.5,,9.2,7.333,5.0,Fase 2 (5º e 6º ano),-1,,7.577,Ametista,2022,1.0,0.0,1,Moderada (−1 fase)
RA-628,Aluno-628,FASE 1,1K,12.0,Masculino,2022,Pública,9.5,8.9,7.52,8.28125,9.4,8.45,5.0,Fase 3 (7° e 8° ano),-2,,8.370325,Topázio,2023,1.0,1.0,1,Severa (≤ −2 fases)
RA-628,Aluno-628,2U,2U,13.0,Masculino,2022,Pública,9.002,10.0,7.51,7.1875,9.0,7.833333333,5.0,Fase 3 (7° e 8° ano),-1,Cursando,8.2366166666,Topázio,2024,2.0,2.0,1,Moderada (−1 fase)
RA-629,Aluno-629,1,N,9.0,Menino,2022,Escola Pública,9.0,10.0,7.5,,7.0,7.278,10.0,Fase 1 (4º ano),0,,8.11,Topázio,2022,1.0,0.0,0,Adequada/adiantada (≥ 0)
RA-629,Aluno-629,FASE 1,1L,10.0,Feminino,2022,Pública,10.0,9.4,7.52,7.916666667,7.5,7.95,5.0,Fase 2 (5° e 6° ano),-1,,8.013866667,Topázio,2023,1.0,1.0,1,Moderada (−1 fase)
RA-629,Aluno-629,2U,2U,11.0,Feminino,2022,Pública,10.002,9.523809524,7.51,7.5,6.0,7.276666667,10.0,Fase 2 (5° e 6° ano),0,Cursando,8.061295238200001,Topázio,2024,2.0,2.0,0,Adequada/adiantada (≥ 0)
RA-63,Aluno-63,5,B,16.0,Menino,2018,Rede Decisão,8.3,9.1,8.8,,8.7,9.417,5.0,Fase 6 (2º EM),-1,,8.282,Topázio,2022,5.0,4.0,1,Moderada (−1 fase)
RA-63,Aluno-63,FASE 6,6A,,Masculino,2018,Pública,6.7,9.0,6.89,8.75,8.7,8.9675,5.0,Fase 7 (3° EM),-1,,8.0641,Topázio,2023,6.0,5.0,1,Moderada (−1 fase)
RA-630,Aluno-630,1,N,9.0,Menino,2022,Escola Pública,9.5,9.2,7.5,,7.3,7.278,10.0,Fase 1 (4º ano),0,,8.064,Topázio,2022,1.0,0.0,0,Adequada/adiantada (≥ 0)
RA-630,Aluno-630,FASE 1,1M,10.0,Masculino,2022,Pública,9.0,8.6,3.77,8.28125,5.7,8.673333333,5.0,Fase 2 (5° e 6° ano),-1,,7.199991667,Ametista,2023,1.0,1.0,1,Moderada (−1 fase)
RA-630,Aluno-630,2L,2L,11.0,Masculino,2022,Pública,0.0,8.4782608695,7.51,7.5,5.75,7.666666667,10.0,Fase 2 (5° e 6° ano),0,Cursando,6.879985507300001,Ágata,2024,2.0,2.0,0,Adequada/adiantada (≥ 0)
RA-631,Aluno-631,1,N,12.0,Menino,2022,Escola Pública,8.5,6.8,7.5,,7.0,7.222,5.0,Fase 3 (7º e 8º ano),-2,,6.928,Ágata,2022,1.0,0.0,1,Severa (≤ −2 fases)
RA-631,Aluno-631,FASE 2,2N,13.0,Masculino,2022,Pública,0.0,6.4,6.27,7.916666667,7.0,6.78,5.0,Fase 3 (7° e 8° ano),-1,,5.954666667,Quartzo,2023,2.0,1.0,1,Moderada (−1 fase)
RA-631,Aluno-631,3L,3L,14.0,Masculino,2022,Pública,8.334,7.2122004356666665,8.75,5.625,4.166666666666667,6.245,10.0,Fase 3 (7° e 8° ano),0,Cursando,6.795673420466667,Ágata,2024,3.0,2.0,0,Adequada/adiantada (≥ 0)
RA-632,Aluno-632,1,P,10.0,Menina,2022,Escola Pública,8.5,9.3,6.9,,6.3,6.722,5.0,Fase 2 (5º e 6º ano),-1,,6.996,Ágata,2022,1.0,0.0,1,Moderada (−1 fase)
RA-632,Aluno-632,FASE 2,2R,11.0,Feminino,2022,Pública,4.7,9.1,5.64,8.333333333,7.4,8.563333333,10.0,Fase 2 (5° e 6° ano),0,,7.8768,Ametista,2023,2.0,1.0,0,Adequada/adiantada (≥ 0)
RA-632,Aluno-632,3P,3P,12.0,Feminino,2022,Pública,7.917,8.999164578333334,6.875,8.28125,4.166666666666667,7.875,10.0,Fase 3 (7° e 8° ano),0,Cursando,7.515491249000001,Ametista,2024,3.0,2.0,0,Adequada/adiantada (≥ 0)
RA-633,Aluno-633,1,P,11.0,Menina,2020,Escola Pública,7.3,8.9,7.5,,7.7,7.833,5.0,Fase 2 (5º e 6º ano),-1,,7.476,Ametista,2022,1.0,2.0,1,Moderada (−1 fase)
RA-633,Aluno-633,FASE 2,2R,,Feminino,2020,Pública,1.7,8.1,6.27,8.541666667,7.2,7.286666667,5.0,Fase 3 (7° e 8° ano),-1,,6.6552,Ágata,2023,2.0,3.0,1,Moderada (−1 fase)
RA-633,Aluno-633,3P,3P,13.0,Feminino,2021,Pública,4.584,4.707017544,2.51,6.875,3.3333333333333335,6.1175,10.0,Fase 3 (7° e 8° ano),0,Cursando,5.228470175466667,Quartzo,2024,3.0,3.0,0,Adequada/adiantada (≥ 0)
RA-634,Aluno-634,1,P,11.0,Menina,2022,Escola Pública,9.5,9.4,7.5,,6.5,8.222,5.0,Fase 2 (5º e 6º ano),-1,,7.619,Ametista,2022,1.0,0.0,1,Moderada (−1 fase)
RA-635,Aluno-635,1,P,10.0,Menino,2022,Escola Pública,10.0,4.9,6.9,,1.5,6.444,5.0,Fase 2 (5º e 6º ano),-1,,5.313,Quartzo,2022,1.0,0.0,1,Moderada (−1 fase)
RA-636,Aluno-636,1,P,10.0,Menino,2022,Escola Pública,8.5,8.0,6.9,,7.3,7.389,5.0,Fase 2 (5º e 6º ano),-1,,7.189,Ametista,2022,1.0,0.0,1,Moderada (−1 fase)
RA-636,Aluno-636,FASE 1,1R,11.0,Masculino,2022,Pública,0.0,8.3,5.64,8.333333333,9.0,7.446666667,5.0,Fase 2 (5° e 6° ano),-1,,6.836666667,Ágata,2023,1.0,1.0,1,Moderada (−1 fase)
RA-636,Aluno-636,2P,2P,12.0,Masculino,2022,Pública,8.002,4.9043062200000005,7.51,6.875,5.25,5.553333333,10.0,Fase 2 (5° e 6° ano),0,Cursando,6.3802279106,Ágata,2024,2.0,2.0,0,Adequada/adiantada (≥ 0)
RA-637,Aluno-637,1,P,10.0,Menina,2021,Escola Pública,8.5,9.0,7.5,,5.8,7.0,5.0,Fase 2 (5º e 6º ano),-1,,7.039,Ametista,2022,1.0,1.0,1,Moderada (−1 fase)
RA-637,Aluno-637,FASE 1,1R,11.0,Feminino,2021,Pública,8.0,9.5,7.52,8.333333333,8.5,8.17,5.0,Fase 2 (5° e 6° ano),-1,,8.109533333,Topázio,2023,1.0,2.0,1,Moderada (−1 fase)
RA-637,Aluno-637,2P,2P,12.0,Feminino,2021,Pública,7.502,6.2272727275,7.51,8.333333333,7.75,7.776666667,10.0,Fase 2 (5° e 6° ano),0,Cursando,7.6853212122,Ametista,2024,2.0,3.0,0,Adequada/adiantada (≥ 0)
RA-638,Aluno-638,1,P,9.0,Menina,2020,Escola Pública,8.5,9.3,7.5,,3.9,6.278,10.0,Fase 1 (4º ano),0,,7.059,Ametista,2022,1.0,2.0,0,Adequada/adiantada (≥ 0)
RA-638,Aluno-638,FASE 1,1R,,Feminino,2020,Pública,9.0,9.4,7.52,8.333333333,6.5,7.946666667,5.0,Fase 2 (5° e 6° ano),-1,,7.754866667,Ametista,2023,1.0,3.0,1,Moderada (−1 fase)
RA-638,Aluno-638,2P,2P,11.0,Feminino,2021,Pública,8.502,5.7272727275,7.51,8.125,5.0,5.936666667,10.0,Fase 2 (5° e 6° ano),0,Cursando,6.7464878789,Ágata,2024,2.0,3.0,0,Adequada/adiantada (≥ 0)
RA-639,Aluno-639,1,P,10.0,Menina,2021,Escola Pública,8.5,7.4,7.5,,5.5,6.611,5.0,Fase 2 (5º e 6º ano),-1,,6.613,Ágata,2022,1.0,1.0,1,Moderada (−1 fase)
RA-639,Aluno-639,FASE 2,2R,11.0,Feminino,2021,Pública,7.4,8.1,6.27,8.125,6.3,7.62,10.0,Fase 2 (5° e 6° ano),0,,7.5853,Ametista,2023,2.0,2.0,0,Adequada/adiantada (≥ 0)
RA-639,Aluno-639,3P,3P,12.0,Feminino,2021,Pública,7.917,5.278195488666667,2.51,6.71875,3.8333333333333335,6.1625,10.0,Fase 3 (7° e 8° ano),0,Cursando,5.7693807644,Quartzo,2024,3.0,3.0,0,Adequada/adiantada (≥ 0)
RA-64,Aluno-64,5,B,16.0,Menino,2019,Escola Pública,7.1,8.1,8.1,,7.5,8.25,5.0,Fase 6 (2º EM),-1,,7.368,Ametista,2022,5.0,3.0,1,Moderada (−1 fase)
RA-64,Aluno-64,FASE 6,6A,,Feminino,2019,Privada - Programa de Apadrinhamento,7.5,9.2,6.89,7.34375,6.7,7.9625,5.0,Fase 7 (3° EM),-1,,7.452541667,Ametista,2023,6.0,4.0,1,Moderada (−1 fase)
RA-64,Aluno-64,7A,7A,18.0,Feminino,2021,Privada - Programa de Apadrinhamento,10.002,8.980785296666667,8.135,8.4375,8.166666666666666,8.283333333,10.0,Fase 7 (3° EM),0,Cursando,8.743607059266667,Topázio,2024,7.0,3.0,0,Adequada/adiantada (≥ 0)
RA-640,Aluno-640,1,P,11.0,Menina,2022,Escola Pública,9.0,8.4,7.5,,4.8,6.778,5.0,Fase 2 (5º e 6º ano),-1,,6.73,Ágata,2022,1.0,0.0,1,Moderada (−1 fase)
RA-640,Aluno-640,FASE 1,1P,12.0,Feminino,2022,Pública,0.0,7.3,7.52,7.291666667,4.9,8.446666667,5.0,Fase 3 (7° e 8° ano),-2,,6.1105,Ágata,2023,1.0,1.0,1,Severa (≤ −2 fases)
RA-641,Aluno-641,1,P,9.0,Menina,2022,Escola Pública,9.0,9.3,7.5,,6.5,6.778,10.0,Fase 1 (4º ano),0,,7.776,Ametista,2022,1.0,0.0,0,Adequada/adiantada (≥ 0)
RA-642,Aluno-642,1,P,10.0,Menina,2021,Escola Pública,10.0,9.7,6.9,,7.3,7.778,5.0,Fase 2 (5º e 6º ano),-1,,7.75,Ametista,2022,1.0,1.0,1,Moderada (−1 fase)
RA-642,Aluno-642,FASE 2,2R,,Feminino,2021,Pública,9.5,9.2,6.27,8.75,6.5,9.173333333,10.0,Fase 2 (5° e 6° ano),0,,8.416866667,Topázio,2023,2.0,2.0,0,Adequada/adiantada (≥ 0)
RA-642,Aluno-642,3P,3P,12.0,Feminino,2021,Pública,9.585,9.149206349333333,3.76,7.1875,4.0,6.9975,10.0,Fase 3 (7° e 8° ano),0,Cursando,7.082591269866667,Ametista,2024,3.0,3.0,0,Adequada/adiantada (≥ 0)
RA-643,Aluno-643,1,P,10.0,Menino,2022,Escola Pública,9.0,8.0,7.5,,6.2,6.722,5.0,Fase 2 (5º e 6º ano),-1,,6.763,Ágata,2022,1.0,0.0,1,Moderada (−1 fase)
RA-643,Aluno-643,FASE 1,1P,,Masculino,2022,Pública,9.5,8.2,7.52,6.041666667,7.1,7.613333333,5.0,Fase 2 (5° e 6° ano),-1,,7.389033333,Ametista,2023,1.0,1.0,1,Moderada (−1 fase)
RA-643,Aluno-643,2P,2P,12.0,Masculino,2022,Pública,9.002,6.8660287085,7.51,8.125,4.5,5.826666667,5.0,Fase 3 (7° e 8° ano),-1,Cursando,6.402239075100001,Ágata,2024,2.0,2.0,1,Moderada (−1 fase)
RA-644,Aluno-644,1,P,11.0,Menina,2021,Escola Pública,9.5,8.0,7.5,,8.8,8.278,5.0,Fase 2 (5º e 6º ano),-1,,7.83,Ametista,2022,1.0,1.0,1,Moderada (−1 fase)
RA-644,Aluno-644,FASE 2,2P,,Feminino,2021,Pública,10.0,5.6,7.52,8.541666667,5.9,7.503333333,5.0,Fase 3 (7° e 8° ano),-1,,6.897033333,Ágata,2023,2.0,2.0,1,Moderada (−1 fase)
RA-645,Aluno-645,1,P,10.0,Menina,2022,Escola Pública,8.5,8.1,7.5,,2.0,6.833,5.0,Fase 2 (5º e 6º ano),-1,,6.086,Ágata,2022,1.0,0.0,1,Moderada (−1 fase)
RA-645,Aluno-645,FASE 1,1R,11.0,Feminino,2022,Pública,9.0,8.5,6.27,8.125,7.3,8.116666667,5.0,Fase 2 (5° e 6° ano),-1,,7.613033333,Ametista,2023,1.0,1.0,1,Moderada (−1 fase)
RA-645,Aluno-645,2P,2P,12.0,Feminino,2022,Pública,7.418,8.3863636365,7.51,7.708333333,5.25,7.556666667,10.0,Fase 2 (5° e 6° ano),0,Cursando,7.502239394,Ametista,2024,2.0,2.0,0,Adequada/adiantada (≥ 0)
RA-646,Aluno-646,1,R,13.0,Menino,2019,Escola Pública,8.5,9.8,8.1,,8.4,8.389,5.0,Fase 3 (7º e 8º ano),-2,,8.181,Topázio,2022,1.0,3.0,1,Severa (≤ −2 fases)
RA-646,Aluno-646,FASE 2,2P,13.0,Masculino,2019,Pública,10.0,8.9,7.52,8.958333333,8.4,8.783333333,5.0,Fase 3 (7° e 8° ano),-1,,8.3547,Topázio,2023,2.0,4.0,1,Moderada (−1 fase)
RA-646,Aluno-646,3P,3P,14.0,Masculino,2021,Pública,10.002,9.266666666666667,7.51,8.28125,6.166666666666667,7.7475,5.0,Fase 4 (9° ano),-1,Cursando,7.715491666666668,Ametista,2024,3.0,3.0,1,Moderada (−1 fase)
RA-647,Aluno-647,1,R,10.0,Menino,2022,Escola Pública,9.5,8.6,7.5,,3.3,7.278,5.0,Fase 2 (5º e 6º ano),-1,,6.606,Ágata,2022,1.0,0.0,1,Moderada (−1 fase)
RA-647,Aluno-647,FASE 1,1P,,Feminino,2022,Privada - Programa de Apadrinhamento,7.3,8.7,6.27,7.708333333,5.2,8.446666667,5.0,Fase 2 (5° e 6° ano),-1,,7.100566667,Ametista,2023,1.0,1.0,1,Moderada (−1 fase)
RA-648,Aluno-648,1,R,12.0,Menino,2019,Escola Pública,9.0,7.5,6.9,,5.3,7.5,5.0,Fase 3 (7º e 8º ano),-2,,6.736,Ágata,2022,1.0,3.0,1,Severa (≤ −2 fases)
RA-649,Aluno-649,1,R,12.0,Menina,2019,Escola Pública,8.5,8.9,5.6,,7.4,7.611,5.0,Fase 3 (7º e 8º ano),-2,,7.302,Ametista,2022,1.0,3.0,1,Severa (≤ −2 fases)
RA-649,Aluno-649,FASE 2,2P,,Feminino,2019,Pública,9.0,9.3,3.77,8.75,6.5,8.836666667,5.0,Fase 3 (7° e 8° ano),-1,,7.579533333,Ametista,2023,2.0,4.0,1,Moderada (−1 fase)
RA-649,Aluno-649,3R,3R,14.0,Feminino,2021,Pública,8.751,6.004481792666667,8.76,8.333333333,3.6666666666666665,7.333333333,10.0,Fase 3 (7° e 8° ano),0,Cursando,6.985329691766667,Ágata,2024,3.0,3.0,0,Adequada/adiantada (≥ 0)
RA-65,Aluno-65,5,B,17.0,Menina,2022,Escola Pública,8.3,7.7,7.5,,9.3,7.875,5.0,Fase 7 (3º EM),-2,,7.712,Ametista,2022,5.0,0.0,1,Severa (≤ −2 fases)
RA-650,Aluno-650,1,R,11.0,Menina,2021,Escola Pública,6.9,8.7,5.6,,6.9,7.5,5.0,Fase 2 (5º e 6º ano),-1,,7.004,Ágata,2022,1.0,1.0,1,Moderada (−1 fase)
RA-651,Aluno-651,1,R,10.0,Menina,2022,Escola Pública,8.5,9.3,7.5,,7.8,8.333,5.0,Fase 2 (5º e 6º ano),-1,,7.866,Ametista,2022,1.0,0.0,1,Moderada (−1 fase)
RA-651,Aluno-651,FASE 2,2P,,Feminino,2022,Pública,0.0,8.2,3.77,8.75,9.3,7.95,10.0,Fase 2 (5° e 6° ano),0,,7.332,Ametista,2023,2.0,1.0,0,Adequada/adiantada (≥ 0)
RA-651,Aluno-651,3K,3K,12.0,Feminino,2022,Pública,9.168,10.0,7.51,8.541666667,7.5,8.336666667,10.0,Fase 2 (5° e 6° ano),1,Cursando,8.689300000100001,Topázio,2024,3.0,2.0,0,Adequada/adiantada (≥ 0)
RA-652,Aluno-652,1,R,9.0,Menina,2022,Escola Pública,8.0,9.6,7.5,,7.8,7.5,10.0,Fase 1 (4º ano),0,,8.151,Topázio,2022,1.0,0.0,0,Adequada/adiantada (≥ 0)
RA-652,Aluno-652,FASE 1,1P,,Feminino,2022,Pública,9.0,9.4,6.89,8.125,7.0,8.446666667,5.0,Fase 2 (5° e 6° ano),-1,,7.871033333,Ametista,2023,1.0,1.0,1,Moderada (−1 fase)
RA-652,Aluno-652,2P,2P,11.0,Feminino,2022,Pública,8.002,6.931818182000001,7.51,7.916666667,5.5,7.663333333,10.0,Fase 2 (5° e 6° ano),0,Cursando,7.361896969700001,Ametista,2024,2.0,2.0,0,Adequada/adiantada (≥ 0)
RA-653,Aluno-653,1,R,11.0,Menina,2022,Escola Pública,9.5,9.6,7.5,,9.3,7.5,5.0,Fase 2 (5º e 6º ano),-1,,8.101,Topázio,2022,1.0,0.0,1,Moderada (−1 fase)
RA-653,Aluno-653,FASE 2,2P,12.0,Feminino,2022,Pública,0.0,9.8,6.27,9.166666667,7.9,9.06,5.0,Fase 3 (7° e 8° ano),-1,,7.385666667,Ametista,2023,2.0,1.0,1,Moderada (−1 fase)
RA-653,Aluno-653,3R,3R,13.0,Feminino,2022,Pública,8.751,9.537254901999999,8.76,8.333333333,5.166666666666667,7.89,10.0,Fase 3 (7° e 8° ano),0,Cursando,8.103217647033333,Topázio,2024,3.0,2.0,0,Adequada/adiantada (≥ 0)
RA-654,Aluno-654,1,R,12.0,Menina,2022,Escola Pública,8.5,8.6,7.5,,6.8,7.556,5.0,Fase 3 (7º e 8º ano),-2,,7.308,Ametista,2022,1.0,0.0,1,Severa (≤ −2 fases)
RA-655,Aluno-655,1,R,12.0,Menina,2019,Escola Pública,7.5,9.2,7.5,,8.3,8.389,5.0,Fase 3 (7º e 8º ano),-2,,7.785,Ametista,2022,1.0,3.0,1,Severa (≤ −2 fases)
RA-655,Aluno-655,FASE 2,2P,13.0,Feminino,2019,Pública,7.4,9.9,7.52,9.166666667,8.3,8.896666667,5.0,Fase 3 (7° e 8° ano),-1,,8.3198,Topázio,2023,2.0,4.0,1,Moderada (−1 fase)
RA-655,Aluno-655,3R,3R,14.0,Feminino,2021,Pública,7.501,10.0,8.76,8.125,6.833333333333333,7.166666667,10.0,Fase 3 (7° e 8° ano),0,Cursando,8.238600000066668,Topázio,2024,3.0,3.0,0,Adequada/adiantada (≥ 0)
RA-656,Aluno-656,1,R,11.0,Menina,2020,Escola Pública,7.4,7.5,5.6,,6.3,7.5,5.0,Fase 2 (5º e 6º ano),-1,,6.652,Ágata,2022,1.0,2.0,1,Moderada (−1 fase)
RA-656,Aluno-656,FASE 2,2P,12.0,Feminino,2020,Pública,0.0,8.9,7.52,8.541666667,7.3,7.173333333,5.0,Fase 3 (7° e 8° ano),-1,,6.780833333,Ágata,2023,2.0,3.0,1,Moderada (−1 fase)
RA-656,Aluno-656,3R,3R,13.0,Feminino,2021,Pública,9.168,5.978431372666667,7.51,7.5,4.166666666666667,6.106666667,10.0,Fase 3 (7° e 8° ano),0,Cursando,6.668152941266667,Ágata,2024,3.0,3.0,0,Adequada/adiantada (≥ 0)
RA-657,Aluno-657,1,R,12.0,Menina,2021,Escola Pública,9.5,9.8,7.5,,9.0,7.5,5.0,Fase 3 (7º e 8º ano),-2,,8.093,Topázio,2022,1.0,1.0,1,Severa (≤ −2 fases)
RA-657,Aluno-657,FASE 2,2P,,Feminino,2021,Pública,8.5,10.0,7.52,8.75,8.2,8.73,5.0,Fase 3 (7° e 8° ano),-1,,8.3532,Topázio,2023,2.0,2.0,1,Moderada (−1 fase)
RA-657,Aluno-657,3R,3R,13.0,Feminino,2021,Pública,8.751,9.6,6.885,8.125,7.5,7.056666667,10.0,Fase 3 (7° e 8° ano),0,Cursando,8.207433333400001,Topázio,2024,3.0,3.0,0,Adequada/adiantada (≥ 0)
RA-658,Aluno-658,1,U,10.0,Menina,2022,Escola Pública,10.0,9.3,7.5,,5.6,7.917,5.0,Fase 2 (5º e 6º ano),-1,,7.407,Ametista,2022,1.0,0.0,1,Moderada (−1 fase)
RA-658,Aluno-658,FASE 2,2U,10.0,Feminino,2022,Pública,9.5,9.5,7.52,7.916666667,6.1,9.173333333,10.0,Fase 2 (5° e 6° ano),0,,8.438533333,Topázio,2023,2.0,1.0,0,Adequada/adiantada (≥ 0)
RA-658,Aluno-658,3M,3M,12.0,Feminino,2022,Pública,8.751,10.0,8.135,7.375,3.6666666666666665,6.738,10.0,Fase 2 (5° e 6° ano),1,Cursando,7.507033333333333,Ametista,2024,3.0,2.0,0,Adequada/adiantada (≥ 0)
RA-659,Aluno-659,1,U,10.0,Menina,2022,Escola Pública,8.0,7.8,7.5,,9.3,8.333,5.0,Fase 2 (5º e 6º ano),-1,,7.783,Ametista,2022,1.0,0.0,1,Moderada (−1 fase)
RA-66,Aluno-66,5,B,17.0,Menina,2022,Escola Pública,7.5,5.6,7.5,,4.5,5.917,5.0,Fase 7 (3º EM),-2,,5.665,Quartzo,2022,5.0,0.0,1,Severa (≤ −2 fases)
RA-660,Aluno-660,1,U,9.0,Menina,2021,Escola Pública,9.5,9.0,7.5,,6.9,9.083,10.0,Fase 1 (4º ano),0,,8.363,Topázio,2022,1.0,1.0,0,Adequada/adiantada (≥ 0)
RA-661,Aluno-661,1,U,11.0,Menino,2022,Escola Pública,9.0,8.3,7.5,,7.8,7.917,5.0,Fase 2 (5º e 6º ano),-1,,7.593,Ametista,2022,1.0,0.0,1,Moderada (−1 fase)
RA-661,Aluno-661,FASE 2,2M,,Masculino,2022,Pública,0.0,7.7,6.89,7.5,6.5,7.836666667,10.0,Fase 2 (5° e 6° ano),0,,6.846333333,Ágata,2023,2.0,1.0,0,Adequada/adiantada (≥ 0)
RA-662,Aluno-662,1,U,11.0,Menina,2022,Escola Pública,9.0,8.8,7.5,,6.8,6.083,5.0,Fase 2 (5º e 6º ano),-1,,7.044,Ametista,2022,1.0,0.0,1,Moderada (−1 fase)
RA-662,Aluno-662,FASE 2,2U,12.0,Feminino,2022,Pública,6.8,7.6,6.27,7.291666667,6.7,6.72,5.0,Fase 3 (7° e 8° ano),-1,,6.733566667,Ágata,2023,2.0,1.0,1,Moderada (−1 fase)
RA-662,Aluno-662,3M,3M,13.0,Feminino,2022,Pública,7.917,7.6107226106666666,7.51,7.625,4.166666666666667,7.234,10.0,Fase 3 (7° e 8° ano),0,Cursando,7.1074778554666675,Ametista,2024,3.0,2.0,0,Adequada/adiantada (≥ 0)
RA-663,Aluno-663,1,U,10.0,Menino,2022,Escola Pública,6.9,8.7,7.5,,5.8,5.25,5.0,Fase 2 (5º e 6º ano),-1,,6.376,Ágata,2022,1.0,0.0,1,Moderada (−1 fase)
RA-663,Aluno-663,FASE 1,1L,11.0,Masculino,2022,Pública,6.9,7.4,7.52,6.666666667,7.0,7.393333333,5.0,Fase 2 (5° e 6° ano),-1,,6.969133333,Ágata,2023,1.0,1.0,1,Moderada (−1 fase)
RA-663,Aluno-663,2L,2L,12.0,Masculino,2022,Pública,8.502,7.0910973085,5.625,6.875,6.5,6.89,5.0,Fase 3 (7° e 8° ano),-1,Cursando,6.696419461700001,Ágata,2024,2.0,2.0,1,Moderada (−1 fase)
RA-664,Aluno-664,1,U,10.0,Menina,2022,Escola Pública,9.5,8.8,7.5,,6.3,7.167,5.0,Fase 2 (5º e 6º ano),-1,,7.277,Ametista,2022,1.0,0.0,1,Moderada (−1 fase)
RA-664,Aluno-664,FASE 1,1L,11.0,Feminino,2022,Pública,9.0,9.6,7.52,7.916666667,8.0,8.116666667,5.0,Fase 2 (5° e 6° ano),-1,,8.0872,Topázio,2023,1.0,1.0,1,Moderada (−1 fase)
RA-664,Aluno-664,2N,2N,12.0,Feminino,2022,Pública,9.002,6.7734553775,7.51,8.125,5.75,7.666666667,10.0,Fase 2 (5° e 6° ano),0,Cursando,7.5017244089,Ametista,2024,2.0,2.0,0,Adequada/adiantada (≥ 0)
RA-665,Aluno-665,1,U,11.0,Menina,2022,Escola Pública,9.0,7.4,7.5,,6.8,7.25,5.0,Fase 2 (5º e 6º ano),-1,,6.996,Ágata,2022,1.0,0.0,1,Moderada (−1 fase)
RA-665,Aluno-665,FASE 1,1M,,Feminino,2022,Pública,9.5,4.9,2.52,8.28125,5.2,8.226666667,5.0,Fase 2 (5° e 6° ano),-1,,6.185658333,Ágata,2023,1.0,1.0,1,Moderada (−1 fase)
RA-665,Aluno-665,2M,2M,12.0,Feminino,2022,Pública,8.334,5.068181818,5.63,7.5,4.75,5.443333333,5.0,Fase 3 (7° e 8° ano),-1,Cursando,5.698703030200001,Quartzo,2024,2.0,2.0,1,Moderada (−1 fase)
RA-666,Aluno-666,1,U,10.0,Menino,2022,Escola Pública,9.5,9.1,7.5,,7.8,8.833,5.0,Fase 2 (5º e 6º ano),-1,,7.929,Ametista,2022,1.0,0.0,1,Moderada (−1 fase)
RA-666,Aluno-666,FASE 2,2U,,Masculino,2022,Pública,9.5,9.1,7.52,8.541666667,7.1,9.62,10.0,Fase 2 (5° e 6° ano),0,,8.720366667,Topázio,2023,2.0,1.0,0,Adequada/adiantada (≥ 0)
RA-666,Aluno-666,3L,3L,12.0,Masculino,2022,Pública,10.002,7.881527348,7.51,7.5,7.166666666666667,8.375,10.0,Fase 3 (7° e 8° ano),0,Cursando,8.185838802933334,Topázio,2024,3.0,2.0,0,Adequada/adiantada (≥ 0)
RA-667,Aluno-667,1,U,11.0,Menino,2021,Escola Pública,8.5,5.6,7.5,,4.5,5.833,5.0,Fase 2 (5º e 6º ano),-1,,5.844,Quartzo,2022,1.0,1.0,1,Moderada (−1 fase)
RA-667,Aluno-667,FASE 2,2U,12.0,Masculino,2021,Pública,9.0,6.9,6.89,7.083333333,5.2,7.836666667,5.0,Fase 3 (7° e 8° ano),-1,,6.774866667,Ágata,2023,2.0,2.0,1,Moderada (−1 fase)
RA-667,Aluno-667,3M,3M,13.0,Masculino,2021,Pública,9.168,7.038986354666666,7.51,7.75,4.666666666666667,6.966,10.0,Fase 3 (7° e 8° ano),0,Cursando,7.177130604266668,Ametista,2024,3.0,3.0,0,Adequada/adiantada (≥ 0)
RA-668,Aluno-668,1,U,11.0,Menino,2022,Escola Pública,6.9,3.3,7.5,,2.8,3.75,5.0,Fase 2 (5º e 6º ano),-1,,4.365,Quartzo,2022,1.0,0.0,1,Moderada (−1 fase)
RA-668,Aluno-668,FASE 2,2K,12.0,Masculino,2022,Pública,6.3,6.3,7.52,6.875,3.4,7.616666667,5.0,Fase 3 (7° e 8° ano),-1,,6.017933333,Ágata,2023,2.0,1.0,1,Moderada (−1 fase)
RA-669,Aluno-669,1,U,11.0,Menino,2022,Escola Pública,9.0,9.7,7.5,,6.0,7.833,5.0,Fase 2 (5º e 6º ano),-1,,7.475,Ametista,2022,1.0,0.0,1,Moderada (−1 fase)
RA-669,Aluno-669,FASE 2,2U,11.0,Masculino,2022,Pública,8.5,7.8,7.52,7.708333333,5.0,7.06,10.0,Fase 2 (5° e 6° ano),0,,7.345033333,Ametista,2023,2.0,1.0,0,Adequada/adiantada (≥ 0)
RA-669,Aluno-669,3K,3K,12.0,Masculino,2022,Pública,7.5,4.851851851666666,7.51,7.291666667,5.333333333333333,6.883333333,10.0,Fase 3 (7° e 8° ano),0,Cursando,6.6438703703,Ágata,2024,3.0,2.0,0,Adequada/adiantada (≥ 0)
RA-67,Aluno-67,5,C,16.0,Menina,2019,Escola Pública,5.8,3.0,7.5,,3.6,6.889,5.0,Fase 6 (2º EM),-1,,5.195,Quartzo,2022,5.0,3.0,1,Moderada (−1 fase)
RA-670,Aluno-670,1,U,10.0,Menina,2022,Escola Pública,8.0,8.8,7.5,,6.9,8.167,5.0,Fase 2 (5º e 6º ano),-1,,7.451,Ametista,2022,1.0,0.0,1,Moderada (−1 fase)
RA-670,Aluno-670,FASE 2,2U,,Feminino,2022,Pública,9.5,8.7,7.52,8.958333333,7.0,9.343333333,10.0,Fase 2 (5° e 6° ano),0,,8.6067,Topázio,2023,2.0,1.0,0,Adequada/adiantada (≥ 0)
RA-670,Aluno-670,3U,3U,12.0,Feminino,2022,Privada - Programa de Apadrinhamento,9.585,9.441269841333334,7.51,8.958333333,8.666666666666666,8.166666667,10.0,Fase 2 (5° e 6° ano),1,Cursando,8.8602539683,Topázio,2024,3.0,2.0,0,Adequada/adiantada (≥ 0)
RA-671,Aluno-671,0,A,9.0,Menino,2021,Escola Pública,8.5,8.2,8.1,,8.8,7.417,5.0,Fase 1 (4º ano),-1,,7.617,Ametista,2022,0.0,1.0,1,Moderada (−1 fase)
RA-671,Aluno-671,ALFA,ALFA G - G2/G3,,Masculino,2021,Pública,7.9,8.3,3.14,5.625,7.8,5.68,5.0,Fase 2 (5° e 6° ano),-2,,6.5143,Ágata,2023,0.0,2.0,1,Severa (≤ −2 fases)
RA-672,Aluno-672,0,A,9.0,Menina,2021,Escola Pública,8.5,8.5,8.1,,8.8,6.75,5.0,Fase 1 (4º ano),-1,,7.48,Ametista,2022,0.0,1.0,1,Moderada (−1 fase)
RA-672,Aluno-672,ALFA,ALFA J - G2/G3,10.0,Feminino,2021,Pública,7.9,9.5,2.52,5.625,6.4,6.43,5.0,Fase 2 (5° e 6° ano),-2,,6.5623,Ágata,2023,0.0,2.0,1,Severa (≤ −2 fases)
RA-672,Aluno-672,1H,1H,11.0,Feminino,2021,Pública,7.918,3.9525691700000003,6.26,6.041666667,0.0,4.496666667,5.0,Fase 2 (5° e 6° ano),-1,Cursando,4.2118138341,Quartzo,2024,1.0,3.0,1,Moderada (−1 fase)
RA-673,Aluno-673,0,A,8.0,Menina,2022,Escola Pública,8.5,9.2,8.1,,9.2,8.583,10.0,ALFA  (2º e 3º ano),0,,8.65,Topázio,2022,0.0,0.0,0,Adequada/adiantada (≥ 0)
RA-674,Aluno-674,0,A,8.0,Menino,2022,Escola Pública,9.5,8.7,8.1,,8.0,6.333,10.0,ALFA  (2º e 3º ano),0,,7.862,Ametista,2022,0.0,0.0,0,Adequada/adiantada (≥ 0)
RA-674,Aluno-674,ALFA,ALFA T - G2/G3,9.0,Masculino,2022,Pública,7.9,8.5,3.77,5.0,5.2,8.67,5.0,Fase 1 (3° e 4° ano),-1,,6.6328,Ágata,2023,0.0,1.0,1,Moderada (−1 fase)
RA-675,Aluno-675,0,A,8.0,Menino,2022,Escola Pública,10.0,6.6,8.1,,7.4,7.083,10.0,ALFA  (2º e 3º ano),0,,7.576,Ametista,2022,0.0,0.0,0,Adequada/adiantada (≥ 0)
RA-675,Aluno-675,ALFA,ALFA D - G2/G3,,Masculino,2022,Pública,10.0,8.0,7.52,6.875,8.3,8.34,10.0,ALFA (1° e 2° ano),0,,8.3577,Topázio,2023,0.0,1.0,0,Adequada/adiantada (≥ 0)
RA-676,Aluno-676,0,A,9.0,Menino,2021,Escola Pública,8.5,8.6,8.1,,9.3,8.167,5.0,Fase 1 (4º ano),-1,,7.911,Ametista,2022,0.0,1.0,1,Moderada (−1 fase)
RA-677,Aluno-677,0,B,8.0,Menina,2021,Escola Pública,10.0,9.4,7.5,,7.3,8.583,10.0,ALFA  (2º e 3º ano),0,,8.358,Topázio,2022,0.0,1.0,0,Adequada/adiantada (≥ 0)
RA-677,Aluno-677,ALFA,ALFA T - G2/G3,9.0,Feminino,2021,Pública,10.0,8.2,10.0,6.875,8.7,9.84,5.0,Fase 1 (3° e 4° ano),-1,,8.5257,Topázio,2023,0.0,2.0,1,Moderada (−1 fase)
RA-678,Aluno-678,0,B,9.0,Menino,2022,Escola Pública,9.0,10.0,6.9,,7.3,9.5,5.0,Fase 1 (4º ano),-1,,8.0,Ametista,2022,0.0,0.0,1,Moderada (−1 fase)
RA-678,Aluno-678,FASE 1,1B,10.0,Masculino,2022,Pública,8.0,8.8,6.27,7.65625,7.3,8.336666667,5.0,Fase 2 (5° e 6° ano),-1,,7.570158333,Ametista,2023,1.0,1.0,1,Moderada (−1 fase)
RA-679,Aluno-679,0,B,10.0,Menino,2020,Escola Pública,9.0,8.2,7.5,,6.3,7.833,5.0,Fase 2 (5º e 6º ano),-2,,7.172,Ametista,2022,0.0,2.0,1,Severa (≤ −2 fases)
RA-679,Aluno-679,FASE 1,1J,11.0,Masculino,2020,Pública,7.5,7.5,5.02,6.875,3.6,7.393333333,5.0,Fase 2 (5° e 6° ano),-1,,6.138366667,Ágata,2023,1.0,3.0,1,Moderada (−1 fase)
RA-68,Aluno-68,5,C,16.0,Menino,2019,Escola Pública,8.3,6.0,7.5,,4.0,7.944,5.0,Fase 6 (2º EM),-1,,6.438,Ágata,2022,5.0,3.0,1,Moderada (−1 fase)
RA-680,Aluno-680,0,B,10.0,Menina,2019,Escola Pública,9.5,8.8,7.5,,7.4,7.75,5.0,Fase 2 (5º e 6º ano),-2,,7.518,Ametista,2022,0.0,3.0,1,Severa (≤ −2 fases)
RA-680,Aluno-680,FASE 1,1B,,Feminino,2019,Pública,0.0,9.1,7.52,6.875,6.4,7.78,5.0,Fase 2 (5° e 6° ano),-1,,6.5855,Ágata,2023,1.0,4.0,1,Moderada (−1 fase)
RA-680,Aluno-680,2A,2A,12.0,Feminino,2021,Pública,0.0,6.6428571430000005,5.635,6.666666667,3.0,6.606666667,5.0,Fase 3 (7° e 8° ano),-1,Cursando,4.9800714287000005,Quartzo,2024,2.0,3.0,1,Moderada (−1 fase)
RA-681,Aluno-681,0,B,10.0,Menino,2022,Escola Pública,8.5,8.5,6.9,,6.5,8.0,5.0,Fase 2 (5º e 6º ano),-2,,7.204,Ametista,2022,0.0,0.0,1,Severa (≤ −2 fases)
RA-681,Aluno-681,ALFA,ALFA E - G2/G3,10.0,Masculino,2022,Pública,0.0,7.8,3.77,5.625,8.3,8.18,5.0,Fase 2 (5° e 6° ano),-2,,6.2955,Ágata,2023,0.0,1.0,1,Severa (≤ −2 fases)
RA-681,Aluno-681,1C,1C,11.0,Masculino,2022,Privada,9.502,7.840909091,6.26,5.625,2.5,6.665,5.0,Fase 2 (5° e 6° ano),-1,Cursando,6.0398818182000005,Ágata,2024,1.0,2.0,1,Moderada (−1 fase)
RA-682,Aluno-682,0,B,11.0,Menino,2022,Escola Pública,9.5,9.1,7.5,,7.0,8.083,5.0,Fase 2 (5º e 6º ano),-2,,7.625,Ametista,2022,0.0,0.0,1,Severa (≤ −2 fases)
RA-683,Aluno-683,0,C,10.0,Menino,2022,Escola Pública,7.9,5.0,7.5,,4.0,8.083,5.0,Fase 2 (5º e 6º ano),-2,,6.011,Ágata,2022,0.0,0.0,1,Severa (≤ −2 fases)
RA-684,Aluno-684,0,C,7.0,Menino,2022,Escola Pública,9.5,7.5,8.1,,9.3,7.917,10.0,ALFA  (2º e 3º ano),0,,8.26,Topázio,2022,0.0,0.0,0,Adequada/adiantada (≥ 0)
RA-684,Aluno-684,ALFA,ALFA D - G2/G3,8.0,Masculino,2022,Privada,9.0,8.1,7.52,6.875,6.5,5.84,10.0,ALFA (1° e 2° ano),0,,7.4277,Ametista,2023,0.0,1.0,0,Adequada/adiantada (≥ 0)
RA-684,Aluno-684,1C,1C,9.0,Masculino,2022,Privada,10.002,9.090909091,7.51,7.5,4.25,8.0,10.0,Fase 1 (3° e 4° ano),0,Cursando,7.769381818200001,Ametista,2024,1.0,2.0,0,Adequada/adiantada (≥ 0)
RA-685,Aluno-685,0,C,9.0,Menino,2022,Escola Pública,9.0,6.2,5.0,,8.0,7.833,5.0,Fase 1 (4º ano),-1,,6.864,Ágata,2022,0.0,0.0,1,Moderada (−1 fase)
RA-686,Aluno-686,0,D,9.0,Menina,2022,Escola Pública,7.5,8.6,8.1,,8.8,8.083,5.0,Fase 1 (4º ano),-1,,7.729,Ametista,2022,0.0,0.0,1,Moderada (−1 fase)
RA-686,Aluno-686,FASE 1,1C,10.0,Feminino,2022,Pública,8.5,9.0,7.52,7.5,8.0,8.56,5.0,Fase 2 (5° e 6° ano),-1,,7.9642,Ametista,2023,1.0,1.0,1,Moderada (−1 fase)
RA-686,Aluno-686,2C,2C,11.0,Feminino,2022,Pública,8.002,8.7857142855,6.885,8.4375,7.25,7.503333333,10.0,Fase 2 (5° e 6° ano),0,Cursando,8.040259523700001,Topázio,2024,2.0,2.0,0,Adequada/adiantada (≥ 0)
RA-687,Aluno-687,0,D,9.0,Menino,2022,Escola Pública,8.5,9.0,8.1,,8.3,8.0,5.0,Fase 1 (4º ano),-1,,7.703,Ametista,2022,0.0,0.0,1,Moderada (−1 fase)
RA-687,Aluno-687,FASE 1,1A,10.0,Masculino,2022,Pública,8.0,9.0,7.52,7.5,6.9,8.226666667,5.0,Fase 2 (5° e 6° ano),-1,,7.617533333,Ametista,2023,1.0,1.0,1,Moderada (−1 fase)
RA-687,Aluno-687,2D,2D,11.0,Masculino,2022,Pública,7.502,9.2355889725,7.51,8.75,7.25,8.003333333,10.0,Fase 2 (5° e 6° ano),0,Cursando,8.2739844611,Topázio,2024,2.0,2.0,0,Adequada/adiantada (≥ 0)
RA-688,Aluno-688,0,D,9.0,Menino,2022,Escola Pública,8.5,9.7,7.5,,7.9,7.917,5.0,Fase 1 (4º ano),-1,,7.771,Ametista,2022,0.0,0.0,1,Moderada (−1 fase)
RA-688,Aluno-688,FASE 1,1A,10.0,Masculino,2022,Pública,8.5,9.3,7.52,7.5,8.6,8.06,5.0,Fase 2 (5° e 6° ano),-1,,8.0442,Topázio,2023,1.0,1.0,1,Moderada (−1 fase)
RA-688,Aluno-688,2B,2B,11.0,Masculino,2022,Pública,9.502,10.0,8.13,8.333333333,7.5,9.45,10.0,Fase 2 (5° e 6° ano),0,Cursando,8.986533333300002,Topázio,2024,2.0,2.0,0,Adequada/adiantada (≥ 0)
RA-689,Aluno-689,0,D,9.0,Menina,2022,Escola Pública,7.4,7.9,5.6,,5.8,6.667,5.0,Fase 1 (4º ano),-1,,6.433,Ágata,2022,0.0,0.0,1,Moderada (−1 fase)
RA-69,Aluno-69,5,C,16.0,Menino,2018,Escola Pública,8.3,6.1,7.5,,2.5,6.167,5.0,Fase 6 (2º EM),-1,,5.718,Quartzo,2022,5.0,4.0,1,Moderada (−1 fase)
RA-690,Aluno-690,0,D,9.0,Menina,2022,Escola Pública,9.5,9.5,7.5,,7.0,7.417,5.0,Fase 1 (4º ano),-1,,7.541,Ametista,2022,0.0,0.0,1,Moderada (−1 fase)
RA-690,Aluno-690,ALFA,ALFA D - G2/G3,,Feminino,2022,Pública,9.0,9.8,6.89,7.5,9.1,10.01,5.0,Fase 2 (5° e 6° ano),-2,,8.6112,Topázio,2023,0.0,1.0,1,Severa (≤ −2 fases)
RA-690,Aluno-690,1E,1E,11.0,Feminino,2022,Pública,7.918,8.409090909,7.51,8.4375,6.25,7.835,5.0,Fase 2 (5° e 6° ano),-1,Cursando,7.3853681818000005,Ametista,2024,1.0,2.0,1,Moderada (−1 fase)
RA-691,Aluno-691,0,D,8.0,Menina,2022,Escola Pública,10.0,9.2,8.1,,9.4,7.917,10.0,ALFA  (2º e 3º ano),0,,8.68,Topázio,2022,0.0,0.0,0,Adequada/adiantada (≥ 0)
RA-692,Aluno-692,0,D,9.0,Menina,2021,Escola Pública,9.5,8.9,8.1,,6.9,7.917,5.0,Fase 1 (4º ano),-1,,7.569,Ametista,2022,0.0,1.0,1,Moderada (−1 fase)
RA-692,Aluno-692,FASE 1,1C,10.0,Feminino,2021,Privada,7.4,7.7,7.52,6.666666667,4.6,7.39,5.0,Fase 2 (5° e 6° ano),-1,,6.588466667,Ágata,2023,1.0,2.0,1,Moderada (−1 fase)
RA-693,Aluno-693,0,D,7.0,Menina,2022,Escola Pública,9.5,9.8,8.1,,5.7,7.667,10.0,ALFA  (2º e 3º ano),0,,7.944,Ametista,2022,0.0,0.0,0,Adequada/adiantada (≥ 0)
RA-693,Aluno-693,ALFA,ALFA D - G2/G3,,Feminino,2022,Pública,10.0,9.4,6.89,7.5,8.5,10.01,10.0,ALFA (1° e 2° ano),0,,9.0112,Topázio,2023,0.0,1.0,0,Adequada/adiantada (≥ 0)
RA-693,Aluno-693,1C,1C,9.0,Feminino,2022,Pública,10.002,9.5227272725,9.38,7.8125,8.0,8.42,10.0,Fase 1 (3° e 4° ano),0,Cursando,8.9079954545,Topázio,2024,1.0,2.0,0,Adequada/adiantada (≥ 0)
RA-694,Aluno-694,0,D,8.0,Menino,2022,Escola Pública,10.0,9.0,8.1,,8.1,7.917,10.0,ALFA  (2º e 3º ano),0,,8.378,Topázio,2022,0.0,0.0,0,Adequada/adiantada (≥ 0)
RA-695,Aluno-695,0,E,8.0,Menina,2021,Escola Pública,9.0,3.1,7.5,,2.5,2.5,10.0,ALFA  (2º e 3º ano),0,,4.28,Quartzo,2022,0.0,1.0,0,Adequada/adiantada (≥ 0)
RA-696,Aluno-696,0,E,9.0,Menina,2021,Escola Pública,8.5,9.0,7.5,,6.6,8.167,5.0,Fase 1 (4º ano),-1,,7.441,Ametista,2022,0.0,1.0,1,Moderada (−1 fase)
RA-696,Aluno-696,FASE 1,1A,,Feminino,2021,Pública,0.0,9.4,5.02,7.5,6.7,8.503333333,10.0,Fase 1 (3° e 4° ano),0,,7.172666667,Ametista,2023,1.0,2.0,0,Adequada/adiantada (≥ 0)
RA-696,Aluno-696,2B,2B,10.0,Feminino,2021,Pública,7.418,7.845238095,7.51,7.708333333,5.25,8.0,10.0,Fase 2 (5° e 6° ano),0,Cursando,7.482680952299999,Ametista,2024,2.0,3.0,0,Adequada/adiantada (≥ 0)
RA-697,Aluno-697,0,E,11.0,Menino,2021,Escola Pública,7.0,9.3,7.5,,8.4,8.083,5.0,Fase 2 (5º e 6º ano),-2,,7.675,Ametista,2022,0.0,1.0,1,Severa (≤ −2 fases)
RA-698,Aluno-698,0,E,9.0,Menino,2021,Escola Pública,9.0,9.8,2.5,,8.1,8.083,5.0,Fase 1 (4º ano),-1,,7.44,Ametista,2022,0.0,1.0,1,Moderada (−1 fase)
RA-698,Aluno-698,FASE 1,1B,9.0,Masculino,2021,Pública,8.5,9.9,2.52,7.1875,5.7,8.113333333,10.0,Fase 1 (3° e 4° ano),0,,7.553616667,Ametista,2023,1.0,2.0,0,Adequada/adiantada (≥ 0)
RA-698,Aluno-698,2A,2A,10.0,Masculino,2021,Pública,9.002,8.3214285715,6.88,7.291666667,4.5,7.273333333,10.0,Fase 2 (5° e 6° ano),0,Cursando,7.3363190476,Ametista,2024,2.0,3.0,0,Adequada/adiantada (≥ 0)
RA-699,Aluno-699,0,E,9.0,Menino,2022,Escola Pública,5.2,9.2,7.5,,7.1,6.0,5.0,Fase 1 (4º ano),-1,,6.658,Ágata,2022,0.0,0.0,1,Moderada (−1 fase)
RA-699,Aluno-699,FASE 1,1A,10.0,Masculino,2022,Pública,8.5,8.3,3.77,5.78125,6.0,6.173333333,5.0,Fase 2 (5° e 6° ano),-1,,6.389991667,Ágata,2023,1.0,1.0,1,Moderada (−1 fase)
RA-699,Aluno-699,1A,1A,11.0,Masculino,2022,Pública,6.334,7.727272727000001,6.26,6.5625,6.5,5.833333333,5.0,Fase 2 (5° e 6° ano),-1,Cursando,6.427771212000001,Ágata,2024,1.0,2.0,1,Moderada (−1 fase)
RA-7,Aluno-7,7,A,18.0,Menino,2017,Rede Decisão,0.0,8.4,7.5,,7.6,7.667,5.0,Fase 8 (Universitários),-1,,6.818,Ágata,2022,7.0,5.0,1,Moderada (−1 fase)
RA-7,Aluno-7,FASE 8,8E,,Masculino,2017,Privada *Parcerias com Bolsa 100%,,,,,,,10.0,Fase 8 (Universitários),0,,,,2023,8.0,6.0,0,Adequada/adiantada (≥ 0)
RA-7,Aluno-7,8E,8E,20.0,Masculino,2021,Privada *Parcerias com Bolsa 100%,,0.0,,,,,10.0,Fase 8 (Universitários),0,Cursando,,,2024,8.0,3.0,0,Adequada/adiantada (≥ 0)
RA-70,Aluno-70,5,C,16.0,Menina,2017,Escola Pública,8.8,6.6,5.0,,2.9,6.111,5.0,Fase 6 (2º EM),-1,,5.712,Quartzo,2022,5.0,5.0,1,Moderada (−1 fase)
RA-70,Aluno-70,FASE 5,5C,17.0,Feminino,2017,Pública,9.2,9.2,5.0,7.5,4.3,7.545,5.0,Fase 7 (3° EM),-2,,6.869133333,Ágata,2023,5.0,6.0,1,Severa (≤ −2 fases)
RA-700,Aluno-700,0,F,9.0,Menina,2022,Escola Pública,9.0,8.7,7.5,,9.2,7.083,5.0,Fase 1 (4º ano),-1,,7.738,Ametista,2022,0.0,0.0,1,Moderada (−1 fase)
RA-700,Aluno-700,ALFA,ALFA J - G2/G3,9.0,Feminino,2022,Pública,9.5,9.7,7.52,6.25,7.8,9.84,5.0,Fase 1 (3° e 4° ano),-1,,8.2852,Topázio,2023,0.0,1.0,1,Moderada (−1 fase)
RA-700,Aluno-700,1G,1G,11.0,Feminino,2022,Pública,8.502,9.564393939,5.635,7.291666667,5.25,7.0,5.0,Fase 2 (5° e 6° ano),-1,Cursando,7.005745454500001,Ametista,2024,1.0,2.0,1,Moderada (−1 fase)
RA-701,Aluno-701,0,F,10.0,Menino,2021,Escola Pública,9.0,9.3,7.5,,8.7,7.417,5.0,Fase 2 (5º e 6º ano),-2,,7.755,Ametista,2022,0.0,1.0,1,Severa (≤ −2 fases)
RA-701,Aluno-701,ALFA,ALFA J - G2/G3,,Masculino,2021,Pública,9.5,9.9,3.77,6.25,7.2,7.68,5.0,Fase 2 (5° e 6° ano),-2,,7.3982,Ametista,2023,0.0,2.0,1,Severa (≤ −2 fases)
RA-702,Aluno-702,0,F,8.0,Menina,2022,Escola Pública,10.0,8.6,5.0,,6.8,7.0,10.0,ALFA  (2º e 3º ano),0,,7.387,Ametista,2022,0.0,0.0,0,Adequada/adiantada (≥ 0)
RA-702,Aluno-702,ALFA,ALFA F - G0/G1,,Feminino,2022,Pública,10.0,10.0,5.63,7.5,9.3,7.833333333,5.0,Fase 1 (3° e 4° ano),-1,,8.239866667,Topázio,2023,0.0,1.0,1,Moderada (−1 fase)
RA-702,Aluno-702,ALFA,ALFA G - G2/G3,10.0,Feminino,2022,Pública,9.002,9.75,2.51,7.8125,9.25,7.163333333,5.0,Fase 2 (5° e 6° ano),-2,Cursando,7.665116666600001,Ametista,2024,0.0,2.0,1,Severa (≤ −2 fases)
RA-703,Aluno-703,0,F,10.0,Menino,2021,Escola Pública,7.5,7.4,5.0,,5.1,6.833,5.0,Fase 2 (5º e 6º ano),-2,,6.099,Ágata,2022,0.0,1.0,1,Severa (≤ −2 fases)
RA-703,Aluno-703,ALFA,ALFA T - G2/G3,11.0,Masculino,2021,Pública,9.5,8.4,3.14,6.875,4.6,6.16,5.0,Fase 2 (5° e 6° ano),-2,,6.2737,Ágata,2023,0.0,2.0,1,Severa (≤ −2 fases)
RA-704,Aluno-704,0,F,10.0,Menino,2022,Escola Pública,9.0,8.6,5.0,,7.2,6.583,5.0,Fase 2 (5º e 6º ano),-2,,6.741,Ágata,2022,0.0,0.0,1,Severa (≤ −2 fases)
RA-704,Aluno-704,ALFA,ALFA J - G2/G3,,Masculino,2022,Pública,10.0,9.9,3.14,5.625,6.1,6.265,5.0,Fase 2 (5° e 6° ano),-2,,6.8297,Ágata,2023,0.0,1.0,1,Severa (≤ −2 fases)
RA-704,Aluno-704,1H,1H,12.0,Masculino,2022,Pública,7.502,8.646245059,5.635,6.458333333,6.5,6.616666667,5.0,Fase 2 (5° e 6° ano),-1,Cursando,6.8121156785000005,Ágata,2024,1.0,2.0,1,Moderada (−1 fase)
RA-705,Aluno-705,0,F,10.0,Menino,2022,Escola Pública,9.5,6.2,7.5,,7.1,6.333,5.0,Fase 2 (5º e 6º ano),-2,,6.634,Ágata,2022,0.0,0.0,1,Severa (≤ −2 fases)
RA-705,Aluno-705,ALFA,ALFA V - G0/G1,10.0,Masculino,2022,Pública,0.0,8.3,6.89,7.5,8.8,8.165,5.0,Fase 2 (5° e 6° ano),-2,,6.982,Ágata,2023,0.0,1.0,1,Severa (≤ −2 fases)
RA-705,Aluno-705,1H,1H,12.0,Masculino,2022,Pública,9.002,6.4285714285,5.005,5.625,3.5,4.226666667,5.0,Fase 2 (5° e 6° ano),-1,Cursando,5.294247619100001,Quartzo,2024,1.0,2.0,1,Moderada (−1 fase)
RA-706,Aluno-706,0,F,10.0,Menina,2021,Escola Pública,9.5,6.7,7.5,,9.1,8.417,5.0,Fase 2 (5º e 6º ano),-2,,7.659,Ametista,2022,0.0,1.0,1,Severa (≤ −2 fases)
RA-706,Aluno-706,ALFA,ALFA G - G2/G3,,Feminino,2021,Pública,9.0,7.8,4.39,6.875,7.3,8.08,5.0,Fase 2 (5° e 6° ano),-2,,7.1527,Ametista,2023,0.0,2.0,1,Severa (≤ −2 fases)
RA-706,Aluno-706,2G,2G,11.0,Feminino,2021,Pública,0.0,7.1428571430000005,6.26,7.65625,3.25,7.0,10.0,Fase 2 (5° e 6° ano),0,Cursando,5.8701964286,Quartzo,2024,2.0,3.0,0,Adequada/adiantada (≥ 0)
RA-707,Aluno-707,0,F,10.0,Menina,2020,Escola Pública,10.0,8.1,6.9,,8.5,8.083,5.0,Fase 2 (5º e 6º ano),-2,,7.679,Ametista,2022,0.0,2.0,1,Severa (≤ −2 fases)
RA-707,Aluno-707,FASE 1,1H,,Feminino,2020,Pública,0.0,9.8,3.77,7.916666667,6.5,7.946666667,5.0,Fase 2 (5° e 6° ano),-1,,6.518,Ágata,2023,1.0,3.0,1,Moderada (−1 fase)
RA-707,Aluno-707,2G,2G,12.0,Feminino,2021,Pública,7.917,7.7236842105,4.375,6.40625,6.5,6.415,5.0,Fase 3 (7° e 8° ano),-1,Cursando,6.4975618421000005,Ágata,2024,2.0,3.0,1,Moderada (−1 fase)
RA-708,Aluno-708,0,F,9.0,Menino,2022,Escola Pública,8.0,8.4,7.5,,7.3,7.583,5.0,Fase 1 (4º ano),-1,,7.282,Ametista,2022,0.0,0.0,1,Moderada (−1 fase)
RA-708,Aluno-708,ALFA,ALFA F - G0/G1,9.0,Masculino,2022,Pública,0.0,9.8,7.52,8.125,9.2,8.28,5.0,Fase 1 (3° e 4° ano),-1,,7.5105,Ametista,2023,0.0,1.0,1,Moderada (−1 fase)
RA-709,Aluno-709,0,F,10.0,Menina,2022,Escola Pública,9.5,3.5,7.5,,2.3,7.083,5.0,Fase 2 (5º e 6º ano),-2,,5.313,Quartzo,2022,0.0,0.0,1,Severa (≤ −2 fases)
RA-709,Aluno-709,ALFA,ALFA G - G2/G3,11.0,Feminino,2022,Pública,10.0,7.9,7.52,5.625,4.9,6.59,5.0,Fase 2 (5° e 6° ano),-2,,6.6927,Ágata,2023,0.0,1.0,1,Severa (≤ −2 fases)
RA-709,Aluno-709,1H,1H,12.0,Feminino,2022,Pública,7.418,7.994071146,7.51,6.875,6.0,6.773333333,5.0,Fase 2 (5° e 6° ano),-1,Cursando,6.833780895800001,Ágata,2024,1.0,2.0,1,Moderada (−1 fase)
RA-71,Aluno-71,5,C,17.0,Menina,2019,Escola Pública,7.9,2.0,7.5,,1.2,5.833,5.0,Fase 7 (3º EM),-2,,4.332,Quartzo,2022,5.0,3.0,1,Severa (≤ −2 fases)
RA-71,Aluno-71,FASE 6,6A,,Feminino,2019,Pública,6.7,9.8,6.26,7.5,6.6,7.7125,5.0,Fase 8 (Universitários),-2,,7.3651,Ametista,2023,6.0,4.0,1,Severa (≤ −2 fases)
RA-710,Aluno-710,0,G,10.0,Menino,2020,Escola Pública,9.5,8.9,5.0,,6.9,8.0,5.0,Fase 2 (5º e 6º ano),-2,,7.285,Ametista,2022,0.0,2.0,1,Severa (≤ −2 fases)
RA-710,Aluno-710,FASE 1,1J,,Masculino,2020,Pública,9.5,9.0,3.77,7.083333333,6.5,7.113333333,5.0,Fase 2 (5° e 6° ano),-1,,7.0582,Ametista,2023,1.0,3.0,1,Moderada (−1 fase)
RA-710,Aluno-710,2G,2G,12.0,Masculino,2021,Pública,9.168,8.170995671,5.625,7.65625,6.75,6.5375,5.0,Fase 3 (7° e 8° ano),-1,Cursando,7.0366241342,Ametista,2024,2.0,3.0,1,Moderada (−1 fase)
RA-711,Aluno-711,0,G,9.0,Menino,2022,Escola Pública,9.0,7.9,6.3,,3.5,6.0,5.0,Fase 1 (4º ano),-1,,6.04,Ágata,2022,0.0,0.0,1,Moderada (−1 fase)
RA-712,Aluno-712,0,G,11.0,Menino,2019,Escola Pública,8.0,5.1,5.0,,8.0,5.833,5.0,Fase 2 (5º e 6º ano),-2,,6.026,Ágata,2022,0.0,3.0,1,Severa (≤ −2 fases)
RA-712,Aluno-712,FASE 1,1J,12.0,Masculino,2019,Pública,9.5,5.6,3.14,7.5,6.7,6.836666667,5.0,Fase 3 (7° e 8° ano),-2,,6.331533333,Ágata,2023,1.0,4.0,1,Severa (≤ −2 fases)
RA-712,Aluno-712,2H,2H,13.0,Masculino,2021,Pública,7.502,5.983436853,5.625,6.5625,6.75,6.04,5.0,Fase 3 (7° e 8° ano),-1,Cursando,6.2236373706000006,Ágata,2024,2.0,3.0,1,Moderada (−1 fase)
RA-713,Aluno-713,0,G,9.0,Menino,2021,Escola Pública,10.0,8.7,7.5,,7.8,7.25,5.0,Fase 1 (4º ano),-1,,7.42,Ametista,2022,0.0,1.0,1,Moderada (−1 fase)
RA-713,Aluno-713,FASE 1,1G,10.0,Masculino,2021,Pública,8.0,9.6,3.77,6.875,7.5,8.166666667,5.0,Fase 2 (5° e 6° ano),-1,,7.408033333,Ametista,2023,1.0,2.0,1,Moderada (−1 fase)
RA-713,Aluno-713,2H,2H,11.0,Masculino,2021,Pública,8.002,7.525879916999999,7.51,7.03125,6.75,6.79,10.0,Fase 2 (5° e 6° ano),0,Cursando,7.467500983400001,Ametista,2024,2.0,3.0,0,Adequada/adiantada (≥ 0)
RA-714,Aluno-714,0,G,11.0,Menino,2019,Escola Pública,9.0,6.9,5.6,,8.0,7.25,5.0,Fase 2 (5º e 6º ano),-2,,6.953,Ágata,2022,0.0,3.0,1,Severa (≤ −2 fases)
RA-714,Aluno-714,FASE 1,1J,12.0,Masculino,2019,Pública,0.0,8.0,3.14,7.5,7.4,7.223333333,5.0,Fase 3 (7° e 8° ano),-2,,6.078666667,Ágata,2023,1.0,4.0,1,Severa (≤ −2 fases)
RA-714,Aluno-714,2H,2H,13.0,Masculino,2021,Pública,0.0,6.873706004,6.255,7.65625,4.0,6.9975,5.0,Fase 3 (7° e 8° ano),-1,Cursando,5.4653662008,Quartzo,2024,2.0,3.0,1,Moderada (−1 fase)
RA-715,Aluno-715,0,G,9.0,Menina,2022,Escola Pública,8.5,8.7,4.4,,4.9,7.917,5.0,Fase 1 (4º ano),-1,,6.656,Ágata,2022,0.0,0.0,1,Moderada (−1 fase)
RA-715,Aluno-715,ALFA,ALFA I - G2/G3,,Feminino,2022,Pública,0.0,9.5,3.14,5.625,5.4,7.675,5.0,Fase 2 (5° e 6° ano),-2,,5.8915,Quartzo,2023,0.0,1.0,1,Severa (≤ −2 fases)
RA-715,Aluno-715,2I,2I,11.0,Feminino,2022,Pública,9.002,5.250626566499999,3.755,5.0,2.75,4.67,10.0,Fase 2 (5° e 6° ano),0,Cursando,5.3098253133,Quartzo,2024,2.0,2.0,0,Adequada/adiantada (≥ 0)
RA-716,Aluno-716,0,G,9.0,Menino,2022,Escola Pública,8.9,8.1,7.5,,6.7,5.417,5.0,Fase 1 (4º ano),-1,,6.525,Ágata,2022,0.0,0.0,1,Moderada (−1 fase)
RA-716,Aluno-716,FASE 1,1G,10.0,Masculino,2022,Pública,9.0,8.7,3.77,6.875,5.6,7.443333333,5.0,Fase 2 (5° e 6° ano),-1,,6.813366667,Ágata,2023,1.0,1.0,1,Moderada (−1 fase)
RA-716,Aluno-716,1J,1J,11.0,Masculino,2022,Pública,9.002,5.5335968375,7.51,6.71875,5.75,5.7875,5.0,Fase 2 (5° e 6° ano),-1,Cursando,6.2372943675000005,Ágata,2024,1.0,2.0,1,Moderada (−1 fase)
RA-717,Aluno-717,0,G,10.0,Menina,2021,Escola Pública,9.0,7.3,7.5,,5.4,7.917,5.0,Fase 2 (5º e 6º ano),-2,,6.832,Ágata,2022,0.0,1.0,1,Severa (≤ −2 fases)
RA-717,Aluno-717,FASE 1,1G,11.0,Feminino,2021,Pública,0.0,8.5,7.52,8.125,5.9,8.446666667,5.0,Fase 2 (5° e 6° ano),-1,,6.633833333,Ágata,2023,1.0,2.0,1,Moderada (−1 fase)
RA-718,Aluno-718,0,G,8.0,Menina,2022,Escola Pública,8.0,8.9,6.3,,9.2,7.417,10.0,ALFA  (2º e 3º ano),0,,8.093,Topázio,2022,0.0,0.0,0,Adequada/adiantada (≥ 0)
RA-718,Aluno-718,FASE 1,1G,,Feminino,2022,Pública,9.5,9.1,3.77,7.916666667,7.8,8.39,10.0,Fase 1 (3° e 4° ano),0,,8.166866667,Topázio,2023,1.0,1.0,0,Adequada/adiantada (≥ 0)
RA-718,Aluno-718,2I,2I,10.0,Feminino,2022,Pública,10.002,9.5138888885,5.635,7.5,9.5,7.946666667,10.0,Fase 1 (3° e 4° ano),1,Cursando,8.705811111100001,Topázio,2024,2.0,2.0,0,Adequada/adiantada (≥ 0)
RA-719,Aluno-719,0,G,10.0,Menina,2021,Escola Pública,9.0,4.6,7.5,,4.2,6.083,5.0,Fase 2 (5º e 6º ano),-2,,5.552,Quartzo,2022,0.0,1.0,1,Severa (≤ −2 fases)
RA-719,Aluno-719,ALFA,ALFA J - G2/G3,,Masculino,2021,Pública,9.5,5.3,7.52,5.625,5.9,7.095,5.0,Fase 2 (5° e 6° ano),-2,,6.4137,Ágata,2023,0.0,2.0,1,Severa (≤ −2 fases)
RA-719,Aluno-719,1J,1J,12.0,Masculino,2021,Pública,10.002,7.3484848485,7.51,7.5,6.5,6.7425,5.0,Fase 2 (5° e 6° ano),-1,Cursando,7.1193969697,Ametista,2024,1.0,3.0,1,Moderada (−1 fase)
RA-72,Aluno-72,5,C,17.0,Menina,2022,Escola Pública,8.3,7.5,7.5,,7.8,8.667,5.0,Fase 7 (3º EM),-2,,7.64,Ametista,2022,5.0,0.0,1,Severa (≤ −2 fases)
RA-720,Aluno-720,0,G,9.0,Menina,2021,Escola Pública,8.0,5.9,7.5,,7.6,7.083,5.0,Fase 1 (4º ano),-1,,6.731,Ágata,2022,0.0,1.0,1,Moderada (−1 fase)
RA-721,Aluno-721,0,G,8.0,Menina,2021,Escola Pública,9.5,8.1,7.5,,7.6,7.917,10.0,ALFA  (2º e 3º ano),0,,7.973,Ametista,2022,0.0,1.0,0,Adequada/adiantada (≥ 0)
RA-721,Aluno-721,FASE 1,1G,9.0,Feminino,2021,Pública,8.5,9.5,7.52,8.125,8.4,8.443333333,10.0,Fase 1 (3° e 4° ano),0,,8.683366667,Topázio,2023,1.0,2.0,0,Adequada/adiantada (≥ 0)
RA-721,Aluno-721,2G,2G,10.0,Feminino,2021,Pública,9.002,9.544513457499999,8.135,8.75,8.25,8.755,10.0,Fase 2 (5° e 6° ano),0,Cursando,8.8986026915,Topázio,2024,2.0,3.0,0,Adequada/adiantada (≥ 0)
RA-722,Aluno-722,0,G,9.0,Menina,2021,Escola Pública,10.0,8.1,4.4,,8.1,8.333,5.0,Fase 1 (4º ano),-1,,7.41,Ametista,2022,0.0,1.0,1,Moderada (−1 fase)
RA-722,Aluno-722,FASE 1,1N,,Feminino,2021,Pública,8.5,9.6,2.52,8.125,6.4,8.67,5.0,Fase 2 (5° e 6° ano),-1,,7.3387,Ametista,2023,1.0,2.0,1,Moderada (−1 fase)
RA-723,Aluno-723,0,H,8.0,Menina,2022,Escola Pública,10.0,6.6,8.1,,5.5,8.167,10.0,ALFA  (2º e 3º ano),0,,7.426,Ametista,2022,0.0,0.0,0,Adequada/adiantada (≥ 0)
RA-724,Aluno-724,0,H,8.0,Menina,2022,Escola Pública,9.5,5.9,5.6,,5.6,8.0,10.0,ALFA  (2º e 3º ano),0,,6.931,Ágata,2022,0.0,0.0,0,Adequada/adiantada (≥ 0)
RA-725,Aluno-725,0,H,8.0,Menino,2022,Escola Pública,8.0,5.9,8.1,,5.0,5.5,10.0,ALFA  (2º e 3º ano),0,,6.33,Ágata,2022,0.0,0.0,0,Adequada/adiantada (≥ 0)
RA-725,Aluno-725,ALFA,ALFA F - G0/G1,9.0,Masculino,2022,Pública,9.5,9.0,7.52,8.125,8.4,8.113333333,5.0,Fase 1 (3° e 4° ano),-1,,8.117366667,Topázio,2023,0.0,1.0,1,Moderada (−1 fase)
RA-725,Aluno-725,ALFA,ALFA G - G2/G3,10.0,Masculino,2022,Pública,7.502,7.6710526315,7.51,7.5,7.25,6.773333333,5.0,Fase 1 (3° e 4° ano),-1,Cursando,7.0900771929,Ametista,2024,0.0,2.0,1,Moderada (−1 fase)
RA-726,Aluno-726,0,H,7.0,Menina,2022,Escola Pública,10.0,7.5,7.5,,4.4,6.583,10.0,ALFA  (2º e 3º ano),0,,6.985,Ágata,2022,0.0,0.0,0,Adequada/adiantada (≥ 0)
RA-726,Aluno-726,ALFA,ALFA H - G0/G1,8.0,Feminino,2022,Pública,10.0,6.1,7.52,5.625,6.0,8.17,10.0,ALFA (1° e 2° ano),0,,7.3687,Ametista,2023,0.0,1.0,0,Adequada/adiantada (≥ 0)
RA-727,Aluno-727,0,H,8.0,Menino,2022,Escola Pública,9.0,7.7,8.1,,8.4,6.75,10.0,ALFA  (2º e 3º ano),0,,7.736,Ametista,2022,0.0,0.0,0,Adequada/adiantada (≥ 0)
RA-727,Aluno-727,ALFA,ALFA G - G2/G3,,Masculino,2022,Pública,9.5,8.8,2.52,7.5,8.0,9.34,5.0,Fase 1 (3° e 4° ano),-1,,7.6802,Ametista,2023,0.0,1.0,1,Moderada (−1 fase)
RA-727,Aluno-727,1G,1G,10.0,Masculino,2022,Pública,10.002,8.4848484845,6.26,8.125,8.5,8.056666667,10.0,Fase 1 (3° e 4° ano),0,Cursando,8.447003030300001,Topázio,2024,1.0,2.0,0,Adequada/adiantada (≥ 0)
RA-728,Aluno-728,0,H,8.0,Menina,2022,Escola Pública,9.5,7.3,8.1,,9.1,8.167,10.0,ALFA  (2º e 3º ano),0,,8.244,Topázio,2022,0.0,0.0,0,Adequada/adiantada (≥ 0)
RA-729,Aluno-729,0,H,8.0,Menina,2022,Escola Pública,10.0,8.7,8.1,,8.1,7.25,10.0,ALFA  (2º e 3º ano),0,,8.155,Topázio,2022,0.0,0.0,0,Adequada/adiantada (≥ 0)
RA-729,Aluno-729,ALFA,ALFA V - G0/G1,,Feminino,2022,Pública,8.0,9.1,3.77,6.5625,8.6,7.01,5.0,Fase 1 (3° e 4° ano),-1,,7.26545,Ametista,2023,0.0,1.0,1,Moderada (−1 fase)
RA-729,Aluno-729,ALFA,ALFA J - G2/G3,10.0,Feminino,2022,Pública,8.002,8.4166666665,2.51,7.5,6.0,7.5,5.0,Fase 1 (3° e 4° ano),-1,Cursando,6.684533333300001,Ágata,2024,0.0,2.0,1,Moderada (−1 fase)
RA-73,Aluno-73,5,C,17.0,Menina,2022,Escola Pública,7.1,3.0,7.5,,3.3,7.278,5.0,Fase 7 (3º EM),-2,,5.271,Quartzo,2022,5.0,0.0,1,Severa (≤ −2 fases)
RA-730,Aluno-730,0,I,10.0,Menina,2021,Escola Pública,10.0,8.2,8.8,,8.3,8.25,5.0,Fase 2 (5º e 6º ano),-2,,7.902,Ametista,2022,0.0,1.0,1,Severa (≤ −2 fases)
RA-730,Aluno-730,FASE 1,1F,10.0,Feminino,2021,Privada,10.0,8.7,5.02,9.53125,7.8,8.67,5.0,Fase 2 (5° e 6° ano),-1,,7.979325,Ametista,2023,1.0,2.0,1,Moderada (−1 fase)
RA-730,Aluno-730,2I,2I,11.0,Feminino,2021,Pública,8.002,7.152777778,6.885,9.166666667,9.5,8.666666667,10.0,Fase 2 (5° e 6° ano),0,Cursando,8.469255555700002,Topázio,2024,2.0,3.0,0,Adequada/adiantada (≥ 0)
RA-731,Aluno-731,0,I,10.0,Menina,2019,Escola Pública,9.0,8.5,6.9,,7.3,7.083,5.0,Fase 2 (5º e 6º ano),-2,,7.151,Ametista,2022,0.0,3.0,1,Severa (≤ −2 fases)
RA-731,Aluno-731,FASE 1,1J,11.0,Feminino,2019,Pública,8.5,7.6,3.14,7.5,6.8,7.45,5.0,Fase 2 (5° e 6° ano),-1,,6.7742,Ágata,2023,1.0,4.0,1,Moderada (−1 fase)
RA-731,Aluno-731,2G,2G,12.0,Feminino,2021,Pública,9.502,4.188311688500001,4.375,5.78125,2.5,4.835,5.0,Fase 3 (7° e 8° ano),-1,Cursando,4.7704873377000006,Quartzo,2024,2.0,3.0,1,Moderada (−1 fase)
RA-732,Aluno-732,0,I,9.0,Menino,2022,Escola Pública,9.0,7.9,8.8,,7.2,7.5,5.0,Fase 1 (4º ano),-1,,7.347,Ametista,2022,0.0,0.0,1,Moderada (−1 fase)
RA-733,Aluno-733,0,J,9.0,Menina,2022,Escola Pública,9.5,8.5,5.6,,5.1,6.917,5.0,Fase 1 (4º ano),-1,,6.684,Ágata,2022,0.0,0.0,1,Moderada (−1 fase)
RA-733,Aluno-733,FASE 1,1G,9.0,Feminino,2022,Pública,10.0,8.7,7.52,8.333333333,6.2,8.893333333,10.0,Fase 1 (3° e 4° ano),0,,8.3342,Topázio,2023,1.0,1.0,0,Adequada/adiantada (≥ 0)
RA-733,Aluno-733,1J,1J,10.0,Feminino,2022,Pública,10.002,10.0,7.51,8.90625,9.25,9.085,5.0,Fase 2 (5° e 6° ano),-1,Cursando,8.808825,Topázio,2024,1.0,2.0,1,Moderada (−1 fase)
RA-734,Aluno-734,0,J,10.0,Menina,2022,Escola Pública,9.5,7.2,5.6,,7.3,7.417,5.0,Fase 2 (5º e 6º ano),-2,,6.952,Ágata,2022,0.0,0.0,1,Severa (≤ −2 fases)
RA-734,Aluno-734,FASE 1,1A,11.0,Feminino,2022,Pública,8.5,8.0,7.52,7.34375,6.9,7.446666667,5.0,Fase 2 (5° e 6° ano),-1,,7.305908333,Ametista,2023,1.0,1.0,1,Moderada (−1 fase)
RA-735,Aluno-735,0,J,10.0,Menina,2021,Escola Pública,9.0,9.0,5.6,,7.3,8.583,5.0,Fase 2 (5º e 6º ano),-2,,7.485,Ametista,2022,0.0,1.0,1,Severa (≤ −2 fases)
RA-735,Aluno-735,FASE 1,1J,11.0,Feminino,2021,Pública,0.0,9.0,7.52,8.333333333,8.1,8.393333333,5.0,Fase 2 (5° e 6° ano),-1,,7.184,Ametista,2023,1.0,2.0,1,Moderada (−1 fase)
RA-735,Aluno-735,2H,2H,12.0,Feminino,2021,Pública,8.002,9.782608695499999,6.255,7.65625,8.0,7.705,5.0,Fase 3 (7° e 8° ano),-1,Cursando,7.7888467391,Ametista,2024,2.0,3.0,1,Moderada (−1 fase)
RA-736,Aluno-736,0,J,10.0,Menino,2022,Escola Pública,9.0,8.5,5.6,,5.4,7.0,5.0,Fase 2 (5º e 6º ano),-2,,6.707,Ágata,2022,0.0,0.0,1,Severa (≤ −2 fases)
RA-736,Aluno-736,FASE 1,1G,10.0,Masculino,2022,Pública,8.5,9.5,6.27,7.708333333,6.7,8.11,5.0,Fase 2 (5° e 6° ano),-1,,7.600033333,Ametista,2023,1.0,1.0,1,Moderada (−1 fase)
RA-737,Aluno-737,0,J,9.0,Menina,2022,Escola Pública,9.5,9.2,5.6,,9.0,9.167,5.0,Fase 1 (4º ano),-1,,8.058,Ametista,2022,0.0,0.0,1,Moderada (−1 fase)
RA-737,Aluno-737,FASE 1,1J,9.0,Feminino,2022,Pública,9.5,7.8,7.52,7.291666667,7.5,7.783333333,10.0,Fase 1 (3° e 4° ano),0,,8.048033333,Topázio,2023,1.0,1.0,0,Adequada/adiantada (≥ 0)
RA-737,Aluno-737,2H,2H,11.0,Feminino,2022,Pública,8.502,8.6542443065,6.885,7.5,9.25,8.0,10.0,Fase 2 (5° e 6° ano),0,Cursando,8.4695488613,Topázio,2024,2.0,2.0,0,Adequada/adiantada (≥ 0)
RA-738,Aluno-738,0,J,8.0,Menina,2022,Escola Pública,8.5,8.1,5.6,,5.7,7.5,10.0,ALFA  (2º e 3º ano),0,,7.227,Ametista,2022,0.0,0.0,0,Adequada/adiantada (≥ 0)
RA-738,Aluno-738,FASE 1,1F,,Feminino,2022,Pública,8.0,9.3,7.52,8.4375,6.0,8.336666667,10.0,Fase 1 (3° e 4° ano),0,,8.123283333,Topázio,2023,1.0,1.0,0,Adequada/adiantada (≥ 0)
RA-738,Aluno-738,1H,1H,10.0,Feminino,2022,Pública,10.002,7.292490119,6.885,6.875,7.25,7.39,5.0,Fase 2 (5° e 6° ano),-1,Cursando,7.2626980238000005,Ametista,2024,1.0,2.0,1,Moderada (−1 fase)
RA-739,Aluno-739,0,J,8.0,Menino,2022,Escola Pública,6.4,7.3,5.6,,5.9,7.083,10.0,ALFA  (2º e 3º ano),0,,6.82,Ágata,2022,0.0,0.0,0,Adequada/adiantada (≥ 0)
RA-739,Aluno-739,ALFA,ALFA G - G2/G3,9.0,Masculino,2022,Pública,9.0,8.3,7.52,6.25,7.6,8.25,5.0,Fase 1 (3° e 4° ano),-1,,7.5972,Ametista,2023,0.0,1.0,1,Moderada (−1 fase)
RA-74,Aluno-74,5,C,16.0,Menino,2022,Escola Pública,9.6,3.3,7.5,,2.0,5.833,5.0,Fase 6 (2º EM),-1,,4.989,Quartzo,2022,5.0,0.0,1,Moderada (−1 fase)
RA-740,Aluno-740,0,J,9.0,Menina,2022,Escola Pública,8.5,9.0,5.6,,7.2,7.5,5.0,Fase 1 (4º ano),-1,,7.218,Ametista,2022,0.0,0.0,1,Moderada (−1 fase)
RA-740,Aluno-740,ALFA,ALFA G - G2/G3,10.0,Feminino,2022,Privada,0.0,8.7,7.52,6.875,9.1,8.925,5.0,Fase 2 (5° e 6° ano),-2,,7.2845,Ametista,2023,0.0,1.0,1,Severa (≤ −2 fases)
RA-740,Aluno-740,1H,1H,11.0,Feminino,2022,Privada,9.002,9.555335968,7.51,8.541666667,8.0,8.223333333,5.0,Fase 2 (5° e 6° ano),-1,Cursando,8.1611005269,Topázio,2024,1.0,2.0,1,Moderada (−1 fase)
RA-741,Aluno-741,0,J,10.0,Menina,2022,Escola Pública,9.5,8.4,5.6,,6.3,7.417,5.0,Fase 2 (5º e 6º ano),-2,,6.896,Ágata,2022,0.0,0.0,1,Severa (≤ −2 fases)
RA-741,Aluno-741,ALFA,ALFA J - G2/G3,11.0,Feminino,2022,Pública,9.5,6.9,4.39,5.625,5.1,7.095,5.0,Fase 2 (5° e 6° ano),-2,,6.2707,Ágata,2023,0.0,1.0,1,Severa (≤ −2 fases)
RA-741,Aluno-741,1H,1H,12.0,Feminino,2022,Pública,8.418,5.2964426875,5.005,5.833333333,3.75,4.223333333,5.0,Fase 2 (5° e 6° ano),-1,Cursando,5.0795885374,Quartzo,2024,1.0,2.0,1,Moderada (−1 fase)
RA-742,Aluno-742,0,J,9.0,Menina,2022,Escola Pública,8.5,8.7,5.0,,7.3,7.5,5.0,Fase 1 (4º ano),-1,,7.097,Ametista,2022,0.0,0.0,1,Moderada (−1 fase)
RA-742,Aluno-742,ALFA,ALFA I - G2/G3,10.0,Feminino,2022,Pública,0.0,7.6,7.52,7.5,7.5,10.01,5.0,Fase 2 (5° e 6° ano),-2,,7.024,Ametista,2023,0.0,1.0,1,Severa (≤ −2 fases)
RA-743,Aluno-743,0,J,9.0,Menina,2022,Escola Pública,10.0,7.9,5.6,,4.8,7.5,5.0,Fase 1 (4º ano),-1,,6.672,Ágata,2022,0.0,0.0,1,Moderada (−1 fase)
RA-743,Aluno-743,ALFA,ALFA E - G2/G3,10.0,Feminino,2022,Pública,0.0,9.1,3.77,7.5,7.1,9.01,5.0,Fase 2 (5° e 6° ano),-2,,6.659,Ágata,2023,0.0,1.0,1,Severa (≤ −2 fases)
RA-743,Aluno-743,1C,1C,11.0,Feminino,2022,Pública,9.002,9.2727272725,7.51,7.5,7.0,7.5,5.0,Fase 2 (5° e 6° ano),-1,Cursando,7.655745454500001,Ametista,2024,1.0,2.0,1,Moderada (−1 fase)
RA-744,Aluno-744,0,J,8.0,Menina,2022,Escola Pública,9.5,9.7,5.6,,6.2,7.5,10.0,ALFA  (2º e 3º ano),0,,7.742,Ametista,2022,0.0,0.0,0,Adequada/adiantada (≥ 0)
RA-745,Aluno-745,0,J,9.0,Menino,2021,Rede Decisão,9.0,8.5,5.6,,8.1,7.75,5.0,Fase 1 (4º ano),-1,,7.382,Ametista,2022,0.0,1.0,1,Moderada (−1 fase)
RA-745,Aluno-745,FASE 1,1G,,Masculino,2021,Privada - Programa de Apadrinhamento,9.5,9.3,3.77,8.125,7.0,8.893333333,5.0,Fase 2 (5° e 6° ano),-1,,7.668366667,Ametista,2023,1.0,2.0,1,Moderada (−1 fase)
RA-745,Aluno-745,2I,2I,11.0,Masculino,2021,Privada - Programa de Apadrinhamento,9.002,10.0,6.26,7.5,8.5,8.17,10.0,Fase 2 (5° e 6° ano),0,Cursando,8.6102,Topázio,2024,2.0,3.0,0,Adequada/adiantada (≥ 0)
RA-746,Aluno-746,0,J,8.0,Menino,2022,Escola Pública,8.0,9.1,5.6,,7.2,7.417,10.0,ALFA  (2º e 3º ano),0,,7.656,Ametista,2022,0.0,0.0,0,Adequada/adiantada (≥ 0)
RA-746,Aluno-746,FASE 1,1G,,Masculino,2022,Pública,0.0,8.0,3.77,6.875,7.2,7.113333333,10.0,Fase 1 (3° e 4° ano),0,,6.517166667,Ágata,2023,1.0,1.0,0,Adequada/adiantada (≥ 0)
RA-746,Aluno-746,2I,2I,10.0,Masculino,2022,Pública,8.502,7.4305555555,7.51,7.5,8.0,7.33,10.0,Fase 2 (5° e 6° ano),0,Cursando,7.903311111100001,Ametista,2024,2.0,2.0,0,Adequada/adiantada (≥ 0)
RA-747,Aluno-747,0,K,11.0,Menina,2022,Escola Pública,10.0,7.6,7.5,,8.8,7.917,5.0,Fase 2 (5º e 6º ano),-2,,7.676,Ametista,2022,0.0,0.0,1,Severa (≤ −2 fases)
RA-747,Aluno-747,FASE 1,1L,11.0,Feminino,2022,Pública,10.0,8.0,3.14,6.041666667,3.1,6.94,5.0,Fase 2 (5° e 6° ano),-1,,6.026366667,Ágata,2023,1.0,1.0,1,Moderada (−1 fase)
RA-747,Aluno-747,1K,1K,12.0,Feminino,2022,Pública,10.002,8.095238095,5.005,7.083333333,2.25,5.335,5.0,Fase 3 (7° e 8° ano),-2,Cursando,5.8450809523,Quartzo,2024,1.0,2.0,1,Severa (≤ −2 fases)
RA-748,Aluno-748,0,K,9.0,Menino,2022,Escola Pública,10.0,9.0,7.5,,9.1,8.25,5.0,Fase 1 (4º ano),-1,,8.084,Topázio,2022,0.0,0.0,1,Moderada (−1 fase)
RA-748,Aluno-748,ALFA,ALFA O - G2/G3,,Masculino,2022,Pública,9.5,9.7,7.52,7.5,9.1,10.01,5.0,Fase 2 (5° e 6° ano),-2,,8.7142,Topázio,2023,0.0,1.0,1,Severa (≤ −2 fases)
RA-748,Aluno-748,1K,1K,11.0,Masculino,2021,Pública,9.502,10.0,7.51,8.75,7.75,8.005,5.0,Fase 2 (5° e 6° ano),-1,Cursando,8.2272,Topázio,2024,1.0,3.0,1,Moderada (−1 fase)
RA-749,Aluno-749,0,K,9.0,Menino,2022,Escola Pública,9.5,7.7,7.5,,8.8,7.25,5.0,Fase 1 (4º ano),-1,,7.484,Ametista,2022,0.0,0.0,1,Moderada (−1 fase)
RA-749,Aluno-749,ALFA,ALFA O - G2/G3,9.0,Masculino,2022,Pública,10.0,9.0,7.52,5.625,7.3,8.425,5.0,Fase 1 (3° e 4° ano),-1,,7.7597,Ametista,2023,0.0,1.0,1,Moderada (−1 fase)
RA-749,Aluno-749,ALFA,ALFA O - G2/G3,10.0,Masculino,2022,Pública,9.502,9.7368421055,8.13,8.4375,8.75,7.665,5.0,Fase 2 (5° e 6° ano),-2,Cursando,8.3373184211,Topázio,2024,0.0,2.0,1,Severa (≤ −2 fases)
RA-75,Aluno-75,5,F,16.0,Menina,2022,Escola Pública,5.4,3.8,6.3,,0.0,4.625,5.0,Fase 6 (2º EM),-1,,3.915,Quartzo,2022,5.0,0.0,1,Moderada (−1 fase)
RA-750,Aluno-750,0,K,10.0,Menino,2019,Escola Pública,9.5,8.9,4.4,,6.8,5.167,5.0,Fase 2 (5º e 6º ano),-2,,6.344,Ágata,2022,0.0,3.0,1,Severa (≤ −2 fases)
RA-750,Aluno-750,ALFA,ALFA U - G2/G3,,Masculino,2019,Pública,9.5,7.7,3.14,4.375,3.4,6.32,5.0,Fase 2 (5° e 6° ano),-2,,5.6857,Quartzo,2023,0.0,4.0,1,Severa (≤ −2 fases)
RA-750,Aluno-750,1B,1B,12.0,Masculino,2021,Pública,6.249,5.938735178,4.38,4.0625,3.75,3.176666667,5.0,Fase 3 (7° e 8° ano),-2,Cursando,4.542230369,Quartzo,2024,1.0,3.0,1,Severa (≤ −2 fases)
RA-751,Aluno-751,0,K,11.0,Menino,2022,Escola Pública,8.5,5.8,7.5,,3.8,6.167,5.0,Fase 2 (5º e 6º ano),-2,,5.246,Quartzo,2022,0.0,0.0,1,Severa (≤ −2 fases)
RA-752,Aluno-752,0,K,11.0,Menina,2022,Escola Pública,10.0,9.0,7.5,,9.5,8.417,5.0,Fase 2 (5º e 6º ano),-2,,8.197,Topázio,2022,0.0,0.0,1,Severa (≤ −2 fases)
RA-752,Aluno-752,FASE 1,1N,11.0,Feminino,2022,Pública,9.5,9.9,7.52,7.65625,6.4,9.23,5.0,Fase 2 (5° e 6° ano),-1,,8.073825,Topázio,2023,1.0,1.0,1,Moderada (−1 fase)
RA-752,Aluno-752,2U,2U,12.0,Feminino,2022,Pública,9.502,7.525879916999999,7.51,5.9375,5.75,5.613333333,5.0,Fase 3 (7° e 8° ano),-1,Cursando,6.57279265,Ágata,2024,2.0,2.0,1,Moderada (−1 fase)
RA-753,Aluno-753,0,K,8.0,Menina,2022,Escola Pública,9.5,8.6,7.5,,9.1,8.417,10.0,ALFA  (2º e 3º ano),0,,8.481,Topázio,2022,0.0,0.0,0,Adequada/adiantada (≥ 0)
RA-753,Aluno-753,ALFA,ALFA O - G2/G3,,Feminino,2022,Pública,9.0,9.9,7.52,7.5,9.0,9.925,5.0,Fase 1 (3° e 4° ano),-1,,8.6672,Topázio,2023,0.0,1.0,1,Moderada (−1 fase)
RA-753,Aluno-753,1K,1K,10.0,Feminino,2022,Pública,10.002,9.047619048,7.51,8.333333333,8.5,8.255,5.0,Fase 2 (5° e 6° ano),-1,Cursando,8.2450571429,Topázio,2024,1.0,2.0,1,Moderada (−1 fase)
RA-754,Aluno-754,0,K,9.0,Menino,2022,Escola Pública,10.0,5.8,4.4,,7.9,6.917,5.0,Fase 1 (4º ano),-1,,6.602,Ágata,2022,0.0,0.0,1,Moderada (−1 fase)
RA-754,Aluno-754,ALFA,ALFA M - G0/G1,,Masculino,2022,Pública,9.5,6.1,2.52,6.875,5.6,6.67,5.0,Fase 2 (5° e 6° ano),-2,,6.0537,Ágata,2023,0.0,1.0,1,Severa (≤ −2 fases)
RA-754,Aluno-754,ALFA,ALFA L - G2/G3,11.0,Masculino,2022,Pública,8.502,6.25,5.625,2.5,6.25,4.75,5.0,Fase 2 (5° e 6° ano),-2,Cursando,5.6127,Quartzo,2024,0.0,2.0,1,Severa (≤ −2 fases)
RA-755,Aluno-755,0,K,8.0,Menino,2022,Escola Pública,9.5,9.2,6.9,,9.5,8.083,10.0,ALFA  (2º e 3º ano),0,,8.566,Topázio,2022,0.0,0.0,0,Adequada/adiantada (≥ 0)
RA-755,Aluno-755,ALFA,ALFA O - G2/G3,9.0,Masculino,2022,Pública,10.0,9.5,7.52,7.5,9.2,10.01,5.0,Fase 1 (3° e 4° ano),-1,,8.7442,Topázio,2023,0.0,1.0,1,Moderada (−1 fase)
RA-755,Aluno-755,1M,1M,10.0,Masculino,2022,Pública,10.002,10.0,7.51,9.0625,9.75,9.09,5.0,Fase 2 (5° e 6° ano),-1,Cursando,8.925450000000001,Topázio,2024,1.0,2.0,1,Moderada (−1 fase)
RA-756,Aluno-756,0,K,9.0,Menino,2022,Escola Pública,10.0,7.9,7.5,,5.7,7.25,5.0,Fase 1 (4º ano),-1,,6.976,Ágata,2022,0.0,0.0,1,Moderada (−1 fase)
RA-756,Aluno-756,ALFA,ALFA K - G0/G1,,Masculino,2022,Pública,10.0,8.7,7.52,5.625,6.1,6.59,5.0,Fase 2 (5° e 6° ano),-2,,7.0927,Ametista,2023,0.0,1.0,1,Severa (≤ −2 fases)
RA-756,Aluno-756,ALFA,ALFA L - G2/G3,11.0,Masculino,2022,Pública,10.002,8.75,7.51,8.125,5.5,7.24,5.0,Fase 2 (5° e 6° ano),-2,Cursando,7.361700000000001,Ametista,2024,0.0,2.0,1,Severa (≤ −2 fases)
RA-757,Aluno-757,0,K,9.0,Menina,2022,Escola Pública,9.5,9.3,7.5,,9.7,8.5,5.0,Fase 1 (4º ano),-1,,8.26,Topázio,2022,0.0,0.0,1,Moderada (−1 fase)
RA-757,Aluno-757,ALFA,ALFA O - G2/G3,10.0,Feminino,2022,Pública,9.0,9.6,7.52,7.5,9.3,10.01,5.0,Fase 2 (5° e 6° ano),-2,,8.6742,Topázio,2023,0.0,1.0,1,Severa (≤ −2 fases)
RA-757,Aluno-757,1K,1K,11.0,Feminino,2022,Pública,9.502,9.285714286000001,7.51,8.125,7.0,8.34,5.0,Fase 2 (5° e 6° ano),-1,Cursando,7.938842857200001,Ametista,2024,1.0,2.0,1,Moderada (−1 fase)
RA-758,Aluno-758,0,L,9.0,Menino,2022,Escola Pública,9.0,9.1,7.5,,8.1,8.333,5.0,Fase 1 (4º ano),-1,,7.911,Ametista,2022,0.0,0.0,1,Moderada (−1 fase)
RA-759,Aluno-759,0,L,10.0,Menina,2021,Escola Pública,9.0,8.6,7.5,,7.5,7.833,5.0,Fase 2 (5º e 6º ano),-2,,7.563,Ametista,2022,0.0,1.0,1,Severa (≤ −2 fases)
RA-76,Aluno-76,5,F,15.0,Menina,2017,Rede Decisão,10.0,9.1,8.1,,8.7,9.292,10.0,Fase 5 (1º EM),0,,9.105,Topázio,2022,5.0,5.0,0,Adequada/adiantada (≥ 0)
RA-76,Aluno-76,FASE 7,7E,15.0,Feminino,2017,Privada *Parcerias com Bolsa 100%,10.0,,2.52,,,,10.0,Fase 5 (1° EM),2,,,,2023,7.0,6.0,0,Adequada/adiantada (≥ 0)
RA-76,Aluno-76,7E,7E,16.0,Feminino,2021,Privada *Parcerias com Bolsa 100%,10.002,9.0,6.885,7.5,7.066666666666666,7.5,10.0,Fase 5 (1° EM),2,Cursando,8.152033333333334,Topázio,2024,7.0,3.0,0,Adequada/adiantada (≥ 0)
RA-760,Aluno-760,0,L,11.0,Menino,2021,Escola Pública,9.0,9.2,7.5,,8.8,8.917,5.0,Fase 2 (5º e 6º ano),-2,,8.172,Topázio,2022,0.0,1.0,1,Severa (≤ −2 fases)
RA-760,Aluno-760,FASE 2,2L,,Masculino,2021,Pública,0.0,8.8,7.52,7.083333333,6.3,7.84,5.0,Fase 3 (7° e 8° ano),-1,,6.548333333,Ágata,2023,2.0,2.0,1,Moderada (−1 fase)
RA-760,Aluno-760,3M,3M,13.0,Masculino,2021,Pública,9.168,7.090909091,7.51,6.25,5.0,6.158,10.0,Fase 3 (7° e 8° ano),0,Cursando,6.942581818200001,Ágata,2024,3.0,3.0,0,Adequada/adiantada (≥ 0)
RA-761,Aluno-761,0,L,9.0,Menino,2022,Escola Pública,10.0,9.4,7.5,,8.2,8.25,5.0,Fase 1 (4º ano),-1,,8.06,Topázio,2022,0.0,0.0,1,Moderada (−1 fase)
RA-761,Aluno-761,FASE 1,1L,10.0,Masculino,2022,Pública,9.0,9.7,7.52,8.333333333,8.4,8.12,5.0,Fase 2 (5° e 6° ano),-1,,8.219533333,Topázio,2023,1.0,1.0,1,Moderada (−1 fase)
RA-761,Aluno-761,2M,2M,11.0,Masculino,2022,Pública,8.502,8.8636363635,6.26,8.75,7.25,8.003333333,10.0,Fase 2 (5° e 6° ano),0,Cursando,8.174593939300001,Topázio,2024,2.0,2.0,0,Adequada/adiantada (≥ 0)
RA-762,Aluno-762,0,L,12.0,Menino,2022,Escola Pública,10.0,9.7,7.5,,6.7,7.083,2.5,Fase 3 (7º e 8º ano),-3,,7.28,Ametista,2022,0.0,0.0,1,Severa (≤ −2 fases)
RA-762,Aluno-762,FASE 1,1K,13.0,Masculino,2022,Pública,10.0,9.1,3.14,7.8125,5.8,7.67,5.0,Fase 3 (7° e 8° ano),-2,,7.09945,Ametista,2023,1.0,1.0,1,Severa (≤ −2 fases)
RA-762,Aluno-762,2K,2K,14.0,Masculino,2022,Pública,10.002,6.4239130435,6.26,6.5625,3.75,5.7525,5.0,Fase 4 (9° ano),-2,Cursando,5.9677326087,Quartzo,2024,2.0,2.0,1,Severa (≤ −2 fases)
RA-763,Aluno-763,0,L,10.0,Menina,2021,Escola Pública,9.5,9.7,7.5,,6.5,7.167,5.0,Fase 2 (5º e 6º ano),-2,,7.402,Ametista,2022,0.0,1.0,1,Severa (≤ −2 fases)
RA-763,Aluno-763,ALFA,ALFA O - G2/G3,10.0,Feminino,2021,Pública,0.0,9.2,3.14,6.875,7.9,9.0,5.0,Fase 2 (5° e 6° ano),-2,,6.7215,Ágata,2023,0.0,2.0,1,Severa (≤ −2 fases)
RA-763,Aluno-763,1N,1N,11.0,Feminino,2021,Pública,9.002,8.8636363635,6.26,7.708333333,5.25,6.825,5.0,Fase 2 (5° e 6° ano),-1,Cursando,6.984760606,Ágata,2024,1.0,3.0,1,Moderada (−1 fase)
RA-764,Aluno-764,0,L,8.0,Menino,2022,Escola Pública,9.0,8.8,7.5,,7.5,7.667,10.0,ALFA  (2º e 3º ano),0,,8.004,Ametista,2022,0.0,0.0,0,Adequada/adiantada (≥ 0)
RA-764,Aluno-764,FASE 1,1N,,Masculino,2022,Pública,0.0,9.2,7.52,8.28125,7.8,8.56,10.0,Fase 1 (3° e 4° ano),0,,7.682125,Ametista,2023,1.0,1.0,0,Adequada/adiantada (≥ 0)
RA-764,Aluno-764,2N,2N,10.0,Masculino,2022,Privada,8.002,7.8804347825,7.51,8.4375,6.0,8.336666667,10.0,Fase 2 (5° e 6° ano),0,Cursando,7.838370289900001,Ametista,2024,2.0,2.0,0,Adequada/adiantada (≥ 0)
RA-765,Aluno-765,0,L,9.0,Menino,2022,Escola Pública,8.5,9.3,7.5,,4.3,7.417,5.0,Fase 1 (4º ano),-1,,6.902,Ágata,2022,0.0,0.0,1,Moderada (−1 fase)
RA-766,Aluno-766,0,L,11.0,Menina,2020,Escola Pública,10.0,9.5,7.5,,8.7,8.333,5.0,Fase 2 (5º e 6º ano),-2,,8.185,Topázio,2022,0.0,2.0,1,Severa (≤ −2 fases)
RA-766,Aluno-766,FASE 1,1K,11.0,Feminino,2020,Pública,10.0,8.7,4.39,9.21875,8.7,8.336666667,5.0,Fase 2 (5° e 6° ano),-1,,8.008408333,Topázio,2023,1.0,3.0,1,Moderada (−1 fase)
RA-767,Aluno-767,0,L,10.0,Menino,2021,Escola Pública,9.5,9.0,7.5,,7.0,7.583,5.0,Fase 2 (5º e 6º ano),-2,,7.511,Ametista,2022,0.0,1.0,1,Severa (≤ −2 fases)
RA-767,Aluno-767,FASE 1,1L,11.0,Masculino,2021,Pública,10.0,8.3,7.52,7.291666667,6.3,7.446666667,5.0,Fase 2 (5° e 6° ano),-1,,7.3807,Ametista,2023,1.0,2.0,1,Moderada (−1 fase)
RA-767,Aluno-767,1L,1L,12.0,Masculino,2021,Pública,9.502,9.0476190475,7.51,8.541666667,8.25,8.085,5.0,Fase 3 (7° e 8° ano),-2,Cursando,8.131890476200002,Topázio,2024,1.0,3.0,1,Severa (≤ −2 fases)
RA-768,Aluno-768,0,L,10.0,Menina,2021,Escola Pública,9.0,10.0,7.5,,7.1,7.583,5.0,Fase 2 (5º e 6º ano),-2,,7.646,Ametista,2022,0.0,1.0,1,Severa (≤ −2 fases)
RA-768,Aluno-768,ALFA,ALFA L - G2/G3,,Feminino,2021,Pública,10.0,9.1,7.52,7.5,7.9,10.01,5.0,Fase 2 (5° e 6° ano),-2,,8.4042,Topázio,2023,0.0,2.0,1,Severa (≤ −2 fases)
RA-768,Aluno-768,1N,1N,12.0,Feminino,2021,Pública,9.002,7.9841897235,6.26,8.125,5.5,7.495,5.0,Fase 2 (5° e 6° ano),-1,Cursando,7.0345379447,Ametista,2024,1.0,3.0,1,Moderada (−1 fase)
RA-769,Aluno-769,0,M,9.0,Menina,2022,Escola Pública,10.0,7.5,7.5,,7.9,8.5,5.0,Fase 1 (4º ano),-1,,7.598,Ametista,2022,0.0,0.0,1,Moderada (−1 fase)
RA-769,Aluno-769,ALFA,ALFA N - G2/G3,10.0,Feminino,2022,Pública,10.0,9.3,3.77,7.8125,8.0,8.675,5.0,Fase 2 (5° e 6° ano),-2,,7.85345,Ametista,2023,0.0,1.0,1,Severa (≤ −2 fases)
RA-769,Aluno-769,1K,1K,11.0,Feminino,2022,Pública,10.002,5.9523809525,7.51,7.916666667,6.0,8.33,5.0,Fase 2 (5° e 6° ano),-1,Cursando,7.099342857200002,Ametista,2024,1.0,2.0,1,Moderada (−1 fase)
RA-77,Aluno-77,5,F,16.0,Menino,2019,Escola Pública,7.1,2.7,5.0,,0.7,4.625,5.0,Fase 6 (2º EM),-1,,3.846,Quartzo,2022,5.0,3.0,1,Moderada (−1 fase)
RA-770,Aluno-770,0,M,7.0,Menino,2022,Escola Pública,9.5,8.9,7.5,,8.3,7.333,10.0,ALFA  (2º e 3º ano),0,,8.143,Topázio,2022,0.0,0.0,0,Adequada/adiantada (≥ 0)
RA-770,Aluno-770,ALFA,ALFA U - G2/G3,,Masculino,2022,Pública,0.0,8.3,3.77,6.875,5.9,8.92,10.0,ALFA (1° e 2° ano),0,,6.6785,Ágata,2023,0.0,1.0,0,Adequada/adiantada (≥ 0)
RA-770,Aluno-770,ALFA,ALFA U - G2/G3,9.0,Masculino,2022,Pública,10.002,9.022556391,7.51,7.5,5.0,7.5,5.0,Fase 1 (3° e 4° ano),-1,Cursando,7.3057112782,Ametista,2024,0.0,2.0,1,Moderada (−1 fase)
RA-771,Aluno-771,0,M,7.0,Menina,2022,Escola Pública,10.0,8.3,7.5,,7.0,7.5,10.0,ALFA  (2º e 3º ano),0,,7.873,Ametista,2022,0.0,0.0,0,Adequada/adiantada (≥ 0)
RA-771,Aluno-771,ALFA,ALFA U - G2/G3,,Feminino,2022,Pública,0.0,8.8,3.14,6.25,8.2,8.585,10.0,ALFA (1° e 2° ano),0,,7.056,Ametista,2023,0.0,1.0,0,Adequada/adiantada (≥ 0)
RA-771,Aluno-771,ALFA,ALFA N - G2/G3,9.0,Feminino,2022,Pública,8.502,6.619047619,3.135,5.625,6.5,6.08,5.0,Fase 1 (3° e 4° ano),-1,Cursando,6.066009523800001,Ágata,2024,0.0,2.0,1,Moderada (−1 fase)
RA-772,Aluno-772,0,M,11.0,Menino,2021,Escola Pública,9.0,5.4,7.5,,9.2,7.25,5.0,Fase 2 (5º e 6º ano),-2,,6.994,Ágata,2022,0.0,1.0,1,Severa (≤ −2 fases)
RA-772,Aluno-772,FASE 1,1N,12.0,Masculino,2021,Pública,0.0,7.2,7.52,6.875,4.8,8.003333333,5.0,Fase 3 (7° e 8° ano),-2,,5.930166667,Quartzo,2023,1.0,2.0,1,Severa (≤ −2 fases)
RA-773,Aluno-773,0,M,9.0,Menina,2022,Escola Pública,10.0,6.8,5.0,,8.1,7.083,5.0,Fase 1 (4º ano),-1,,6.922,Ágata,2022,0.0,0.0,1,Moderada (−1 fase)
RA-773,Aluno-773,ALFA,ALFA M - G0/G1,9.0,Feminino,2022,Pública,10.0,7.5,2.52,5.625,7.9,7.67,5.0,Fase 1 (3° e 4° ano),-1,,6.9287,Ágata,2023,0.0,1.0,1,Moderada (−1 fase)
RA-773,Aluno-773,ALFA,ALFA L - G2/G3,10.0,Feminino,2022,Pública,10.002,8.75,2.51,7.5,5.0,6.575,5.0,Fase 2 (5° e 6° ano),-2,Cursando,6.566200000000001,Ágata,2024,0.0,2.0,1,Severa (≤ −2 fases)
RA-774,Aluno-774,0,M,8.0,Menina,2022,Escola Pública,10.0,7.8,7.5,,6.1,7.417,10.0,ALFA  (2º e 3º ano),0,,7.587,Ametista,2022,0.0,0.0,0,Adequada/adiantada (≥ 0)
RA-774,Aluno-774,ALFA,ALFA N - G2/G3,,Feminino,2022,Pública,0.0,9.5,3.14,5.0,6.9,6.34,5.0,Fase 1 (3° e 4° ano),-1,,5.852,Quartzo,2023,0.0,1.0,1,Moderada (−1 fase)
RA-774,Aluno-774,ALFA,ALFA N - G2/G3,10.0,Feminino,2022,Pública,10.002,6.3928571430000005,2.51,6.25,3.75,6.405,5.0,Fase 1 (3° e 4° ano),-1,Cursando,5.685771428600001,Quartzo,2024,0.0,2.0,1,Moderada (−1 fase)
RA-775,Aluno-775,0,N,10.0,Menino,2021,Escola Pública,7.9,5.7,4.4,,5.7,6.417,5.0,Fase 2 (5º e 6º ano),-2,,5.79,Quartzo,2022,0.0,1.0,1,Severa (≤ −2 fases)
RA-776,Aluno-776,0,N,9.0,Menina,2022,Escola Pública,0.0,4.3,4.4,,1.7,6.333,5.0,Fase 1 (4º ano),-1,,3.898,Quartzo,2022,0.0,0.0,1,Moderada (−1 fase)
RA-776,Aluno-776,FASE 1,1K,,Feminino,2022,Privada - Programa de Apadrinhamento,0.0,7.0,7.52,7.8125,3.5,7.223333333,5.0,Fase 2 (5° e 6° ano),-1,,5.567916667,Quartzo,2023,1.0,1.0,1,Moderada (−1 fase)
RA-776,Aluno-776,1K,1K,11.0,Feminino,2022,Pública,7.917,5.9523809525,5.63,8.333333333,0.0,6.5,5.0,Fase 2 (5° e 6° ano),-1,Cursando,5.178509523800001,Quartzo,2024,1.0,2.0,1,Moderada (−1 fase)
RA-777,Aluno-777,0,N,8.0,Menino,2022,Escola Pública,8.0,7.7,7.5,,5.3,7.0,10.0,ALFA  (2º e 3º ano),0,,7.096,Ametista,2022,0.0,0.0,0,Adequada/adiantada (≥ 0)
RA-777,Aluno-777,FASE 1,1N,,Feminino,2022,Pública,0.0,9.3,7.52,8.28125,6.3,8.84,10.0,Fase 1 (3° e 4° ano),0,,7.468125,Ametista,2023,1.0,1.0,0,Adequada/adiantada (≥ 0)
RA-777,Aluno-777,2N,2N,10.0,Feminino,2022,Pública,8.002,8.7757437075,7.51,8.125,4.5,7.723333333,10.0,Fase 2 (5° e 6° ano),0,Cursando,7.563515408100001,Ametista,2024,2.0,2.0,0,Adequada/adiantada (≥ 0)
RA-778,Aluno-778,0,N,9.0,Menina,2021,Escola Pública,10.0,6.7,7.5,,7.1,8.833,5.0,Fase 1 (4º ano),-1,,7.432,Ametista,2022,0.0,1.0,1,Moderada (−1 fase)
RA-778,Aluno-778,FASE 1,1K,,Feminino,2021,Pública,8.5,7.9,7.52,8.90625,8.2,8.62,5.0,Fase 2 (5° e 6° ano),-1,,7.926825,Ametista,2023,1.0,2.0,1,Moderada (−1 fase)
RA-778,Aluno-778,2K,2K,11.0,Feminino,2021,Pública,10.002,8.1235697945,7.51,7.5,7.0,7.7475,10.0,Fase 2 (5° e 6° ano),0,Cursando,8.0754139589,Topázio,2024,2.0,3.0,0,Adequada/adiantada (≥ 0)
RA-779,Aluno-779,0,N,10.0,Menino,2022,Escola Pública,9.5,5.0,7.5,,2.6,7.083,5.0,Fase 2 (5º e 6º ano),-2,,5.702,Quartzo,2022,0.0,0.0,1,Severa (≤ −2 fases)
RA-78,Aluno-78,5,F,17.0,Menino,2018,Rede Decisão,8.3,6.6,5.6,,7.2,8.0,5.0,Fase 7 (3º EM),-2,,7.04,Ametista,2022,5.0,4.0,1,Severa (≤ −2 fases)
RA-78,Aluno-78,FASE 6,6A,,Feminino,2018,Privada - Programa de Apadrinhamento,0.0,7.7,6.26,8.28125,6.7,8.0025,5.0,Fase 8 (Universitários),-2,,6.434625,Ágata,2023,6.0,5.0,1,Severa (≤ −2 fases)
RA-78,Aluno-78,7A,7A,19.0,Feminino,2021,Privada - Programa de Apadrinhamento,8.751,8.028404344,8.755,8.4375,7.5,7.39,10.0,Fase 7 (3° EM),0,Cursando,8.1780308688,Topázio,2024,7.0,3.0,0,Adequada/adiantada (≥ 0)
RA-780,Aluno-780,0,N,9.0,Menina,2022,Escola Pública,8.0,7.6,7.5,,6.9,7.167,5.0,Fase 1 (4º ano),-1,,6.955,Ágata,2022,0.0,0.0,1,Moderada (−1 fase)
RA-780,Aluno-780,ALFA,ALFA N - G2/G3,10.0,Feminino,2022,Pública,9.5,8.8,3.14,8.75,8.3,8.675,5.0,Fase 2 (5° e 6° ano),-2,,7.7842,Ametista,2023,0.0,1.0,1,Severa (≤ −2 fases)
RA-780,Aluno-780,1L,1L,11.0,Feminino,2022,Pública,9.502,10.0,5.63,8.958333333,6.0,8.17,5.0,Fase 2 (5° e 6° ano),-1,Cursando,7.7430333333,Ametista,2024,1.0,2.0,1,Moderada (−1 fase)
RA-781,Aluno-781,0,N,9.0,Menina,2021,Escola Pública,10.0,8.9,7.5,,8.3,7.75,5.0,Fase 1 (4º ano),-1,,7.786,Ametista,2022,0.0,1.0,1,Moderada (−1 fase)
RA-781,Aluno-781,FASE 1,1N,10.0,Feminino,2021,Pública,7.5,9.8,7.52,8.4375,7.9,9.116666667,5.0,Fase 2 (5° e 6° ano),-1,,8.209283333,Topázio,2023,1.0,2.0,1,Moderada (−1 fase)
RA-781,Aluno-781,2N,2N,11.0,Feminino,2021,Pública,8.002,9.75,7.51,8.4375,7.25,8.506666667,10.0,Fase 2 (5° e 6° ano),0,Cursando,8.496283333400001,Topázio,2024,2.0,3.0,0,Adequada/adiantada (≥ 0)
RA-782,Aluno-782,0,N,8.0,Menino,2022,Escola Pública,9.5,8.4,7.5,,6.0,7.0,10.0,ALFA  (2º e 3º ano),0,,7.485,Ametista,2022,0.0,0.0,0,Adequada/adiantada (≥ 0)
RA-782,Aluno-782,ALFA,ALFA L - G2/G3,9.0,Masculino,2022,Pública,8.5,9.8,2.52,7.5,7.5,9.345,5.0,Fase 1 (3° e 4° ano),-1,,7.6812,Ametista,2023,0.0,1.0,1,Moderada (−1 fase)
RA-782,Aluno-782,1L,1L,10.0,Masculino,2022,Pública,9.502,7.8571428569999995,7.51,7.5,7.75,8.085,10.0,Fase 1 (3° e 4° ano),0,Cursando,8.1896285714,Topázio,2024,1.0,2.0,0,Adequada/adiantada (≥ 0)
RA-783,Aluno-783,0,N,8.0,Menino,2021,Escola Pública,9.5,5.8,7.5,,6.0,6.917,10.0,ALFA  (2º e 3º ano),0,,6.996,Ágata,2022,0.0,1.0,0,Adequada/adiantada (≥ 0)
RA-783,Aluno-783,ALFA,ALFA N - G2/G3,,Masculino,2021,Pública,9.5,6.8,3.77,7.5,8.9,7.925,5.0,Fase 1 (3° e 4° ano),-1,,7.2922,Ametista,2023,0.0,2.0,1,Moderada (−1 fase)
RA-784,Aluno-784,0,O,9.0,Menino,2022,Escola Pública,9.5,10.0,7.5,,8.2,9.25,5.0,Fase 1 (4º ano),-1,,8.34,Topázio,2022,0.0,0.0,1,Moderada (−1 fase)
RA-784,Aluno-784,FASE 1,1L,10.0,Feminino,2022,Pública,10.0,9.5,7.52,8.125,7.3,8.783333333,5.0,Fase 2 (5° e 6° ano),-1,,8.171366667,Topázio,2023,1.0,1.0,1,Moderada (−1 fase)
RA-784,Aluno-784,2M,2M,11.0,Feminino,2022,Privada - Programa de Apadrinhamento,8.002,9.7727272725,5.635,9.375,8.75,9.4,10.0,Fase 2 (5° e 6° ano),0,Cursando,8.8857454545,Topázio,2024,2.0,2.0,0,Adequada/adiantada (≥ 0)
RA-785,Aluno-785,0,O,9.0,Menina,2022,Escola Pública,9.0,8.6,7.5,,8.4,7.667,5.0,Fase 1 (4º ano),-1,,7.642,Ametista,2022,0.0,0.0,1,Moderada (−1 fase)
RA-785,Aluno-785,FASE 1,1L,10.0,Feminino,2022,Pública,9.0,8.5,7.52,7.916666667,8.8,8.67,5.0,Fase 2 (5° e 6° ano),-1,,8.137866667,Topázio,2023,1.0,1.0,1,Moderada (−1 fase)
RA-785,Aluno-785,2U,2U,11.0,Feminino,2022,Pública,9.502,10.0,7.51,8.75,9.0,8.893333333,10.0,Fase 2 (5° e 6° ano),0,Cursando,9.1548666666,Topázio,2024,2.0,2.0,0,Adequada/adiantada (≥ 0)
RA-786,Aluno-786,0,O,11.0,Menino,2019,Escola Pública,9.0,9.5,5.6,,6.1,7.167,5.0,Fase 2 (5º e 6º ano),-2,,7.004,Ágata,2022,0.0,3.0,1,Severa (≤ −2 fases)
RA-787,Aluno-787,0,O,8.0,Menino,2022,Escola Pública,8.5,9.5,7.5,,3.4,7.25,10.0,ALFA  (2º e 3º ano),0,,7.205,Ametista,2022,0.0,0.0,0,Adequada/adiantada (≥ 0)
RA-787,Aluno-787,ALFA,ALFA O - G2/G3,,Masculino,2022,Pública,9.0,9.8,7.52,5.625,5.9,8.34,5.0,Fase 1 (3° e 4° ano),-1,,7.5227,Ametista,2023,0.0,1.0,1,Moderada (−1 fase)
RA-787,Aluno-787,ALFA,ALFA O - G2/G3,10.0,Masculino,2022,Pública,9.002,9.75,7.51,7.1875,7.25,7.325,5.0,Fase 1 (3° e 4° ano),-1,Cursando,7.73495,Ametista,2024,0.0,2.0,1,Moderada (−1 fase)
RA-788,Aluno-788,0,O,8.0,Menino,2021,Rede Decisão,10.0,9.3,5.6,,8.0,8.667,10.0,ALFA  (2º e 3º ano),0,,8.264,Topázio,2022,0.0,1.0,0,Adequada/adiantada (≥ 0)
RA-788,Aluno-788,FASE 1,1K,,Masculino,2021,Pública,7.9,9.8,2.52,7.65625,6.9,8.283333333,10.0,Fase 1 (3° e 4° ano),0,,7.806091667,Ametista,2023,1.0,2.0,0,Adequada/adiantada (≥ 0)
RA-788,Aluno-788,2N,2N,10.0,Masculino,2021,Privada - Programa de Apadrinhamento,8.418,9.519450801,6.26,8.4375,5.75,7.783333333,10.0,Fase 2 (5° e 6° ano),0,Cursando,7.9221068268,Ametista,2024,2.0,3.0,0,Adequada/adiantada (≥ 0)
RA-789,Aluno-789,0,O,7.0,Menina,2022,Escola Pública,9.0,9.4,7.5,,4.2,7.417,10.0,ALFA  (2º e 3º ano),0,,7.405,Ametista,2022,0.0,0.0,0,Adequada/adiantada (≥ 0)
RA-789,Aluno-789,ALFA,ALFA L - G2/G3,8.0,Feminino,2022,Pública,0.0,9.5,7.52,7.5,7.9,10.01,10.0,ALFA (1° e 2° ano),0,,7.974,Ametista,2023,0.0,1.0,0,Adequada/adiantada (≥ 0)
RA-789,Aluno-789,1L,1L,9.0,Feminino,2022,Pública,9.002,9.047619048,7.51,9.166666667,5.25,8.085,10.0,Fase 1 (3° e 4° ano),0,Cursando,8.0443904763,Topázio,2024,1.0,2.0,0,Adequada/adiantada (≥ 0)
RA-79,Aluno-79,5,F,16.0,Menina,2018,Rede Decisão,5.4,6.3,5.6,,8.9,7.292,5.0,Fase 6 (2º EM),-1,,6.847,Ágata,2022,5.0,4.0,1,Moderada (−1 fase)
RA-79,Aluno-79,FASE 6,6A,,Feminino,2018,Privada - Programa de Apadrinhamento,5.8,6.2,5.0,7.8125,7.6,7.59,5.0,Fase 7 (3° EM),-1,,6.635883333,Ágata,2023,6.0,5.0,1,Moderada (−1 fase)
RA-790,Aluno-790,0,O,11.0,Menina,2022,Escola Pública,9.0,8.9,7.5,,7.8,7.417,5.0,Fase 2 (5º e 6º ano),-2,,7.504,Ametista,2022,0.0,0.0,1,Severa (≤ −2 fases)
RA-790,Aluno-790,FASE 1,1L,,Masculino,2022,Pública,0.0,8.1,7.52,7.083333333,7.4,8.286666667,5.0,Fase 3 (7° e 8° ano),-2,,6.707666667,Ágata,2023,1.0,1.0,1,Severa (≤ −2 fases)
RA-790,Aluno-790,2U,2U,13.0,Masculino,2022,Pública,7.502,6.811594203,7.51,7.1875,6.75,6.883333333,5.0,Fase 3 (7° e 8° ano),-1,Cursando,6.8089355072,Ágata,2024,2.0,2.0,1,Moderada (−1 fase)
RA-791,Aluno-791,0,O,11.0,Menina,2022,Escola Pública,9.5,8.7,7.5,,6.5,8.5,5.0,Fase 2 (5º e 6º ano),-2,,7.507,Ametista,2022,0.0,0.0,1,Severa (≤ −2 fases)
RA-791,Aluno-791,FASE 1,1K,,Feminino,2022,Pública,0.0,8.1,7.52,7.8125,5.3,7.723333333,5.0,Fase 3 (7° e 8° ano),-2,,6.247916667,Ágata,2023,1.0,1.0,1,Severa (≤ −2 fases)
RA-792,Aluno-792,0,O,9.0,Menina,2022,Escola Pública,9.5,8.0,7.5,,6.2,7.167,5.0,Fase 1 (4º ano),-1,,7.025,Ágata,2022,0.0,0.0,1,Moderada (−1 fase)
RA-792,Aluno-792,ALFA,ALFA L - G2/G3,10.0,Feminino,2022,Pública,9.0,7.7,7.52,6.875,7.2,9.085,5.0,Fase 2 (5° e 6° ano),-2,,7.6267,Ametista,2023,0.0,1.0,1,Severa (≤ −2 fases)
RA-792,Aluno-792,1N,1N,11.0,Feminino,2022,Pública,8.502,5.2865612650000005,7.51,8.125,3.25,7.075,5.0,Fase 2 (5° e 6° ano),-1,Cursando,6.036012253,Ágata,2024,1.0,2.0,1,Moderada (−1 fase)
RA-793,Aluno-793,0,O,10.0,Menino,2022,Escola Pública,9.5,7.6,7.5,,6.0,7.333,5.0,Fase 2 (5º e 6º ano),-2,,6.894,Ágata,2022,0.0,0.0,1,Severa (≤ −2 fases)
RA-794,Aluno-794,0,O,8.0,Menina,2022,Escola Pública,9.5,8.9,7.5,,4.1,7.333,10.0,ALFA  (2º e 3º ano),0,,7.335,Ametista,2022,0.0,0.0,0,Adequada/adiantada (≥ 0)
RA-794,Aluno-794,ALFA,ALFA L - G2/G3,,Feminino,2022,Pública,9.0,9.2,7.52,7.5,6.2,10.01,5.0,Fase 1 (3° e 4° ano),-1,,7.9842,Ametista,2023,0.0,1.0,1,Moderada (−1 fase)
RA-794,Aluno-794,1K,1K,10.0,Feminino,2022,Pública,9.502,6.9047619045,7.51,8.125,3.0,8.255,10.0,Fase 1 (3° e 4° ano),0,Cursando,7.145652380900001,Ametista,2024,1.0,2.0,0,Adequada/adiantada (≥ 0)
RA-795,Aluno-795,0,O,8.0,Menina,2022,Escola Pública,9.0,9.7,7.5,,7.3,7.333,10.0,ALFA  (2º e 3º ano),0,,8.064,Topázio,2022,0.0,0.0,0,Adequada/adiantada (≥ 0)
RA-795,Aluno-795,ALFA,ALFA L - G2/G3,9.0,Feminino,2022,Pública,9.0,9.6,7.52,7.5,8.2,10.01,5.0,Fase 1 (3° e 4° ano),-1,,8.4642,Topázio,2023,0.0,1.0,1,Moderada (−1 fase)
RA-795,Aluno-795,1L,1L,10.0,Feminino,2022,Pública,9.502,9.761904762,6.26,8.958333333,9.5,8.085,5.0,Fase 2 (5° e 6° ano),-1,Cursando,8.441414285700002,Topázio,2024,1.0,2.0,1,Moderada (−1 fase)
RA-796,Aluno-796,0,Q,10.0,Menina,2022,Escola Pública,9.5,9.3,7.5,,5.4,7.667,5.0,Fase 2 (5º e 6º ano),-2,,7.232,Ametista,2022,0.0,0.0,1,Severa (≤ −2 fases)
RA-796,Aluno-796,FASE 1,1P,11.0,Feminino,2022,Pública,9.0,9.8,6.27,7.083333333,5.5,8.336666667,5.0,Fase 2 (5° e 6° ano),-1,,7.462866667,Ametista,2023,1.0,1.0,1,Moderada (−1 fase)
RA-796,Aluno-796,2P,2P,12.0,Feminino,2022,Pública,8.502,8.2212885155,7.51,7.916666667,5.25,7.326666667,5.0,Fase 3 (7° e 8° ano),-1,Cursando,7.052457703200001,Ametista,2024,2.0,2.0,1,Moderada (−1 fase)
RA-797,Aluno-797,0,Q,10.0,Menino,2021,Escola Pública,9.0,8.5,7.5,,7.3,7.5,5.0,Fase 2 (5º e 6º ano),-2,,7.217,Ametista,2022,0.0,1.0,1,Severa (≤ −2 fases)
RA-797,Aluno-797,FASE 1,1P,11.0,Masculino,2021,Pública,8.5,8.6,7.52,6.041666667,7.5,7.233333333,5.0,Fase 2 (5° e 6° ano),-1,,7.373033333,Ametista,2023,1.0,2.0,1,Moderada (−1 fase)
RA-797,Aluno-797,2P,2P,12.0,Masculino,2021,Pública,9.168,4.840909091,7.51,6.666666667,7.25,6.723333333,5.0,Fase 3 (7° e 8° ano),-1,Cursando,6.597315151500001,Ágata,2024,2.0,3.0,1,Moderada (−1 fase)
RA-798,Aluno-798,0,Q,10.0,Menino,2022,Escola Pública,8.0,8.3,7.5,,6.3,7.667,5.0,Fase 2 (5º e 6º ano),-2,,7.049,Ametista,2022,0.0,0.0,1,Severa (≤ −2 fases)
RA-798,Aluno-798,FASE 1,1R,,Masculino,2022,Privada - Programa de Apadrinhamento,9.0,8.1,7.52,6.458333333,6.1,6.95,5.0,Fase 2 (5° e 6° ano),-1,,7.018033333,Ametista,2023,1.0,1.0,1,Moderada (−1 fase)
RA-798,Aluno-798,2R,2R,12.0,Masculino,2022,Pública,6.834,3.5064935065,7.51,5.0,4.75,2.943333333,5.0,Fase 3 (7° e 8° ano),-1,Cursando,4.6743653679,Quartzo,2024,2.0,2.0,1,Moderada (−1 fase)
RA-799,Aluno-799,0,Q,10.0,Menina,2022,Escola Pública,8.0,9.6,7.5,,7.8,7.917,5.0,Fase 2 (5º e 6º ano),-2,,7.676,Ametista,2022,0.0,0.0,1,Severa (≤ −2 fases)
RA-799,Aluno-799,FASE 1,1R,,Feminino,2022,Pública,9.5,9.6,5.64,8.333333333,8.3,8.17,5.0,Fase 2 (5° e 6° ano),-1,,8.061533333,Topázio,2023,1.0,1.0,1,Moderada (−1 fase)
RA-799,Aluno-799,2R,2R,11.0,Feminino,2022,Pública,7.918,9.090909091,7.51,7.916666667,5.25,7.5,10.0,Fase 2 (5° e 6° ano),0,Cursando,7.702648484900001,Ametista,2024,2.0,2.0,0,Adequada/adiantada (≥ 0)
RA-8,Aluno-8,7,A,20.0,Menina,2018,Escola Pública,7.1,4.6,6.3,,1.6,6.278,5.0,Fase 8 (Universitários),-1,,4.786,Quartzo,2022,7.0,4.0,1,Moderada (−1 fase)
RA-80,Aluno-80,5,K,16.0,Menina,2017,Rede Decisão,9.2,8.3,5.0,,7.1,7.625,5.0,Fase 6 (2º EM),-1,,7.29,Ametista,2022,5.0,5.0,1,Moderada (−1 fase)
RA-80,Aluno-80,FASE 6,6L,,Feminino,2017,Privada - Programa de Apadrinhamento,8.3,8.4,6.89,7.96875,6.3,7.465,5.0,Fase 7 (3° EM),-1,,7.252275,Ametista,2023,6.0,6.0,1,Moderada (−1 fase)
RA-80,Aluno-80,7A,7A,18.0,Feminino,2021,Privada - Programa de Apadrinhamento,8.751,7.8961292116666675,8.13,8.75,7.0,7.946666667,10.0,Fase 7 (3° EM),0,Cursando,8.131659175733333,Topázio,2024,7.0,3.0,0,Adequada/adiantada (≥ 0)
RA-800,Aluno-800,0,Q,8.0,Menino,2022,Escola Pública,8.0,5.4,7.5,,6.1,7.5,10.0,ALFA  (2º e 3º ano),0,,6.818,Ágata,2022,0.0,0.0,0,Adequada/adiantada (≥ 0)
RA-801,Aluno-801,0,Q,9.0,Menino,2022,Escola Pública,7.0,6.6,7.5,,6.8,7.5,5.0,Fase 1 (4º ano),-1,,6.644,Ágata,2022,0.0,0.0,1,Moderada (−1 fase)
RA-801,Aluno-801,FASE 1,1R,,Masculino,2022,Pública,0.0,7.5,7.52,6.875,7.6,7.12,10.0,Fase 1 (3° e 4° ano),0,,6.8735,Ágata,2023,1.0,1.0,0,Adequada/adiantada (≥ 0)
RA-801,Aluno-801,1R,1R,10.0,Masculino,2022,Pública,9.002,5.75,7.51,6.25,8.0,5.745,5.0,Fase 2 (5° e 6° ano),-1,Cursando,6.6752,Ágata,2024,1.0,2.0,1,Moderada (−1 fase)
RA-802,Aluno-802,0,Q,9.0,Menino,2021,Escola Pública,9.0,9.0,7.5,,8.3,8.333,5.0,Fase 1 (4º ano),-1,,7.831,Ametista,2022,0.0,1.0,1,Moderada (−1 fase)
RA-802,Aluno-802,FASE 1,1R,10.0,Masculino,2021,Pública,8.0,9.3,7.52,8.333333333,9.4,7.506666667,5.0,Fase 2 (5° e 6° ano),-1,,8.126866667,Topázio,2023,1.0,2.0,1,Moderada (−1 fase)
RA-802,Aluno-802,2R,2R,11.0,Masculino,2021,Pública,7.502,7.012987013,7.51,8.333333333,8.75,6.723333333,10.0,Fase 2 (5° e 6° ano),0,Cursando,7.8317974024999994,Ametista,2024,2.0,3.0,0,Adequada/adiantada (≥ 0)
RA-803,Aluno-803,0,Q,10.0,Menina,2022,Escola Pública,10.0,7.2,7.5,,6.3,7.417,5.0,Fase 2 (5º e 6º ano),-2,,6.98,Ágata,2022,0.0,0.0,1,Severa (≤ −2 fases)
RA-804,Aluno-804,0,Q,10.0,Menino,2022,Escola Pública,10.0,8.4,6.3,,4.8,7.667,5.0,Fase 2 (5º e 6º ano),-2,,6.848,Ágata,2022,0.0,0.0,1,Severa (≤ −2 fases)
RA-804,Aluno-804,FASE 1,1R,11.0,Masculino,2022,Pública,10.0,8.6,6.27,5.833333333,6.9,7.173333333,5.0,Fase 2 (5° e 6° ano),-1,,7.2352,Ametista,2023,1.0,1.0,1,Moderada (−1 fase)
RA-805,Aluno-805,0,R,8.0,Menino,2021,Escola Pública,9.5,9.0,7.5,,8.8,7.333,10.0,ALFA  (2º e 3º ano),0,,8.279,Topázio,2022,0.0,1.0,0,Adequada/adiantada (≥ 0)
RA-805,Aluno-805,ALFA,ALFA Q - G2/G3,9.0,Masculino,2021,Pública,0.0,9.1,7.52,6.25,6.8,7.175,5.0,Fase 1 (3° e 4° ano),-1,,6.492,Ágata,2023,0.0,2.0,1,Moderada (−1 fase)
RA-805,Aluno-805,1R,1R,10.0,Masculino,2021,Pública,8.502,9.523809524,4.38,7.03125,6.0,6.7075,5.0,Fase 2 (5° e 6° ano),-1,Cursando,6.9375869048,Ágata,2024,1.0,3.0,1,Moderada (−1 fase)
RA-806,Aluno-806,0,R,8.0,Menino,2022,Escola Pública,9.5,7.3,7.5,,6.6,7.917,10.0,ALFA  (2º e 3º ano),0,,7.561,Ametista,2022,0.0,0.0,0,Adequada/adiantada (≥ 0)
RA-806,Aluno-806,ALFA,ALFA Q - G2/G3,9.0,Masculino,2022,Pública,8.5,8.3,6.27,6.875,7.8,7.095,5.0,Fase 1 (3° e 4° ano),-1,,7.2937,Ametista,2023,0.0,1.0,1,Moderada (−1 fase)
RA-806,Aluno-806,1R,1R,10.0,Masculino,2022,Pública,8.502,6.9047619045,7.51,7.65625,6.75,6.875,5.0,Fase 2 (5° e 6° ano),-1,Cursando,6.972777380900001,Ágata,2024,1.0,2.0,1,Moderada (−1 fase)
RA-807,Aluno-807,0,R,8.0,Menino,2022,Escola Pública,9.5,8.7,6.3,,9.0,7.5,10.0,ALFA  (2º e 3º ano),0,,8.121,Topázio,2022,0.0,0.0,0,Adequada/adiantada (≥ 0)
RA-807,Aluno-807,ALFA,ALFA Q - G2/G3,9.0,Masculino,2022,Pública,9.5,9.1,7.52,6.25,8.0,8.08,5.0,Fase 1 (3° e 4° ano),-1,,7.8632,Ametista,2023,0.0,1.0,1,Moderada (−1 fase)
RA-807,Aluno-807,1R,1R,10.0,Masculino,2022,Pública,9.002,7.8571428569999995,7.51,7.5,7.0,7.125,10.0,Fase 1 (3° e 4° ano),0,Cursando,7.797628571400001,Ametista,2024,1.0,2.0,0,Adequada/adiantada (≥ 0)
RA-808,Aluno-808,0,R,8.0,Menino,2022,Escola Pública,10.0,9.1,6.3,,9.3,8.0,10.0,ALFA  (2º e 3º ano),0,,8.361,Topázio,2022,0.0,0.0,0,Adequada/adiantada (≥ 0)
RA-808,Aluno-808,ALFA,ALFA S - G2/G3,9.0,Masculino,2022,Pública,10.0,10.0,2.52,7.5,8.7,9.755,5.0,Fase 1 (3° e 4° ano),-1,,8.1932,Topázio,2023,0.0,1.0,1,Moderada (−1 fase)
RA-808,Aluno-808,1R,1R,10.0,Masculino,2022,Pública,9.002,10.0,7.51,8.125,8.75,7.88,10.0,Fase 1 (3° e 4° ano),0,Cursando,8.7897,Topázio,2024,1.0,2.0,0,Adequada/adiantada (≥ 0)
RA-809,Aluno-809,0,R,7.0,Menino,2022,Escola Pública,10.0,6.6,6.3,,6.3,7.417,10.0,ALFA  (2º e 3º ano),0,,7.259,Ametista,2022,0.0,0.0,0,Adequada/adiantada (≥ 0)
RA-81,Aluno-81,5,K,14.0,Menina,2017,Rede Decisão,9.2,9.2,5.0,,6.0,7.458,10.0,Fase 4 (9º ano),1,,7.675,Ametista,2022,5.0,5.0,0,Adequada/adiantada (≥ 0)
RA-81,Aluno-81,FASE 5,5L,15.0,Feminino,2017,Privada - Programa de Apadrinhamento,9.6,8.8,2.52,7.8125,6.3,7.2125,10.0,Fase 5 (1° EM),0,,7.45425,Ametista,2023,5.0,6.0,0,Adequada/adiantada (≥ 0)
RA-81,Aluno-81,6L,6L,16.0,Feminino,2021,Privada - Programa de Apadrinhamento,9.168,9.333333333333334,6.26,7.875,7.5,7.798,10.0,Fase 6 (2° EM),0,Cursando,8.256566666666668,Topázio,2024,6.0,3.0,0,Adequada/adiantada (≥ 0)
RA-810,Aluno-810,0,R,8.0,Menino,2021,Escola Pública,8.5,9.1,5.0,,9.6,7.25,10.0,ALFA  (2º e 3º ano),0,,7.887,Ametista,2022,0.0,1.0,0,Adequada/adiantada (≥ 0)
RA-810,Aluno-810,FASE 1,1P,9.0,Masculino,2021,Pública,8.0,8.5,7.52,5.833333333,6.9,7.836666667,10.0,Fase 1 (3° e 4° ano),0,,7.782866667,Ametista,2023,1.0,2.0,0,Adequada/adiantada (≥ 0)
RA-810,Aluno-810,1P,1P,10.0,Masculino,2021,Pública,7.502,9.4736842105,5.635,6.458333333,9.0,7.7525,5.0,Fase 2 (5° e 6° ano),-1,Cursando,7.704770175400001,Ametista,2024,1.0,3.0,1,Moderada (−1 fase)
RA-811,Aluno-811,0,R,9.0,Menina,2021,Escola Pública,8.9,5.7,5.6,,7.3,7.667,5.0,Fase 1 (4º ano),-1,,6.575,Ágata,2022,0.0,1.0,1,Moderada (−1 fase)
RA-812,Aluno-812,0,R,8.0,Menino,2022,Escola Pública,9.0,8.1,5.6,,7.4,7.333,10.0,ALFA  (2º e 3º ano),0,,7.497,Ametista,2022,0.0,0.0,0,Adequada/adiantada (≥ 0)
RA-812,Aluno-812,ALFA,ALFA Q - G2/G3,8.0,Masculino,2022,Pública,9.5,9.1,7.52,6.875,5.8,8.33,10.0,ALFA (1° e 2° ano),0,,8.0357,Topázio,2023,0.0,1.0,0,Adequada/adiantada (≥ 0)
RA-813,Aluno-813,0,S,8.0,Menino,2022,Escola Pública,9.5,6.5,6.9,,6.0,7.417,10.0,ALFA  (2º e 3º ano),0,,7.093,Ametista,2022,0.0,0.0,0,Adequada/adiantada (≥ 0)
RA-813,Aluno-813,FASE 1,1R,,Masculino,2022,Pública,9.5,8.4,7.52,8.125,3.9,8.06,10.0,Fase 1 (3° e 4° ano),0,,7.5867,Ametista,2023,1.0,1.0,0,Adequada/adiantada (≥ 0)
RA-814,Aluno-814,0,S,9.0,Menino,2022,Escola Pública,8.9,9.0,6.9,,7.5,8.417,5.0,Fase 1 (4º ano),-1,,7.592,Ametista,2022,0.0,0.0,1,Moderada (−1 fase)
RA-814,Aluno-814,FASE 1,1P,10.0,Masculino,2022,Pública,9.5,9.6,6.89,8.333333333,8.2,9.226666667,5.0,Fase 2 (5° e 6° ano),-1,,8.367866667,Topázio,2023,1.0,1.0,1,Moderada (−1 fase)
RA-814,Aluno-814,2P,2P,11.0,Masculino,2022,Pública,7.418,9.090909091,7.51,7.5,7.5,7.053333333,10.0,Fase 2 (5° e 6° ano),0,Cursando,7.971648484800001,Ametista,2024,2.0,2.0,0,Adequada/adiantada (≥ 0)
RA-815,Aluno-815,0,S,9.0,Menino,2022,Escola Pública,10.0,7.9,5.6,,6.5,7.0,5.0,Fase 1 (4º ano),-1,,6.81,Ágata,2022,0.0,0.0,1,Moderada (−1 fase)
RA-815,Aluno-815,FASE 1,1R,,Masculino,2022,Pública,0.0,8.6,5.02,6.875,6.5,7.063333333,5.0,Fase 2 (5° e 6° ano),-1,,6.122166667,Ágata,2023,1.0,1.0,1,Moderada (−1 fase)
RA-816,Aluno-816,0,S,9.0,Menina,2022,Escola Pública,10.0,9.3,7.5,,9.6,9.417,5.0,Fase 1 (4º ano),-1,,8.513,Topázio,2022,0.0,0.0,1,Moderada (−1 fase)
RA-816,Aluno-816,FASE 1,1P,,Feminino,2022,Pública,7.5,9.8,7.52,9.583333333,8.9,9.283333333,5.0,Fase 2 (5° e 6° ano),-1,,8.5572,Topázio,2023,1.0,1.0,1,Moderada (−1 fase)
RA-816,Aluno-816,2P,2P,11.0,Feminino,2022,Privada - Programa de Apadrinhamento,7.002,9.7727272725,7.51,9.166666667,9.25,8.786666667,10.0,Fase 2 (5° e 6° ano),0,Cursando,8.929745454599999,Topázio,2024,2.0,2.0,0,Adequada/adiantada (≥ 0)
RA-817,Aluno-817,0,S,8.0,Menina,2022,Escola Pública,10.0,8.7,6.3,,7.1,7.417,10.0,ALFA  (2º e 3º ano),0,,7.819,Ametista,2022,0.0,0.0,0,Adequada/adiantada (≥ 0)
RA-817,Aluno-817,FASE 1,1R,,Feminino,2022,Pública,9.5,8.8,6.89,8.125,5.4,7.89,10.0,Fase 1 (3° e 4° ano),0,,7.8597,Ametista,2023,1.0,1.0,0,Adequada/adiantada (≥ 0)
RA-818,Aluno-818,0,S,7.0,Menino,2022,Escola Pública,9.5,7.3,7.5,,6.2,7.5,10.0,ALFA  (2º e 3º ano),0,,7.483,Ametista,2022,0.0,0.0,0,Adequada/adiantada (≥ 0)
RA-818,Aluno-818,FASE 1,1R,,Masculino,2022,Pública,10.0,8.4,7.52,8.125,6.2,7.613333333,10.0,ALFA (1° e 2° ano),1,,7.997366667,Ametista,2023,1.0,1.0,0,Adequada/adiantada (≥ 0)
RA-819,Aluno-819,0,S,8.0,Menino,2022,Escola Pública,10.0,7.9,7.5,,7.3,7.333,10.0,ALFA  (2º e 3º ano),0,,7.741,Ametista,2022,0.0,0.0,0,Adequada/adiantada (≥ 0)
RA-819,Aluno-819,FASE 1,1P,9.0,Masculino,2022,Pública,0.0,8.3,7.52,8.541666667,9.5,8.893333333,10.0,Fase 1 (3° e 4° ano),0,,7.944833333,Ametista,2023,1.0,1.0,0,Adequada/adiantada (≥ 0)
RA-819,Aluno-819,2U,2U,10.0,Masculino,2022,Pública,10.002,7.784679089,7.51,8.4375,9.0,8.503333333,10.0,Fase 1 (3° e 4° ano),1,Cursando,8.652552484400001,Topázio,2024,2.0,2.0,0,Adequada/adiantada (≥ 0)
RA-82,Aluno-82,5,K,17.0,Menina,2022,Escola Pública,8.8,6.8,7.5,,5.5,6.417,5.0,Fase 7 (3º EM),-2,,6.596,Ágata,2022,5.0,0.0,1,Severa (≤ −2 fases)
RA-820,Aluno-820,0,T,9.0,Menino,2022,Escola Pública,9.5,10.0,6.9,,6.0,7.583,5.0,Fase 1 (4º ano),-1,,7.417,Ametista,2022,0.0,0.0,1,Moderada (−1 fase)
RA-820,Aluno-820,FASE 1,1F,10.0,Masculino,2022,Pública,7.9,7.4,7.52,9.0625,8.9,8.28,5.0,Fase 2 (5° e 6° ano),-1,,7.85605,Ametista,2023,1.0,1.0,1,Moderada (−1 fase)
RA-820,Aluno-820,2I,2I,11.0,Masculino,2022,Pública,10.002,6.573529412,7.51,8.333333333,6.25,6.386666667,10.0,Fase 2 (5° e 6° ano),0,Cursando,7.426572549100001,Ametista,2024,2.0,2.0,0,Adequada/adiantada (≥ 0)
RA-821,Aluno-821,0,T,10.0,Menino,2022,Escola Pública,9.0,7.0,7.5,,4.6,6.917,5.0,Fase 2 (5º e 6º ano),-2,,6.342,Ágata,2022,0.0,0.0,1,Severa (≤ −2 fases)
RA-821,Aluno-821,2A,2A,11.0,Masculino,2022,Pública,8.502,5.9166666665,7.51,6.666666667,4.25,6.713333333,10.0,Fase 2 (5° e 6° ano),0,Cursando,6.643866666600001,Ágata,2024,2.0,2.0,0,Adequada/adiantada (≥ 0)
RA-822,Aluno-822,0,T,10.0,Menino,2022,Escola Pública,8.0,8.4,7.5,,6.1,7.083,5.0,Fase 2 (5º e 6º ano),-2,,6.922,Ágata,2022,0.0,0.0,1,Severa (≤ −2 fases)
RA-822,Aluno-822,ALFA,ALFA I - G2/G3,,Masculino,2022,Pública,8.5,8.4,2.52,5.625,7.1,5.925,5.0,Fase 2 (5° e 6° ano),-2,,6.4497,Ágata,2023,0.0,1.0,1,Severa (≤ −2 fases)
RA-822,Aluno-822,1H,1H,12.0,Masculino,2022,Pública,0.0,4.6245059285,5.01,6.666666667,6.75,6.61,5.0,Fase 3 (7° e 8° ano),-2,Cursando,5.2645678524,Quartzo,2024,1.0,2.0,1,Severa (≤ −2 fases)
RA-823,Aluno-823,0,T,10.0,Menina,2021,Escola Pública,10.0,6.0,7.5,,2.8,7.167,5.0,Fase 2 (5º e 6º ano),-2,,5.989,Quartzo,2022,0.0,1.0,1,Severa (≤ −2 fases)
RA-824,Aluno-824,0,T,8.0,Menino,2022,Escola Pública,10.0,4.4,6.9,,6.0,7.333,10.0,ALFA  (2º e 3º ano),0,,6.799,Ágata,2022,0.0,0.0,0,Adequada/adiantada (≥ 0)
RA-825,Aluno-825,0,T,9.0,Menina,2021,Escola Pública,7.5,8.2,6.9,,7.6,7.917,5.0,Fase 1 (4º ano),-1,,7.25,Ametista,2022,0.0,1.0,1,Moderada (−1 fase)
RA-826,Aluno-826,0,U,8.0,Menino,2022,Escola Pública,9.5,9.6,7.5,,5.4,7.5,10.0,ALFA  (2º e 3º ano),0,,7.776,Ametista,2022,0.0,0.0,0,Adequada/adiantada (≥ 0)
RA-826,Aluno-826,ALFA,ALFA N - G2/G3,,Masculino,2022,Pública,10.0,10.0,3.77,7.8125,7.3,8.34,5.0,Fase 1 (3° e 4° ano),-1,,7.77645,Ametista,2023,0.0,1.0,1,Moderada (−1 fase)
RA-826,Aluno-826,1L,1L,10.0,Masculino,2022,Pública,10.002,10.0,6.26,7.5,6.75,8.59,5.0,Fase 2 (5° e 6° ano),-1,Cursando,7.9442,Ametista,2024,1.0,2.0,1,Moderada (−1 fase)
RA-827,Aluno-827,0,U,10.0,Menina,2022,Escola Pública,9.5,7.0,7.5,,7.6,8.667,5.0,Fase 2 (5º e 6º ano),-2,,7.412,Ametista,2022,0.0,0.0,1,Severa (≤ −2 fases)
RA-827,Aluno-827,FASE 1,1M,,Feminino,2022,Pública,7.9,8.1,3.14,8.28125,8.1,8.73,5.0,Fase 2 (5° e 6° ano),-1,,7.419925,Ametista,2023,1.0,1.0,1,Moderada (−1 fase)
RA-827,Aluno-827,2K,2K,12.0,Feminino,2022,Pública,10.002,9.782608695499999,5.01,7.65625,7.25,7.875,10.0,Fase 2 (5° e 6° ano),0,Cursando,8.2483467391,Topázio,2024,2.0,2.0,0,Adequada/adiantada (≥ 0)
RA-828,Aluno-828,0,U,9.0,Menina,2022,Escola Pública,9.5,7.1,7.5,,6.9,7.833,5.0,Fase 1 (4º ano),-1,,7.139,Ametista,2022,0.0,0.0,1,Moderada (−1 fase)
RA-829,Aluno-829,0,U,8.0,Menina,2022,Escola Pública,9.0,8.6,7.5,,7.8,7.5,10.0,ALFA  (2º e 3º ano),0,,8.003,Ametista,2022,0.0,0.0,0,Adequada/adiantada (≥ 0)
RA-829,Aluno-829,FASE 1,1M,9.0,Feminino,2022,Pública,9.0,9.4,3.14,9.21875,8.4,9.23,10.0,Fase 1 (3° e 4° ano),0,,8.532075,Topázio,2023,1.0,1.0,0,Adequada/adiantada (≥ 0)
RA-829,Aluno-829,2K,2K,10.0,Feminino,2022,Privada - Programa de Apadrinhamento,9.502,9.75,9.38,8.90625,8.0,9.215,10.0,Fase 1 (3° e 4° ano),1,Cursando,9.171825000000002,Topázio,2024,2.0,2.0,0,Adequada/adiantada (≥ 0)
RA-83,Aluno-83,5,K,17.0,Menina,2022,Escola Pública,7.9,6.8,7.5,,6.8,5.958,5.0,Fase 7 (3º EM),-2,,6.671,Ágata,2022,5.0,0.0,1,Severa (≤ −2 fases)
RA-830,Aluno-830,0,U,9.0,Menina,2022,Escola Pública,10.0,8.6,7.5,,6.0,7.5,5.0,Fase 1 (4º ano),-1,,7.234,Ametista,2022,0.0,0.0,1,Moderada (−1 fase)
RA-830,Aluno-830,ALFA,ALFA U - G2/G3,9.0,Feminino,2022,Pública,0.0,8.9,3.14,6.25,8.3,9.505,5.0,Fase 1 (3° e 4° ano),-1,,6.78,Ágata,2023,0.0,1.0,1,Moderada (−1 fase)
RA-830,Aluno-830,1L,1L,11.0,Feminino,2022,Pública,9.002,7.619047619,5.63,8.333333333,6.75,7.335,5.0,Fase 2 (5° e 6° ano),-1,Cursando,7.1373428571,Ametista,2024,1.0,2.0,1,Moderada (−1 fase)
RA-831,Aluno-831,0,U,9.0,Menino,2022,Escola Pública,9.5,9.2,7.5,,7.2,7.167,5.0,Fase 1 (4º ano),-1,,7.41,Ametista,2022,0.0,0.0,1,Moderada (−1 fase)
RA-831,Aluno-831,ALFA,ALFA N - G2/G3,9.0,Masculino,2022,Pública,8.0,9.4,3.77,7.8125,8.3,8.59,5.0,Fase 1 (3° e 4° ano),-1,,7.71645,Ametista,2023,0.0,1.0,1,Moderada (−1 fase)
RA-831,Aluno-831,1K,1K,10.0,Masculino,2022,Pública,10.002,9.523809524,6.26,7.916666667,7.75,8.17,5.0,Fase 2 (5° e 6° ano),-1,Cursando,8.0066285715,Topázio,2024,1.0,2.0,1,Moderada (−1 fase)
RA-832,Aluno-832,0,U,9.0,Menino,2022,Escola Pública,10.0,9.2,7.5,,8.8,8.833,5.0,Fase 1 (4º ano),-1,,8.179,Topázio,2022,0.0,0.0,1,Moderada (−1 fase)
RA-832,Aluno-832,FASE 1,1L,10.0,Masculino,2022,Pública,10.0,9.5,7.52,7.708333333,8.5,8.283333333,5.0,Fase 2 (5° e 6° ano),-1,,8.2697,Topázio,2023,1.0,1.0,1,Moderada (−1 fase)
RA-832,Aluno-832,2U,2U,11.0,Masculino,2022,Pública,9.002,8.695652174,7.51,7.5,8.0,7.5,10.0,Fase 2 (5° e 6° ano),0,Cursando,8.2403304348,Topázio,2024,2.0,2.0,0,Adequada/adiantada (≥ 0)
RA-833,Aluno-833,0,U,9.0,Menino,2022,Escola Pública,10.0,9.5,7.5,,7.8,7.583,5.0,Fase 1 (4º ano),-1,,7.791,Ametista,2022,0.0,0.0,1,Moderada (−1 fase)
RA-833,Aluno-833,FASE 1,1M,,Masculino,2022,Pública,10.0,9.5,3.77,8.4375,7.4,8.56,5.0,Fase 2 (5° e 6° ano),-1,,7.81295,Ametista,2023,1.0,1.0,1,Moderada (−1 fase)
RA-833,Aluno-833,2U,2U,11.0,Masculino,2022,Pública,9.002,9.3271221535,7.51,8.125,8.0,7.946666667,10.0,Fase 2 (5° e 6° ano),0,Cursando,8.5184577641,Topázio,2024,2.0,2.0,0,Adequada/adiantada (≥ 0)
RA-834,Aluno-834,0,U,9.0,Menino,2022,Escola Pública,9.0,9.0,7.5,,9.0,9.083,5.0,Fase 1 (4º ano),-1,,8.136,Topázio,2022,0.0,0.0,1,Moderada (−1 fase)
RA-834,Aluno-834,FASE 1,1N,,Masculino,2022,Pública,9.0,9.9,6.27,9.6875,9.2,9.283333333,5.0,Fase 2 (5° e 6° ano),-1,,8.662616667,Topázio,2023,1.0,1.0,1,Moderada (−1 fase)
RA-834,Aluno-834,2L,2L,11.0,Masculino,2022,Pública,8.002,9.109730849,6.26,7.708333333,8.75,8.723333333,10.0,Fase 2 (5° e 6° ano),0,Cursando,8.513646169700001,Topázio,2024,2.0,2.0,0,Adequada/adiantada (≥ 0)
RA-835,Aluno-835,0,V,8.0,Menino,2022,Escola Pública,6.9,7.3,7.5,,7.5,6.667,10.0,ALFA  (2º e 3º ano),0,,7.263,Ametista,2022,0.0,0.0,0,Adequada/adiantada (≥ 0)
RA-835,Aluno-835,ALFA,ALFA V - G0/G1,8.0,Masculino,2022,Pública,8.0,8.5,7.52,6.875,8.7,7.835,10.0,ALFA (1° e 2° ano),0,,8.2467,Topázio,2023,0.0,1.0,0,Adequada/adiantada (≥ 0)
RA-836,Aluno-836,0,V,9.0,Menino,2022,Escola Pública,8.5,8.3,7.5,,9.2,7.583,5.0,Fase 1 (4º ano),-1,,7.665,Ametista,2022,0.0,0.0,1,Moderada (−1 fase)
RA-836,Aluno-836,ALFA,ALFA G - G2/G3,,Masculino,2022,Pública,9.5,9.6,6.27,6.875,6.7,8.085,5.0,Fase 2 (5° e 6° ano),-2,,7.6417,Ametista,2023,0.0,1.0,1,Severa (≤ −2 fases)
RA-836,Aluno-836,1J,1J,11.0,Masculino,2022,Pública,9.502,6.439393939,7.51,7.34375,2.75,6.25,5.0,Fase 2 (5° e 6° ano),-1,Cursando,6.0234537878,Ágata,2024,1.0,2.0,1,Moderada (−1 fase)
RA-837,Aluno-837,0,V,8.0,Menino,2022,Escola Pública,8.5,9.0,7.5,,8.8,7.5,10.0,ALFA  (2º e 3º ano),0,,8.207,Topázio,2022,0.0,0.0,0,Adequada/adiantada (≥ 0)
RA-837,Aluno-837,FASE 1,1G,,Masculino,2022,Pública,9.0,9.3,7.52,7.916666667,7.0,7.836666667,10.0,Fase 1 (3° e 4° ano),0,,8.2712,Topázio,2023,1.0,1.0,0,Adequada/adiantada (≥ 0)
RA-837,Aluno-837,2G,2G,10.0,Masculino,2022,Pública,7.502,9.782608695499999,6.885,7.03125,6.75,7.5825,10.0,Fase 2 (5° e 6° ano),0,Cursando,7.9648467391,Ametista,2024,2.0,2.0,0,Adequada/adiantada (≥ 0)
RA-838,Aluno-838,0,V,9.0,Menino,2022,Escola Pública,10.0,7.4,7.5,,6.3,9.417,5.0,Fase 1 (4º ano),-1,,7.461,Ametista,2022,0.0,0.0,1,Moderada (−1 fase)
RA-839,Aluno-839,0,V,9.0,Menina,2022,Escola Pública,0.0,5.1,7.5,,5.4,6.583,5.0,Fase 1 (4º ano),-1,,5.198,Quartzo,2022,0.0,0.0,1,Moderada (−1 fase)
RA-84,Aluno-84,5,K,17.0,Menina,2018,Rede Decisão,7.1,8.8,5.0,,5.8,6.75,5.0,Fase 7 (3º EM),-2,,6.682,Ágata,2022,5.0,4.0,1,Severa (≤ −2 fases)
RA-84,Aluno-84,FASE 6,6L,,Feminino,2018,Privada - Programa de Apadrinhamento,0.0,8.8,2.52,7.8125,6.0,7.6725,5.0,Fase 8 (Universitários),-2,,6.034416667,Ágata,2023,6.0,5.0,1,Severa (≤ −2 fases)
RA-840,Aluno-840,0,V,8.0,Menino,2022,Escola Pública,9.0,8.2,7.5,,7.8,7.5,10.0,ALFA  (2º e 3º ano),0,,7.875,Ametista,2022,0.0,0.0,0,Adequada/adiantada (≥ 0)
RA-840,Aluno-840,ALFA,ALFA G - G2/G3,,Masculino,2022,Pública,9.5,9.0,4.38,7.5,8.2,8.59,5.0,Fase 1 (3° e 4° ano),-1,,7.7862,Ametista,2023,0.0,1.0,1,Moderada (−1 fase)
RA-840,Aluno-840,1G,1G,10.0,Masculino,2022,Pública,9.502,9.337121212,7.51,8.333333333,8.0,7.946666667,10.0,Fase 1 (3° e 4° ano),0,Cursando,8.5912909091,Topázio,2024,1.0,2.0,0,Adequada/adiantada (≥ 0)
RA-841,Aluno-841,0,V,11.0,Menino,2022,Escola Pública,8.5,8.5,7.5,,7.2,7.5,5.0,Fase 2 (5º e 6º ano),-2,,7.3,Ametista,2022,0.0,0.0,1,Severa (≤ −2 fases)
RA-841,Aluno-841,ALFA,ALFA G - G2/G3,11.0,Masculino,2022,Pública,0.0,7.2,7.52,7.5,6.9,9.84,5.0,Fase 2 (5° e 6° ano),-2,,6.78,Ágata,2023,0.0,1.0,1,Severa (≤ −2 fases)
RA-841,Aluno-841,2H,2H,12.0,Masculino,2022,Pública,10.002,6.3272311215000006,7.51,7.03125,3.25,5.83,5.0,Fase 3 (7° e 8° ano),-1,Cursando,6.035771224300001,Ágata,2024,2.0,2.0,1,Moderada (−1 fase)
RA-842,Aluno-842,0,Y,8.0,Menina,2022,Escola Pública,7.5,8.3,7.5,,9.1,8.25,10.0,ALFA  (2º e 3º ano),0,,7.952,Ametista,2022,0.0,0.0,0,Adequada/adiantada (≥ 0)
RA-842,Aluno-842,ALFA,ALFA E - G2/G3,9.0,Feminino,2022,Pública,9.0,8.5,3.77,5.625,7.9,8.01,5.0,Fase 1 (3° e 4° ano),-1,,7.2117,Ametista,2023,0.0,1.0,1,Moderada (−1 fase)
RA-842,Aluno-842,1G,1G,10.0,Feminino,2022,Pública,8.502,7.549407115,6.26,6.875,7.5,6.996666667,5.0,Fase 2 (5° e 6° ano),-1,Cursando,7.072914756400001,Ametista,2024,1.0,2.0,1,Moderada (−1 fase)
RA-843,Aluno-843,0,Y,8.0,Menina,2022,Escola Pública,8.5,9.0,7.5,,9.2,8.417,10.0,ALFA  (2º e 3º ano),0,,8.538,Topázio,2022,0.0,0.0,0,Adequada/adiantada (≥ 0)
RA-844,Aluno-844,0,Y,8.0,Menino,2022,Escola Pública,0.0,5.0,8.1,,5.9,8.333,10.0,ALFA  (2º e 3º ano),0,,6.253,Ágata,2022,0.0,0.0,0,Adequada/adiantada (≥ 0)
RA-845,Aluno-845,0,Y,8.0,Menina,2022,Escola Pública,10.0,8.8,7.5,,8.7,8.417,10.0,ALFA  (2º e 3º ano),0,,8.491,Topázio,2022,0.0,0.0,0,Adequada/adiantada (≥ 0)
RA-846,Aluno-846,0,Y,7.0,Menina,2022,Escola Pública,9.0,7.2,7.5,,5.9,7.917,10.0,ALFA  (2º e 3º ano),0,,7.412,Ametista,2022,0.0,0.0,0,Adequada/adiantada (≥ 0)
RA-846,Aluno-846,ALFA,ALFA E - G2/G3,8.0,Feminino,2022,Pública,9.5,8.2,3.77,5.625,6.0,8.67,10.0,ALFA (1° e 2° ano),0,,7.4637,Ametista,2023,0.0,1.0,0,Adequada/adiantada (≥ 0)
RA-847,Aluno-847,0,Y,9.0,Menino,2022,Escola Pública,7.9,8.2,4.4,,7.7,7.417,5.0,Fase 1 (4º ano),-1,,6.839,Ágata,2022,0.0,0.0,1,Moderada (−1 fase)
RA-847,Aluno-847,ALFA,ALFA E - G2/G3,10.0,Masculino,2022,Pública,7.9,9.1,2.52,5.0,7.6,5.84,5.0,Fase 2 (5° e 6° ano),-2,,6.5418,Ágata,2023,0.0,1.0,1,Severa (≤ −2 fases)
RA-847,Aluno-847,1D,1D,11.0,Masculino,2022,Pública,9.002,4.5454545455,5.01,7.5,1.0,6.245,5.0,Fase 2 (5° e 6° ano),-1,Cursando,5.009290909100001,Quartzo,2024,1.0,2.0,1,Moderada (−1 fase)
RA-848,Aluno-848,0,Y,9.0,Menino,2022,Escola Pública,9.5,7.0,7.5,,9.0,7.833,5.0,Fase 1 (4º ano),-1,,7.488,Ametista,2022,0.0,0.0,1,Moderada (−1 fase)
RA-849,Aluno-849,0,Y,9.0,Menino,2022,Escola Pública,8.5,8.3,7.5,,9.1,7.417,5.0,Fase 1 (4º ano),-1,,7.369,Ametista,2022,0.0,0.0,1,Moderada (−1 fase)
RA-85,Aluno-85,5,K,15.0,Menino,2022,Escola Pública,6.7,7.3,5.0,,4.3,5.833,10.0,Fase 5 (1º EM),0,,6.243,Ágata,2022,5.0,0.0,0,Adequada/adiantada (≥ 0)
RA-85,Aluno-85,FASE 5,5C,16.0,Masculino,2022,Pública,8.8,8.9,6.27,5.9375,5.7,7.8425,5.0,Fase 6 (2° EM),-1,,7.08435,Ametista,2023,5.0,1.0,1,Moderada (−1 fase)
RA-85,Aluno-85,5N,5N,17.0,Masculino,2022,Pública,8.334,8.668046928999999,3.755,6.25,7.666666666666667,6.993333333,5.0,Fase 7 (3° EM),-2,Cursando,6.999509385733333,Ágata,2024,5.0,2.0,1,Severa (≤ −2 fases)
RA-850,Aluno-850,0,Y,8.0,Menino,2022,Escola Pública,10.0,7.3,7.5,,8.5,7.167,10.0,ALFA  (2º e 3º ano),0,,7.641,Ametista,2022,0.0,0.0,0,Adequada/adiantada (≥ 0)
RA-850,Aluno-850,ALFA,ALFA D - G2/G3,9.0,Masculino,2022,Pública,0.0,7.9,6.26,6.5625,7.3,6.265,5.0,Fase 1 (3° e 4° ano),-1,,6.06525,Ágata,2023,0.0,1.0,1,Moderada (−1 fase)
RA-850,Aluno-850,1C,1C,10.0,Masculino,2022,Pública,10.002,9.2727272725,6.255,7.5,7.75,7.92,5.0,Fase 2 (5° e 6° ano),-1,Cursando,7.864245454500001,Ametista,2024,1.0,2.0,1,Moderada (−1 fase)
RA-851,Aluno-851,0,Y,8.0,Menino,2022,Escola Pública,9.0,7.9,7.5,,8.3,6.583,10.0,ALFA  (2º e 3º ano),0,,7.515,Ametista,2022,0.0,0.0,0,Adequada/adiantada (≥ 0)
RA-851,Aluno-851,ALFA,ALFA E - G2/G3,,Masculino,2022,Pública,8.4,7.5,2.52,5.625,6.6,6.01,5.0,Fase 1 (3° e 4° ano),-1,,6.1683,Ágata,2023,0.0,1.0,1,Moderada (−1 fase)
RA-851,Aluno-851,1B,1B,10.0,Masculino,2022,Pública,9.002,7.3221343875,5.63,5.625,6.0,5.106666667,5.0,Fase 2 (5° e 6° ano),-1,Cursando,6.2114602109,Ágata,2024,1.0,2.0,1,Moderada (−1 fase)
RA-852,Aluno-852,0,Z,7.0,Menina,2022,Escola Pública,9.0,6.8,5.0,,2.1,5.5,10.0,ALFA  (2º e 3º ano),0,,5.666,Quartzo,2022,0.0,0.0,0,Adequada/adiantada (≥ 0)
RA-853,Aluno-853,0,Z,8.0,Menina,2022,Escola Pública,10.0,9.6,7.5,,8.5,8.5,10.0,ALFA  (2º e 3º ano),0,,8.616,Topázio,2022,0.0,0.0,0,Adequada/adiantada (≥ 0)
RA-853,Aluno-853,ALFA,ALFA J - G2/G3,9.0,Feminino,2022,Pública,10.0,9.5,3.77,6.25,7.4,9.84,5.0,Fase 1 (3° e 4° ano),-1,,7.8402,Ametista,2023,0.0,1.0,1,Moderada (−1 fase)
RA-853,Aluno-853,1G,1G,10.0,Feminino,2022,Pública,8.502,9.5833333335,6.26,8.333333333,6.25,7.553333333,10.0,Fase 1 (3° e 4° ano),0,Cursando,7.986866666600001,Ametista,2024,1.0,2.0,0,Adequada/adiantada (≥ 0)
RA-854,Aluno-854,0,Z,8.0,Menina,2022,Escola Pública,8.0,9.0,7.5,,9.3,7.167,10.0,ALFA  (2º e 3º ano),0,,8.098,Topázio,2022,0.0,0.0,0,Adequada/adiantada (≥ 0)
RA-854,Aluno-854,ALFA,ALFA J - G2/G3,,Feminino,2022,Pública,0.0,9.5,3.77,5.625,6.0,8.01,10.0,ALFA (1° e 2° ano),0,,6.6415,Ágata,2023,0.0,1.0,0,Adequada/adiantada (≥ 0)
RA-854,Aluno-854,1G,1G,9.0,Feminino,2022,Pública,9.502,10.0,6.26,5.833333333,7.0,6.333333333,10.0,Fase 1 (3° e 4° ano),0,Cursando,7.826199999900001,Ametista,2024,1.0,2.0,0,Adequada/adiantada (≥ 0)
RA-855,Aluno-855,0,Z,9.0,Menina,2022,Escola Pública,10.0,9.6,7.5,,9.7,9.0,5.0,Fase 1 (4º ano),-1,,8.453,Topázio,2022,0.0,0.0,1,Moderada (−1 fase)
RA-855,Aluno-855,FASE 1,1F,9.0,Feminino,2022,Pública,9.5,10.0,7.52,8.4375,6.8,8.67,10.0,Fase 1 (3° e 4° ano),0,,8.62995,Topázio,2023,1.0,1.0,0,Adequada/adiantada (≥ 0)
RA-855,Aluno-855,2I,2I,10.0,Feminino,2022,Pública,9.002,10.0,7.51,7.5,8.5,7.386666667,10.0,Fase 2 (5° e 6° ano),0,Cursando,8.578533333400001,Topázio,2024,2.0,2.0,0,Adequada/adiantada (≥ 0)
RA-856,Aluno-856,0,Z,7.0,Menino,2022,Escola Pública,10.0,9.1,7.5,,8.4,8.0,10.0,ALFA  (2º e 3º ano),0,,8.398,Topázio,2022,0.0,0.0,0,Adequada/adiantada (≥ 0)
RA-856,Aluno-856,ALFA,ALFA J - G2/G3,,Masculino,2022,Pública,0.0,9.6,7.52,5.625,7.3,8.255,10.0,ALFA (1° e 2° ano),0,,7.3355,Ametista,2023,0.0,1.0,0,Adequada/adiantada (≥ 0)
RA-857,Aluno-857,0,Z,9.0,Menina,2022,Escola Pública,8.5,8.9,7.5,,9.5,9.083,5.0,Fase 1 (4º ano),-1,,8.154,Topázio,2022,0.0,0.0,1,Moderada (−1 fase)
RA-857,Aluno-857,ALFA,ALFA D - G2/G3,9.0,Feminino,2022,Pública,8.5,9.0,7.52,7.5,8.5,9.01,5.0,Fase 1 (3° e 4° ano),-1,,8.1442,Topázio,2023,0.0,1.0,1,Moderada (−1 fase)
RA-858,Aluno-858,0,Z,7.0,Menino,2022,Escola Pública,10.0,7.1,5.6,,7.7,7.333,10.0,ALFA  (2º e 3º ano),0,,7.523,Ametista,2022,0.0,0.0,0,Adequada/adiantada (≥ 0)
RA-858,Aluno-858,ALFA,ALFA F - G0/G1,,Masculino,2022,Pública,0.0,8.1,3.77,8.125,9.3,7.946666667,10.0,ALFA (1° e 2° ano),0,,7.248833333,Ametista,2023,0.0,1.0,0,Adequada/adiantada (≥ 0)
RA-858,Aluno-858,ALFA,ALFA J - G2/G3,9.0,Masculino,2022,Pública,9.002,6.833333333500001,2.51,7.5,8.25,7.5,5.0,Fase 1 (3° e 4° ano),-1,Cursando,6.917866666700001,Ágata,2024,0.0,2.0,1,Moderada (−1 fase)
RA-859,Aluno-859,0,Z,7.0,Menina,2022,Escola Pública,8.5,8.7,7.5,,8.9,8.25,10.0,ALFA  (2º e 3º ano),0,,8.325,Topázio,2022,0.0,0.0,0,Adequada/adiantada (≥ 0)
RA-859,Aluno-859,ALFA,ALFA J - G2/G3,8.0,Feminino,2022,Pública,8.0,9.2,7.52,7.5,7.3,10.01,10.0,ALFA (1° e 2° ano),0,,8.6042,Topázio,2023,0.0,1.0,0,Adequada/adiantada (≥ 0)
RA-859,Aluno-859,1G,1G,9.0,Feminino,2022,Pública,8.002,9.337121212,7.51,8.958333333,8.0,8.336666667,10.0,Fase 1 (3° e 4° ano),0,Cursando,8.5817909091,Topázio,2024,1.0,2.0,0,Adequada/adiantada (≥ 0)
RA-86,Aluno-86,5,K,16.0,Menino,2016,Rede Decisão,7.5,9.6,5.6,,6.7,8.458,5.0,Fase 6 (2º EM),-1,,7.566,Ametista,2022,5.0,6.0,1,Moderada (−1 fase)
RA-86,Aluno-86,FASE 7,7E,,Masculino,2016,Privada *Parcerias com Bolsa 100%,8.3,,6.89,,,,10.0,Fase 7 (3° EM),0,,,,2023,7.0,7.0,0,Adequada/adiantada (≥ 0)
RA-86,Aluno-86,7E,7E,18.0,Masculino,2021,Privada *Parcerias com Bolsa 100%,6.667,9.704333333,6.57,7.5,5.483333333333333,7.5,10.0,Fase 7 (3° EM),0,Cursando,7.611233333266666,Ametista,2024,7.0,3.0,0,Adequada/adiantada (≥ 0)
RA-860,Aluno-860,0,Z,7.0,Menino,2022,Escola Pública,9.5,8.5,7.5,,8.1,7.75,10.0,ALFA  (2º e 3º ano),0,,8.136,Topázio,2022,0.0,0.0,0,Adequada/adiantada (≥ 0)
RA-860,Aluno-860,ALFA,ALFA G - G2/G3,,Masculino,2022,Pública,7.0,9.8,6.89,7.5,7.4,8.34,10.0,ALFA (1° e 2° ano),0,,8.2372,Topázio,2023,0.0,1.0,0,Adequada/adiantada (≥ 0)
RA-860,Aluno-860,1G,1G,9.0,Masculino,2022,Pública,9.002,9.7916666665,7.51,8.75,8.5,7.946666667,10.0,Fase 1 (3° e 4° ano),0,Cursando,8.7738666667,Topázio,2024,1.0,2.0,0,Adequada/adiantada (≥ 0)
RA-861,Aluno-861,ALFA,ALFA A - G0/G1,8.0,Feminino,2023,Pública,9.5,10.0,8.13,8.4375,9.6,8.92,10.0,ALFA (1° e 2° ano),0,,9.31095,Topázio,2023,0.0,0.0,0,Adequada/adiantada (≥ 0)
RA-861,Aluno-861,ALFA,ALFA B - G2/G3,9.0,Feminino,2023,Pública,9.502,10.0,7.51,8.125,10.0,9.73,5.0,Fase 1 (3° e 4° ano),-1,Cursando,8.959700000000002,Topázio,2024,0.0,1.0,1,Moderada (−1 fase)
RA-862,Aluno-862,ALFA,ALFA A - G0/G1,9.0,Masculino,2023,Pública,8.5,9.1,8.14,7.5,8.9,8.585,5.0,Fase 1 (3° e 4° ano),-1,,8.2212,Topázio,2023,0.0,0.0,1,Moderada (−1 fase)
RA-862,Aluno-862,ALFA,ALFA B - G2/G3,10.0,Masculino,2023,Pública,9.002,8.6136363635,7.51,7.1875,7.5,6.27,5.0,Fase 2 (5° e 6° ano),-2,Cursando,7.346677272700001,Ametista,2024,0.0,1.0,1,Severa (≤ −2 fases)
RA-863,Aluno-863,ALFA,ALFA A - G0/G1,7.0,Masculino,2023,Pública,0.0,7.6,3.14,5.9375,6.3,6.26,10.0,ALFA (1° e 2° ano),0,,5.92975,Quartzo,2023,0.0,0.0,0,Adequada/adiantada (≥ 0)
RA-863,Aluno-863,ALFA,ALFA E - G2/G3,8.0,Masculino,2023,Pública,8.502,3.159090909,2.51,4.6875,5.5,4.333333333,5.0,Fase 1 (3° e 4° ano),-1,Cursando,4.6684348484000004,Quartzo,2024,0.0,1.0,1,Moderada (−1 fase)
RA-864,Aluno-864,ALFA,ALFA A - G0/G1,,Feminino,2023,Pública,0.0,7.6,8.14,7.5,6.3,8.5,10.0,ALFA (1° e 2° ano),0,,7.034,Ametista,2023,0.0,0.0,0,Adequada/adiantada (≥ 0)
RA-865,Aluno-865,ALFA,ALFA A - G0/G1,8.0,Masculino,2023,Pública,8.5,8.7,7.52,7.5,7.4,7.915,10.0,ALFA (1° e 2° ano),0,,8.1552,Topázio,2023,0.0,0.0,0,Adequada/adiantada (≥ 0)
RA-866,Aluno-866,ALFA,ALFA A - G0/G1,,Feminino,2023,Pública,0.0,8.3,8.76,7.5,8.6,8.415,10.0,ALFA (1° e 2° ano),0,,7.679,Ametista,2023,0.0,0.0,0,Adequada/adiantada (≥ 0)
RA-867,Aluno-867,ALFA,ALFA A - G0/G1,8.0,Masculino,2023,Pública,9.0,8.6,8.76,7.5,8.9,8.415,10.0,ALFA (1° e 2° ano),0,,8.6992,Topázio,2023,0.0,0.0,0,Adequada/adiantada (≥ 0)
RA-867,Aluno-867,ALFA,ALFA B - G2/G3,9.0,Masculino,2023,Pública,9.002,7.409090909,7.51,7.5,8.5,7.5,5.0,Fase 1 (3° e 4° ano),-1,Cursando,7.583018181800001,Ametista,2024,0.0,1.0,1,Moderada (−1 fase)
RA-868,Aluno-868,ALFA,ALFA A - G0/G1,,Masculino,2023,Pública,10.0,9.5,8.76,7.1875,7.1,8.67,10.0,ALFA (1° e 2° ano),0,,8.63895,Topázio,2023,0.0,0.0,0,Adequada/adiantada (≥ 0)
RA-868,Aluno-868,ALFA,ALFA A - G0/G1,8.0,Masculino,2023,Pública,8.002,9.75,3.76,6.875,7.0,7.213333333,5.0,Fase 1 (3° e 4° ano),-1,Cursando,7.156366666600001,Ametista,2024,0.0,1.0,1,Moderada (−1 fase)
RA-869,Aluno-869,ALFA,ALFA A - G0/G1,8.0,Feminino,2023,Pública,9.0,10.0,8.76,8.125,9.6,8.75,10.0,ALFA (1° e 2° ano),0,,9.2587,Topázio,2023,0.0,0.0,0,Adequada/adiantada (≥ 0)
RA-87,Aluno-87,5,K,15.0,Menino,2021,Rede Decisão,8.3,9.6,7.5,,8.8,8.5,10.0,Fase 5 (1º EM),0,,8.712,Topázio,2022,5.0,1.0,0,Adequada/adiantada (≥ 0)
RA-87,Aluno-87,FASE 6,6L,16.0,Masculino,2021,Privada - Programa de Apadrinhamento,7.5,10.0,5.63,8.125,9.3,8.385,10.0,Fase 6 (2° EM),0,,8.6625,Topázio,2023,6.0,2.0,0,Adequada/adiantada (≥ 0)
RA-87,Aluno-87,7A,7A,17.0,Masculino,2021,Privada - Programa de Apadrinhamento,8.751,9.649122807,9.375,9.375,9.166666666666666,9.623333333,10.0,Fase 6 (2° EM),1,Cursando,9.437924561333332,Topázio,2024,7.0,3.0,0,Adequada/adiantada (≥ 0)
RA-870,Aluno-870,ALFA,ALFA A - G0/G1,9.0,Feminino,2023,Pública,0.0,8.5,8.76,5.0,1.5,5.165,5.0,Fase 1 (3° e 4° ano),-1,,4.909,Quartzo,2023,0.0,0.0,1,Moderada (−1 fase)
RA-871,Aluno-871,ALFA,ALFA B - G2/G3,9.0,Masculino,2023,Pública,9.0,9.5,3.76,4.375,6.9,6.84,5.0,Fase 1 (3° e 4° ano),-1,,6.8617,Ágata,2023,0.0,0.0,1,Moderada (−1 fase)
RA-871,Aluno-871,1B,1B,10.0,Masculino,2023,Pública,8.502,9.328063240999999,4.38,5.3125,7.25,5.783333333,10.0,Fase 1 (3° e 4° ano),0,Cursando,7.2917293147999995,Ametista,2024,1.0,1.0,0,Adequada/adiantada (≥ 0)
RA-872,Aluno-872,ALFA,ALFA B - G2/G3,10.0,Feminino,2023,Pública,0.0,6.7,2.52,6.25,4.3,8.5,5.0,Fase 2 (5° e 6° ano),-2,,5.267,Quartzo,2023,0.0,0.0,1,Severa (≤ −2 fases)
RA-873,Aluno-873,ALFA,ALFA B - G2/G3,,Feminino,2023,Pública,8.5,9.7,7.52,6.25,7.0,8.67,5.0,Fase 2 (5° e 6° ano),-2,,7.8012,Ametista,2023,0.0,0.0,1,Severa (≤ −2 fases)
RA-873,Aluno-873,1B,1B,12.0,Feminino,2023,Pública,8.002,10.0,6.88,7.1875,6.75,7.77,5.0,Fase 3 (7° e 8° ano),-2,Cursando,7.61095,Ametista,2024,1.0,1.0,1,Severa (≤ −2 fases)
RA-874,Aluno-874,ALFA,ALFA B - G2/G3,9.0,Masculino,2023,Pública,0.0,8.2,7.52,6.25,4.8,6.67,5.0,Fase 1 (3° e 4° ano),-1,,5.811,Quartzo,2023,0.0,0.0,1,Moderada (−1 fase)
RA-874,Aluno-874,1E,1E,10.0,Masculino,2023,Pública,9.502,4.696969697,6.26,8.75,7.75,7.915,5.0,Fase 2 (5° e 6° ano),-1,Cursando,7.0235939394,Ametista,2024,1.0,1.0,1,Moderada (−1 fase)
RA-875,Aluno-875,ALFA,ALFA B - G2/G3,9.0,Masculino,2023,Pública,9.5,9.5,7.52,7.5,7.3,9.845,5.0,Fase 1 (3° e 4° ano),-1,,8.2712,Topázio,2023,0.0,0.0,1,Moderada (−1 fase)
RA-876,Aluno-876,ALFA,ALFA B - G2/G3,,Masculino,2023,Pública,10.0,9.4,7.52,7.5,7.5,8.835,10.0,ALFA (1° e 2° ano),0,,8.6492,Topázio,2023,0.0,0.0,0,Adequada/adiantada (≥ 0)
RA-876,Aluno-876,1K,1K,9.0,Masculino,2023,Pública,8.502,9.0476190475,7.51,8.333333333,3.75,8.09,10.0,Fase 1 (3° e 4° ano),0,Cursando,7.612057142800001,Ametista,2024,1.0,1.0,0,Adequada/adiantada (≥ 0)
RA-877,Aluno-877,ALFA,ALFA B - G2/G3,9.0,Masculino,2023,Pública,9.5,9.5,7.52,5.0,6.9,7.5,5.0,Fase 1 (3° e 4° ano),-1,,7.4722,Ametista,2023,0.0,0.0,1,Moderada (−1 fase)
RA-878,Aluno-878,ALFA,ALFA B - G2/G3,10.0,Masculino,2023,Pública,0.0,9.5,2.52,5.0,8.1,7.34,5.0,Fase 2 (5° e 6° ano),-2,,6.24,Ágata,2023,0.0,0.0,1,Severa (≤ −2 fases)
RA-878,Aluno-878,1B,1B,11.0,Masculino,2023,Pública,9.002,6.1363636360000005,4.38,7.1875,6.75,6.996666667,5.0,Fase 2 (5° e 6° ano),-1,Cursando,6.5335560606000005,Ágata,2024,1.0,1.0,1,Moderada (−1 fase)
RA-879,Aluno-879,ALFA,ALFA B - G2/G3,,Feminino,2023,Pública,0.0,9.8,2.52,6.875,8.2,8.915,5.0,Fase 1 (3° e 4° ano),-1,,6.8225,Ágata,2023,0.0,0.0,1,Moderada (−1 fase)
RA-879,Aluno-879,1A,1A,10.0,Feminino,2023,Pública,9.502,9.090909091,6.26,7.8125,8.5,8.67,5.0,Fase 2 (5° e 6° ano),-1,Cursando,8.1096318182,Topázio,2024,1.0,1.0,1,Moderada (−1 fase)
RA-88,Aluno-88,5,K,17.0,Menino,2021,Escola Pública,7.1,9.2,5.6,,6.5,9.208,5.0,Fase 7 (3º EM),-2,,7.498,Ametista,2022,5.0,1.0,1,Severa (≤ −2 fases)
RA-88,Aluno-88,FASE 8,8E,18.0,Masculino,2021,Privada - Pagamento por *Empresa Parceira,,,,,,,10.0,Fase 8 (Universitários),0,,,,2023,8.0,2.0,0,Adequada/adiantada (≥ 0)
RA-88,Aluno-88,8E,8E,19.0,Masculino,2021,Privada *Parcerias com Bolsa 100%,,0.0,,,,,10.0,Fase 8 (Universitários),0,Cursando,,,2024,8.0,3.0,0,Adequada/adiantada (≥ 0)
RA-880,Aluno-880,ALFA,ALFA B - G2/G3,7.0,Feminino,2023,Pública,0.0,9.4,2.52,6.25,6.3,8.585,10.0,ALFA (1° e 2° ano),0,,6.724,Ágata,2023,0.0,0.0,0,Adequada/adiantada (≥ 0)
RA-880,Aluno-880,ALFA,ALFA E - G2/G3,8.0,Feminino,2023,Pública,9.502,8.445652174,2.51,7.1875,6.5,7.22,5.0,Fase 1 (3° e 4° ano),-1,Cursando,6.853080434800001,Ágata,2024,0.0,1.0,1,Moderada (−1 fase)
RA-881,Aluno-881,ALFA,ALFA B - G2/G3,8.0,Masculino,2023,Pública,10.0,8.9,7.52,5.0,7.3,6.25,10.0,ALFA (1° e 2° ano),0,,7.7322,Ametista,2023,0.0,0.0,0,Adequada/adiantada (≥ 0)
RA-882,Aluno-882,ALFA,ALFA C - G0/G1,8.0,Feminino,2023,Pública,9.0,8.6,2.52,3.75,4.7,4.16,10.0,ALFA (1° e 2° ano),0,,6.0092,Ágata,2023,0.0,0.0,0,Adequada/adiantada (≥ 0)
RA-883,Aluno-883,ALFA,ALFA C - G0/G1,,Feminino,2023,Pública,9.5,9.7,6.89,6.25,8.4,8.17,10.0,ALFA (1° e 2° ano),0,,8.5082,Topázio,2023,0.0,0.0,0,Adequada/adiantada (≥ 0)
RA-884,Aluno-884,ALFA,ALFA C - G0/G1,,Feminino,2023,Pública,9.0,9.7,4.39,6.875,8.8,8.66,10.0,ALFA (1° e 2° ano),0,,8.4587,Topázio,2023,0.0,0.0,0,Adequada/adiantada (≥ 0)
RA-884,Aluno-884,ALFA,ALFA B - G2/G3,8.0,Feminino,2023,Pública,10.002,8.818181818,6.26,7.5,8.75,8.223333333,5.0,Fase 1 (3° e 4° ano),-1,Cursando,8.0345030302,Topázio,2024,0.0,1.0,1,Moderada (−1 fase)
RA-885,Aluno-885,ALFA,ALFA C - G0/G1,7.0,Masculino,2023,Pública,9.0,9.8,7.52,7.5,8.7,8.665,10.0,ALFA (1° e 2° ano),0,,8.8252,Topázio,2023,0.0,0.0,0,Adequada/adiantada (≥ 0)
RA-885,Aluno-885,ALFA,ALFA D - G2/G3,9.0,Masculino,2023,Pública,8.502,10.0,7.51,7.5,8.5,8.28,5.0,Fase 1 (3° e 4° ano),-1,Cursando,8.2072,Topázio,2024,0.0,1.0,1,Moderada (−1 fase)
RA-886,Aluno-886,ALFA,ALFA C - G0/G1,,Feminino,2023,Pública,8.5,9.4,7.52,7.5,8.1,9.0,10.0,ALFA (1° e 2° ano),0,,8.6422,Topázio,2023,0.0,0.0,0,Adequada/adiantada (≥ 0)
RA-886,Aluno-886,ALFA,ALFA E - G2/G3,8.0,Feminino,2023,Pública,9.502,10.0,8.13,7.5,8.75,8.28,5.0,Fase 1 (3° e 4° ano),-1,Cursando,8.419200000000002,Topázio,2024,0.0,1.0,1,Moderada (−1 fase)
RA-887,Aluno-887,ALFA,ALFA C - G0/G1,8.0,Masculino,2023,Pública,8.9,8.9,7.52,7.5,8.4,9.09,10.0,ALFA (1° e 2° ano),0,,8.6718,Topázio,2023,0.0,0.0,0,Adequada/adiantada (≥ 0)
RA-888,Aluno-888,ALFA,ALFA C - G0/G1,,Masculino,2023,Pública,9.0,10.0,7.52,7.5,8.8,8.83,10.0,ALFA (1° e 2° ano),0,,8.9182,Topázio,2023,0.0,0.0,0,Adequada/adiantada (≥ 0)
RA-888,Aluno-888,ALFA,ALFA D - G2/G3,8.0,Masculino,2023,Pública,9.002,10.0,6.88,7.5,8.5,8.28,5.0,Fase 1 (3° e 4° ano),-1,Cursando,8.1942,Topázio,2024,0.0,1.0,1,Moderada (−1 fase)
RA-889,Aluno-889,ALFA,ALFA C - G0/G1,,Masculino,2023,Pública,8.5,9.5,6.89,7.5,9.1,9.0,10.0,ALFA (1° e 2° ano),0,,8.8092,Topázio,2023,0.0,0.0,0,Adequada/adiantada (≥ 0)
RA-889,Aluno-889,ALFA,ALFA B - G2/G3,9.0,Masculino,2023,Pública,8.502,9.2954545455,6.26,7.5,9.75,8.28,5.0,Fase 1 (3° e 4° ano),-1,Cursando,8.191290909100001,Topázio,2024,0.0,1.0,1,Moderada (−1 fase)
RA-89,Aluno-89,5,K,16.0,Menino,2021,Escola Pública,9.6,7.8,7.5,,5.9,8.0,5.0,Fase 6 (2º EM),-1,,7.323,Ametista,2022,5.0,1.0,1,Moderada (−1 fase)
RA-89,Aluno-89,FASE 6,6L,17.0,Masculino,2021,Pública,8.3,8.1,5.0,7.34375,5.1,7.465,5.0,Fase 7 (3° EM),-1,,6.700775,Ágata,2023,6.0,2.0,1,Moderada (−1 fase)
RA-890,Aluno-890,ALFA,ALFA C - G0/G1,8.0,Masculino,2023,Pública,0.0,9.1,2.52,6.25,8.3,8.16,10.0,ALFA (1° e 2° ano),0,,6.989,Ágata,2023,0.0,0.0,0,Adequada/adiantada (≥ 0)
RA-891,Aluno-891,ALFA,ALFA C - G0/G1,,Feminino,2023,Pública,9.5,9.5,6.89,7.5,7.5,7.995,5.0,Fase 1 (3° e 4° ano),-1,,7.8882,Ametista,2023,0.0,0.0,1,Moderada (−1 fase)
RA-891,Aluno-891,ALFA,ALFA B - G2/G3,10.0,Feminino,2023,Pública,10.002,9.0454545455,6.26,7.5,8.75,8.003333333,5.0,Fase 1 (3° e 4° ano),-1,Cursando,8.035957575700001,Topázio,2024,0.0,1.0,1,Moderada (−1 fase)
RA-892,Aluno-892,ALFA,ALFA D - G2/G3,8.0,Masculino,2023,Pública,8.0,9.6,6.89,7.5,8.3,10.01,10.0,ALFA (1° e 2° ano),0,,8.8112,Topázio,2023,0.0,0.0,0,Adequada/adiantada (≥ 0)
RA-892,Aluno-892,1C,1C,9.0,Masculino,2023,Pública,8.002,10.0,7.51,8.125,8.75,7.92,10.0,Fase 1 (3° e 4° ano),0,Cursando,8.697700000000001,Topázio,2024,1.0,1.0,0,Adequada/adiantada (≥ 0)
RA-893,Aluno-893,ALFA,ALFA D - G2/G3,,Masculino,2023,Pública,9.5,10.0,7.52,7.5,9.3,10.01,5.0,Fase 1 (3° e 4° ano),-1,,8.8042,Topázio,2023,0.0,0.0,1,Moderada (−1 fase)
RA-893,Aluno-893,1B,1B,10.0,Masculino,2023,Pública,9.002,10.0,7.51,8.125,9.25,7.886666667,10.0,Fase 1 (3° e 4° ano),0,Cursando,8.8910333334,Topázio,2024,1.0,1.0,0,Adequada/adiantada (≥ 0)
RA-894,Aluno-894,ALFA,ALFA D - G2/G3,9.0,Feminino,2023,Pública,9.5,9.9,7.52,7.5,9.4,10.01,5.0,Fase 1 (3° e 4° ano),-1,,8.8142,Topázio,2023,0.0,0.0,1,Moderada (−1 fase)
RA-894,Aluno-894,1C,1C,10.0,Feminino,2023,Pública,10.002,10.0,7.51,8.4375,9.5,8.42,5.0,Fase 2 (5° e 6° ano),-1,Cursando,8.67895,Topázio,2024,1.0,1.0,1,Moderada (−1 fase)
RA-895,Aluno-895,ALFA,ALFA D - G2/G3,8.0,Feminino,2023,Pública,9.5,9.5,7.52,6.875,6.8,9.5,10.0,ALFA (1° e 2° ano),0,,8.5397,Topázio,2023,0.0,0.0,0,Adequada/adiantada (≥ 0)
RA-895,Aluno-895,ALFA,ALFA B - G2/G3,9.0,Feminino,2023,Pública,9.502,9.5454545455,6.26,7.5,9.5,8.113333333,5.0,Fase 1 (3° e 4° ano),-1,Cursando,8.2579575757,Topázio,2024,0.0,1.0,1,Moderada (−1 fase)
RA-896,Aluno-896,ALFA,ALFA D - G2/G3,7.0,Masculino,2023,Pública,9.5,10.0,6.89,7.5,8.5,10.01,10.0,ALFA (1° e 2° ano),0,,9.0912,Topázio,2023,0.0,0.0,0,Adequada/adiantada (≥ 0)
RA-896,Aluno-896,1C,1C,8.0,Masculino,2023,Pública,8.502,9.7727272725,7.51,8.125,6.5,8.085,10.0,Fase 1 (3° e 4° ano),0,Cursando,8.2852454545,Topázio,2024,1.0,1.0,0,Adequada/adiantada (≥ 0)
RA-897,Aluno-897,ALFA,ALFA D - G2/G3,,Masculino,2023,Pública,0.0,8.1,7.52,6.5625,6.5,3.32,5.0,Fase 1 (3° e 4° ano),-1,,5.48225,Quartzo,2023,0.0,0.0,1,Moderada (−1 fase)
RA-897,Aluno-897,ALFA,ALFA I - G2/G3,10.0,Masculino,2023,Pública,7.002,2.7525252525,2.51,6.875,6.0,6.66,5.0,Fase 1 (3° e 4° ano),-1,Cursando,5.2212050505,Quartzo,2024,0.0,1.0,1,Moderada (−1 fase)
RA-898,Aluno-898,ALFA,ALFA E - G2/G3,,Masculino,2023,Pública,9.0,9.8,3.77,8.125,9.4,10.01,5.0,Fase 1 (3° e 4° ano),-1,,8.4217,Topázio,2023,0.0,0.0,1,Moderada (−1 fase)
RA-898,Aluno-898,1B,1B,10.0,Masculino,2023,Pública,6.418,10.0,7.51,7.5,7.5,8.616666667,5.0,Fase 2 (5° e 6° ano),-1,Cursando,7.8661333334000005,Ametista,2024,1.0,1.0,1,Moderada (−1 fase)
RA-899,Aluno-899,ALFA,ALFA E - G2/G3,8.0,Masculino,2023,Pública,10.0,9.8,3.77,7.5,9.5,9.34,10.0,ALFA (1° e 2° ano),0,,8.8452,Topázio,2023,0.0,0.0,0,Adequada/adiantada (≥ 0)
RA-899,Aluno-899,1B,1B,9.0,Masculino,2023,Pública,10.002,9.1007905135,5.635,8.125,8.25,7.893333333,10.0,Fase 1 (3° e 4° ano),0,Cursando,8.425024769300002,Topázio,2024,1.0,1.0,0,Adequada/adiantada (≥ 0)
RA-9,Aluno-9,7,A,18.0,Menina,2019,Escola Pública,8.8,9.5,7.5,,6.7,9.5,5.0,Fase 8 (Universitários),-1,,8.109,Topázio,2022,7.0,3.0,1,Moderada (−1 fase)
RA-90,Aluno-90,5,L,13.0,Menina,2019,Rede Decisão,10.0,9.7,9.4,,8.5,9.75,10.0,Fase 3 (7º e 8º ano),2,,9.442,Topázio,2022,5.0,3.0,0,Adequada/adiantada (≥ 0)
RA-90,Aluno-90,FASE 5,5L,14.0,Feminino,2019,Privada - Programa de Apadrinhamento,10.0,9.6,7.52,8.59375,7.7,8.1725,10.0,Fase 4 (9° ano),1,,8.699408333,Topázio,2023,5.0,4.0,0,Adequada/adiantada (≥ 0)
RA-90,Aluno-90,7E,7E,15.0,Feminino,2021,Privada *Parcerias com Bolsa 100%,10.002,9.0,6.885,7.5,8.066666666666666,7.5,10.0,Fase 5 (1° EM),2,Cursando,8.352033333333335,Topázio,2024,7.0,3.0,0,Adequada/adiantada (≥ 0)
RA-900,Aluno-900,ALFA,ALFA E - G2/G3,8.0,Feminino,2023,Pública,9.0,9.8,9.38,8.125,7.8,8.67,10.0,ALFA (1° e 2° ano),0,,8.8947,Topázio,2023,0.0,0.0,0,Adequada/adiantada (≥ 0)
RA-900,Aluno-900,1B,1B,9.0,Feminino,2023,Pública,9.002,9.318181818,8.13,8.125,8.5,8.563333333,10.0,Fase 1 (3° e 4° ano),0,Cursando,8.802003030200002,Topázio,2024,1.0,1.0,0,Adequada/adiantada (≥ 0)
RA-901,Aluno-901,ALFA,ALFA E - G2/G3,10.0,Masculino,2023,Pública,8.5,8.7,3.77,6.25,7.5,8.595,5.0,Fase 2 (5° e 6° ano),-2,,7.3112,Ametista,2023,0.0,0.0,1,Severa (≤ −2 fases)
RA-902,Aluno-902,ALFA,ALFA E - G2/G3,12.0,Masculino,2023,Pública,10.0,9.3,2.52,5.3125,3.9,6.5,2.5,Fase 3 (7° e 8° ano),-3,,5.97345,Quartzo,2023,0.0,0.0,1,Severa (≤ −2 fases)
RA-903,Aluno-903,ALFA,ALFA E - G2/G3,,Feminino,2023,Pública,10.0,9.6,5.02,7.5,7.8,9.01,10.0,ALFA (1° e 2° ano),0,,8.5242,Topázio,2023,0.0,0.0,0,Adequada/adiantada (≥ 0)
RA-903,Aluno-903,1B,1B,9.0,Feminino,2023,Pública,10.002,9.7727272725,7.505,7.8125,5.0,7.946666667,10.0,Fase 1 (3° e 4° ano),0,Cursando,8.0758287879,Topázio,2024,1.0,1.0,0,Adequada/adiantada (≥ 0)
RA-904,Aluno-904,ALFA,ALFA F - G0/G1,,Feminino,2023,Pública,9.0,9.3,7.52,7.8125,6.4,7.836666667,10.0,ALFA (1° e 2° ano),0,,8.140783333,Topázio,2023,0.0,0.0,0,Adequada/adiantada (≥ 0)
RA-904,Aluno-904,ALFA,ALFA F - G0/G1,8.0,Feminino,2023,Pública,9.502,8.75,7.51,7.5,6.0,8.67,5.0,Fase 1 (3° e 4° ano),-1,Cursando,7.6352,Ametista,2024,0.0,1.0,1,Moderada (−1 fase)
RA-905,Aluno-905,ALFA,ALFA F - G0/G1,9.0,Masculino,2023,Pública,9.5,9.4,7.52,6.875,8.3,7.056666667,5.0,Fase 1 (3° e 4° ano),-1,,7.831033333,Ametista,2023,0.0,0.0,1,Moderada (−1 fase)
RA-905,Aluno-905,ALFA,ALFA J - G2/G3,10.0,Masculino,2023,Pública,9.002,7.7794117645,7.51,6.875,3.0,6.99,5.0,Fase 2 (5° e 6° ano),-2,Cursando,6.3925823529,Ágata,2024,0.0,1.0,1,Severa (≤ −2 fases)
RA-906,Aluno-906,ALFA,ALFA F - G0/G1,,Masculino,2023,Pública,7.5,9.2,7.52,7.5,8.6,6.95,10.0,ALFA (1° e 2° ano),0,,8.1922,Topázio,2023,0.0,0.0,0,Adequada/adiantada (≥ 0)
RA-907,Aluno-907,ALFA,ALFA F - G0/G1,8.0,Feminino,2023,Privada,9.5,9.6,7.52,8.125,9.3,8.336666667,10.0,ALFA (1° e 2° ano),0,,8.962033333,Topázio,2023,0.0,0.0,0,Adequada/adiantada (≥ 0)
RA-907,Aluno-907,ALFA,ALFA J - G2/G3,9.0,Feminino,2023,Privada,9.002,8.9444444445,7.51,7.5,8.75,7.5,5.0,Fase 1 (3° e 4° ano),-1,Cursando,7.9400888889,Ametista,2024,0.0,1.0,1,Moderada (−1 fase)
RA-908,Aluno-908,ALFA,ALFA F - G0/G1,,Feminino,2023,Pública,9.0,9.0,7.52,8.125,7.9,8.223333333,10.0,ALFA (1° e 2° ano),0,,8.479366667,Topázio,2023,0.0,0.0,0,Adequada/adiantada (≥ 0)
RA-908,Aluno-908,ALFA,ALFA I - G2/G3,9.0,Feminino,2023,Pública,8.502,8.14171123,7.51,7.1875,4.75,6.83,5.0,Fase 1 (3° e 4° ano),-1,Cursando,6.764292246,Ágata,2024,0.0,1.0,1,Moderada (−1 fase)
RA-909,Aluno-909,ALFA,ALFA F - G0/G1,10.0,Feminino,2023,Pública,10.0,9.9,7.52,8.125,9.2,8.056666667,5.0,Fase 2 (5° e 6° ano),-2,,8.486033333,Topázio,2023,0.0,0.0,1,Severa (≤ −2 fases)
RA-909,Aluno-909,ALFA,ALFA J - G2/G3,11.0,Feminino,2023,Pública,10.002,8.1666666665,7.51,6.875,8.25,7.5,5.0,Fase 2 (5° e 6° ano),-2,Cursando,7.722033333300001,Ametista,2024,0.0,1.0,1,Severa (≤ −2 fases)
RA-91,Aluno-91,5,L,16.0,Menina,2016,Rede Decisão,9.2,5.7,5.6,,6.6,7.125,5.0,Fase 6 (2º EM),-1,,6.645,Ágata,2022,5.0,6.0,1,Moderada (−1 fase)
RA-91,Aluno-91,FASE 6,6L,,Feminino,2016,Privada - Programa de Apadrinhamento,10.0,7.4,6.89,7.8125,7.4,7.4675,5.0,Fase 7 (3° EM),-1,,7.42395,Ametista,2023,6.0,7.0,1,Moderada (−1 fase)
RA-91,Aluno-91,6L,6L,18.0,Feminino,2021,Privada - Programa de Apadrinhamento,10.002,7.476190476333334,5.635,7.875,7.333333333333333,8.068,5.0,Fase 7 (3° EM),-1,Cursando,7.426704761933335,Ametista,2024,6.0,3.0,1,Moderada (−1 fase)
RA-910,Aluno-910,ALFA,ALFA F - G0/G1,8.0,Masculino,2023,Pública,0.0,8.8,7.52,8.75,8.9,8.17,10.0,ALFA (1° e 2° ano),0,,7.801,Ametista,2023,0.0,0.0,0,Adequada/adiantada (≥ 0)
RA-910,Aluno-910,1G,1G,9.0,Masculino,2023,Pública,8.502,8.674242424500001,7.51,7.916666667,7.5,7.443333333,10.0,Fase 1 (3° e 4° ano),0,Cursando,8.1163818182,Topázio,2024,1.0,1.0,0,Adequada/adiantada (≥ 0)
RA-911,Aluno-911,ALFA,ALFA G - G2/G3,11.0,Masculino,2023,Pública,9.0,6.7,2.52,5.3125,3.4,7.01,5.0,Fase 2 (5° e 6° ano),-2,,5.59545,Quartzo,2023,0.0,0.0,1,Severa (≤ −2 fases)
RA-911,Aluno-911,1G,1G,12.0,Masculino,2023,Pública,8.002,4.772727273,7.51,6.041666667,4.5,4.726666667,5.0,Fase 3 (7° e 8° ano),-2,Cursando,5.4552454547,Quartzo,2024,1.0,1.0,1,Severa (≤ −2 fases)
RA-912,Aluno-912,ALFA,ALFA G - G2/G3,9.0,Feminino,2023,Pública,7.0,9.4,7.52,5.625,6.3,7.175,5.0,Fase 1 (3° e 4° ano),-1,,7.0797,Ametista,2023,0.0,0.0,1,Moderada (−1 fase)
RA-912,Aluno-912,ALFA,ALFA G - G2/G3,10.0,Feminino,2023,Pública,9.002,9.4736842105,7.51,8.125,7.25,6.943333333,5.0,Fase 2 (5° e 6° ano),-2,Cursando,7.697103508700001,Ametista,2024,0.0,1.0,1,Severa (≤ −2 fases)
RA-913,Aluno-913,ALFA,ALFA H - G0/G1,,Feminino,2023,Pública,8.0,8.5,6.89,6.25,7.9,9.245,5.0,Fase 2 (5° e 6° ano),-2,,7.7432,Ametista,2023,0.0,0.0,1,Severa (≤ −2 fases)
RA-914,Aluno-914,ALFA,ALFA H - G0/G1,8.0,Feminino,2023,Pública,10.0,9.2,7.52,6.25,8.7,8.67,10.0,ALFA (1° e 2° ano),0,,8.6912,Topázio,2023,0.0,0.0,0,Adequada/adiantada (≥ 0)
RA-915,Aluno-915,ALFA,ALFA H - G0/G1,,Feminino,2023,Pública,10.0,8.4,7.52,7.5,8.4,8.67,10.0,ALFA (1° e 2° ano),0,,8.5962,Topázio,2023,0.0,0.0,0,Adequada/adiantada (≥ 0)
RA-916,Aluno-916,ALFA,ALFA H - G0/G1,9.0,Feminino,2023,Pública,9.5,9.7,2.52,6.25,6.6,9.005,5.0,Fase 1 (3° e 4° ano),-1,,7.3882,Ametista,2023,0.0,0.0,1,Moderada (−1 fase)
RA-916,Aluno-916,ALFA,ALFA I - G2/G3,10.0,Feminino,2023,Pública,8.502,7.3320158105,2.51,6.5625,2.75,6.16,5.0,Fase 2 (5° e 6° ano),-2,Cursando,5.5058531621,Quartzo,2024,0.0,1.0,1,Severa (≤ −2 fases)
RA-917,Aluno-917,ALFA,ALFA H - G0/G1,7.0,Feminino,2023,Pública,0.0,7.2,2.52,6.25,7.0,6.35,10.0,ALFA (1° e 2° ano),0,,5.987,Quartzo,2023,0.0,0.0,0,Adequada/adiantada (≥ 0)
RA-918,Aluno-918,ALFA,ALFA H - G0/G1,7.0,Feminino,2023,Pública,10.0,8.7,2.52,5.625,7.7,7.01,10.0,ALFA (1° e 2° ano),0,,7.4967,Ametista,2023,0.0,0.0,0,Adequada/adiantada (≥ 0)
RA-918,Aluno-918,ALFA,ALFA G - G2/G3,8.0,Feminino,2023,Pública,7.918,8.697368421,2.51,5.9375,2.75,6.156666667,5.0,Fase 1 (3° e 4° ano),-1,Cursando,5.657357017600001,Quartzo,2024,0.0,1.0,1,Moderada (−1 fase)
RA-919,Aluno-919,ALFA,ALFA H - G0/G1,9.0,Masculino,2023,Pública,0.0,8.4,7.52,6.25,5.3,8.09,5.0,Fase 1 (3° e 4° ano),-1,,6.225,Ágata,2023,0.0,0.0,1,Moderada (−1 fase)
RA-919,Aluno-919,ALFA,ALFA I - G2/G3,10.0,Masculino,2023,Pública,7.002,4.692513369,6.255,6.875,5.25,6.49,5.0,Fase 2 (5° e 6° ano),-2,Cursando,5.799702673800001,Quartzo,2024,0.0,1.0,1,Severa (≤ −2 fases)
RA-92,Aluno-92,5,L,16.0,Menina,2016,Rede Decisão,9.2,7.1,5.0,,7.4,6.667,5.0,Fase 6 (2º EM),-1,,6.957,Ágata,2022,5.0,6.0,1,Moderada (−1 fase)
RA-92,Aluno-92,FASE 6,6L,,Feminino,2016,Privada - Programa de Apadrinhamento,9.6,9.4,5.63,7.1875,6.7,7.045,5.0,Fase 7 (3° EM),-1,,7.375916667,Ametista,2023,6.0,7.0,1,Moderada (−1 fase)
RA-92,Aluno-92,7A,7A,18.0,Feminino,2021,Privada - Programa de Apadrinhamento,10.002,8.769145085,7.51,7.8125,7.5,6.33,10.0,Fase 7 (3° EM),0,Cursando,8.052279017,Topázio,2024,7.0,3.0,0,Adequada/adiantada (≥ 0)
RA-920,Aluno-920,ALFA,ALFA H - G0/G1,8.0,Feminino,2023,Pública,9.0,6.3,7.52,5.625,6.1,6.35,10.0,ALFA (1° e 2° ano),0,,6.9647,Ágata,2023,0.0,0.0,0,Adequada/adiantada (≥ 0)
RA-920,Aluno-920,ALFA,ALFA G - G2/G3,9.0,Feminino,2023,Pública,9.502,7.6710526315,7.51,7.1875,8.25,8.226666667,5.0,Fase 1 (3° e 4° ano),-1,Cursando,7.7494938597,Ametista,2024,0.0,1.0,1,Moderada (−1 fase)
RA-921,Aluno-921,ALFA,ALFA I - G2/G3,7.0,Feminino,2023,Pública,9.0,9.7,7.52,5.625,6.3,6.68,10.0,ALFA (1° e 2° ano),0,,7.7407,Ametista,2023,0.0,0.0,0,Adequada/adiantada (≥ 0)
RA-921,Aluno-921,ALFA,ALFA I - G2/G3,8.0,Feminino,2023,Pública,8.502,8.6631016045,7.51,7.5,6.0,7.5,5.0,Fase 1 (3° e 4° ano),-1,Cursando,7.2838203209,Ametista,2024,0.0,1.0,1,Moderada (−1 fase)
RA-922,Aluno-922,ALFA,ALFA I - G2/G3,,Feminino,2023,Pública,8.5,9.7,3.14,7.5,8.4,10.01,10.0,ALFA (1° e 2° ano),0,,8.5262,Topázio,2023,0.0,0.0,0,Adequada/adiantada (≥ 0)
RA-922,Aluno-922,1C,1C,9.0,Feminino,2023,Pública,9.002,9.5227272725,7.51,7.8125,7.75,8.17,10.0,Fase 1 (3° e 4° ano),0,Cursando,8.5209954545,Topázio,2024,1.0,1.0,0,Adequada/adiantada (≥ 0)
RA-923,Aluno-923,ALFA,ALFA I - G2/G3,,Feminino,2023,Pública,9.5,9.9,7.52,7.5,7.3,10.01,10.0,ALFA (1° e 2° ano),0,,8.8842,Topázio,2023,0.0,0.0,0,Adequada/adiantada (≥ 0)
RA-923,Aluno-923,1D,1D,9.0,Feminino,2023,Pública,8.002,7.9545454545,7.51,8.125,5.5,8.17,10.0,Fase 1 (3° e 4° ano),0,Cursando,7.688609090900001,Ametista,2024,1.0,1.0,0,Adequada/adiantada (≥ 0)
RA-924,Aluno-924,ALFA,ALFA I - G2/G3,,Masculino,2023,Pública,9.0,5.6,7.52,5.625,5.0,5.93,10.0,ALFA (1° e 2° ano),0,,6.5207,Ágata,2023,0.0,0.0,0,Adequada/adiantada (≥ 0)
RA-924,Aluno-924,ALFA,ALFA I - G2/G3,9.0,Masculino,2023,Pública,7.002,4.598930481,7.51,7.1875,7.0,7.415,5.0,Fase 1 (3° e 4° ano),-1,Cursando,6.4727360962,Ágata,2024,0.0,1.0,1,Moderada (−1 fase)
RA-925,Aluno-925,ALFA,ALFA I - G2/G3,,Masculino,2023,Pública,9.0,8.9,7.52,5.625,5.4,5.595,10.0,ALFA (1° e 2° ano),0,,7.1837,Ametista,2023,0.0,0.0,0,Adequada/adiantada (≥ 0)
RA-925,Aluno-925,ALFA,ALFA I - G2/G3,8.0,Masculino,2023,Pública,8.002,7.005347594,7.51,7.1875,4.75,7.33,5.0,Fase 1 (3° e 4° ano),-1,Cursando,6.587019518800001,Ágata,2024,0.0,1.0,1,Moderada (−1 fase)
RA-926,Aluno-926,ALFA,ALFA J - G2/G3,9.0,Feminino,2023,Pública,9.0,10.0,3.77,7.5,6.8,9.51,5.0,Fase 1 (3° e 4° ano),-1,,7.7792,Ametista,2023,0.0,0.0,1,Moderada (−1 fase)
RA-926,Aluno-926,1G,1G,10.0,Feminino,2023,Pública,9.002,9.7727272725,7.51,8.333333333,7.0,7.22,5.0,Fase 2 (5° e 6° ano),-1,Cursando,7.7830787878,Ametista,2024,1.0,1.0,1,Moderada (−1 fase)
RA-927,Aluno-927,ALFA,ALFA J - G2/G3,,Feminino,2023,Pública,9.0,9.7,3.77,7.5,6.4,9.255,5.0,Fase 1 (3° e 4° ano),-1,,7.5982,Ametista,2023,0.0,0.0,1,Moderada (−1 fase)
RA-927,Aluno-927,1G,1G,10.0,Feminino,2023,Pública,8.002,9.318181818,7.51,8.333333333,6.5,7.22,10.0,Fase 1 (3° e 4° ano),0,Cursando,7.9921696969000005,Ametista,2024,1.0,1.0,0,Adequada/adiantada (≥ 0)
RA-928,Aluno-928,ALFA,ALFA K - G0/G1,8.0,Feminino,2023,Pública,8.5,10.0,7.52,8.75,9.8,9.67,10.0,ALFA (1° e 2° ano),0,,9.3712,Topázio,2023,0.0,0.0,0,Adequada/adiantada (≥ 0)
RA-928,Aluno-928,1K,1K,9.0,Feminino,2023,Pública,8.002,10.0,7.51,8.541666667,8.75,8.59,10.0,Fase 1 (3° e 4° ano),0,Cursando,8.8733666667,Topázio,2024,1.0,1.0,0,Adequada/adiantada (≥ 0)
RA-929,Aluno-929,ALFA,ALFA K - G0/G1,8.0,Feminino,2023,Pública,8.5,9.8,7.52,8.75,8.8,9.67,10.0,ALFA (1° e 2° ano),0,,9.1312,Topázio,2023,0.0,0.0,0,Adequada/adiantada (≥ 0)
RA-929,Aluno-929,ALFA,ALFA O - G2/G3,9.0,Feminino,2023,Pública,9.002,9.4736842105,7.51,8.125,6.75,7.58,5.0,Fase 1 (3° e 4° ano),-1,Cursando,7.7244368421,Ametista,2024,0.0,1.0,1,Moderada (−1 fase)
RA-93,Aluno-93,5,L,15.0,Menina,2016,Rede Decisão,8.3,9.7,8.1,,8.5,9.083,10.0,Fase 5 (1º EM),0,,8.941,Topázio,2022,5.0,6.0,0,Adequada/adiantada (≥ 0)
RA-93,Aluno-93,FASE 7,7E,16.0,Feminino,2016,Privada - Programa de Apadrinhamento,7.9,,3.14,,,,10.0,Fase 6 (2° EM),1,,,,2023,7.0,7.0,0,Adequada/adiantada (≥ 0)
RA-93,Aluno-93,7E,7E,17.0,Feminino,2021,Privada - Programa de Apadrinhamento,9.168,9.931666667,6.2575,7.5,7.483333333333333,7.5,10.0,Fase 6 (2° EM),1,Cursando,8.275550000066668,Topázio,2024,7.0,3.0,0,Adequada/adiantada (≥ 0)
RA-930,Aluno-930,ALFA,ALFA K - G0/G1,8.0,Masculino,2023,Pública,9.0,8.8,7.52,8.75,9.0,9.0,10.0,ALFA (1° e 2° ano),0,,8.8872,Topázio,2023,0.0,0.0,0,Adequada/adiantada (≥ 0)
RA-930,Aluno-930,ALFA,ALFA O - G2/G3,9.0,Masculino,2023,Pública,8.502,9.7368421055,7.51,7.8125,8.0,7.5,5.0,Fase 1 (3° e 4° ano),-1,Cursando,7.9298184211,Ametista,2024,0.0,1.0,1,Moderada (−1 fase)
RA-931,Aluno-931,ALFA,ALFA K - G0/G1,,Masculino,2023,Pública,8.5,8.2,2.52,5.625,7.8,7.6,10.0,ALFA (1° e 2° ano),0,,7.3747,Ametista,2023,0.0,0.0,0,Adequada/adiantada (≥ 0)
RA-931,Aluno-931,ALFA,ALFA K - G0/G1,9.0,Masculino,2023,Pública,7.918,8.5833333335,2.51,7.5,8.5,6.83,5.0,Fase 1 (3° e 4° ano),-1,Cursando,7.075466666700001,Ametista,2024,0.0,1.0,1,Moderada (−1 fase)
RA-932,Aluno-932,ALFA,ALFA K - G0/G1,7.0,Feminino,2023,Pública,9.5,7.9,7.52,8.125,7.5,9.0,10.0,ALFA (1° e 2° ano),0,,8.3847,Topázio,2023,0.0,0.0,0,Adequada/adiantada (≥ 0)
RA-933,Aluno-933,ALFA,ALFA K - G0/G1,8.0,Feminino,2023,Pública,9.0,8.4,7.52,8.75,7.7,9.67,10.0,ALFA (1° e 2° ano),0,,8.6712,Topázio,2023,0.0,0.0,0,Adequada/adiantada (≥ 0)
RA-934,Aluno-934,ALFA,ALFA K - G0/G1,8.0,Feminino,2023,Pública,9.0,9.6,7.52,9.375,8.7,9.67,10.0,ALFA (1° e 2° ano),0,,9.1737,Topázio,2023,0.0,0.0,0,Adequada/adiantada (≥ 0)
RA-934,Aluno-934,ALFA,ALFA L - G2/G3,9.0,Feminino,2023,Pública,9.502,9.75,7.51,9.375,8.5,7.75,5.0,Fase 1 (3° e 4° ano),-1,Cursando,8.338700000000001,Topázio,2024,0.0,1.0,1,Moderada (−1 fase)
RA-935,Aluno-935,ALFA,ALFA K - G0/G1,9.0,Masculino,2023,Pública,0.0,9.8,7.52,9.375,9.4,9.67,5.0,Fase 1 (3° e 4° ano),-1,,7.9535,Ametista,2023,0.0,0.0,1,Moderada (−1 fase)
RA-935,Aluno-935,ALFA,ALFA O - G2/G3,10.0,Masculino,2023,Pública,9.502,10.0,7.51,8.75,8.5,7.83,5.0,Fase 1 (3° e 4° ano),-1,Cursando,8.3422,Topázio,2024,0.0,1.0,1,Moderada (−1 fase)
RA-936,Aluno-936,ALFA,ALFA K - G0/G1,,Feminino,2023,Pública,9.0,10.0,7.52,8.125,6.5,8.915,10.0,ALFA (1° e 2° ano),0,,8.5477,Topázio,2023,0.0,0.0,0,Adequada/adiantada (≥ 0)
RA-937,Aluno-937,ALFA,ALFA K - G0/G1,,Feminino,2023,Pública,9.5,9.6,7.52,9.375,9.2,9.67,10.0,ALFA (1° e 2° ano),0,,9.3237,Topázio,2023,0.0,0.0,0,Adequada/adiantada (≥ 0)
RA-937,Aluno-937,ALFA,ALFA O - G2/G3,9.0,Feminino,2023,Pública,10.002,10.0,9.38,8.75,7.5,7.83,5.0,Fase 1 (3° e 4° ano),-1,Cursando,8.3792,Topázio,2024,0.0,1.0,1,Moderada (−1 fase)
RA-938,Aluno-938,ALFA,ALFA K - G0/G1,,Masculino,2023,Pública,8.5,8.4,7.52,6.25,4.2,7.5,5.0,Fase 1 (3° e 4° ano),-1,,6.7372,Ágata,2023,0.0,0.0,1,Moderada (−1 fase)
RA-938,Aluno-938,ALFA,ALFA L - G2/G3,10.0,Masculino,2023,Pública,9.502,9.544513457499999,7.51,8.125,7.75,7.665,5.0,Fase 1 (3° e 4° ano),-1,Cursando,8.0056026915,Topázio,2024,0.0,1.0,1,Moderada (−1 fase)
RA-939,Aluno-939,ALFA,ALFA L - G2/G3,,Feminino,2023,Pública,9.0,10.0,7.52,7.5,5.4,10.01,5.0,Fase 2 (5° e 6° ano),-2,,7.9742,Ametista,2023,0.0,0.0,1,Severa (≤ −2 fases)
RA-939,Aluno-939,1N,1N,12.0,Feminino,2023,Pública,9.002,8.8833992095,5.63,8.125,5.0,7.495,5.0,Fase 2 (5° e 6° ano),-1,Cursando,7.051379841899999,Ametista,2024,1.0,1.0,1,Moderada (−1 fase)
RA-94,Aluno-94,5,L,15.0,Menina,2018,Rede Decisão,8.3,9.6,8.1,,7.7,9.583,10.0,Fase 5 (1º EM),0,,8.921,Topázio,2022,5.0,4.0,0,Adequada/adiantada (≥ 0)
RA-94,Aluno-94,FASE 5,5L,,Feminino,2018,Privada - Programa de Apadrinhamento,7.5,9.6,2.52,8.75,7.2,7.795,5.0,Fase 6 (2° EM),-1,,7.289333333,Ametista,2023,5.0,5.0,1,Moderada (−1 fase)
RA-94,Aluno-94,6L,6L,17.0,Feminino,2021,Privada - Programa de Apadrinhamento,10.002,9.666666666666666,6.26,8.375,8.0,8.2,10.0,Fase 6 (2° EM),0,Cursando,8.637033333333335,Topázio,2024,6.0,3.0,0,Adequada/adiantada (≥ 0)
RA-940,Aluno-940,ALFA,ALFA L - G2/G3,,Masculino,2023,Pública,9.0,8.4,2.52,6.25,6.3,7.02,5.0,Fase 2 (5° e 6° ano),-2,,6.6112,Ágata,2023,0.0,0.0,1,Severa (≤ −2 fases)
RA-941,Aluno-941,ALFA,ALFA L - G2/G3,,Feminino,2023,Pública,8.0,10.0,7.52,5.0,5.0,8.175,10.0,ALFA (1° e 2° ano),0,,7.6872,Ametista,2023,0.0,0.0,0,Adequada/adiantada (≥ 0)
RA-941,Aluno-941,ALFA,ALFA L - G2/G3,9.0,Feminino,2023,Pública,8.002,9.25,5.01,8.125,8.75,7.665,5.0,Fase 1 (3° e 4° ano),-1,Cursando,7.746700000000001,Ametista,2024,0.0,1.0,1,Moderada (−1 fase)
RA-942,Aluno-942,ALFA,ALFA L - G2/G3,10.0,Feminino,2023,Pública,9.5,8.9,2.52,5.625,7.1,7.0,5.0,Fase 2 (5° e 6° ano),-2,,6.8547,Ágata,2023,0.0,0.0,1,Severa (≤ −2 fases)
RA-943,Aluno-943,ALFA,ALFA L - G2/G3,,Feminino,2023,Pública,9.5,9.4,7.52,7.5,8.0,9.925,10.0,ALFA (1° e 2° ano),0,,8.9172,Topázio,2023,0.0,0.0,0,Adequada/adiantada (≥ 0)
RA-943,Aluno-943,1L,1L,9.0,Feminino,2023,Pública,10.002,10.0,7.51,8.958333333,8.0,8.59,10.0,Fase 1 (3° e 4° ano),0,Cursando,8.965033333300001,Topázio,2024,1.0,1.0,0,Adequada/adiantada (≥ 0)
RA-944,Aluno-944,ALFA,ALFA M - G0/G1,9.0,Feminino,2023,Pública,9.0,7.6,7.52,5.625,7.5,6.67,5.0,Fase 1 (3° e 4° ano),-1,,7.0687,Ametista,2023,0.0,0.0,1,Moderada (−1 fase)
RA-944,Aluno-944,ALFA,ALFA L - G2/G3,10.0,Feminino,2023,Pública,9.002,7.25,7.51,8.75,9.0,7.75,5.0,Fase 2 (5° e 6° ano),-2,Cursando,7.8262,Ametista,2024,0.0,1.0,1,Severa (≤ −2 fases)
RA-945,Aluno-945,ALFA,ALFA M - G0/G1,,Masculino,2023,Pública,8.5,9.2,7.52,6.875,7.9,6.84,10.0,ALFA (1° e 2° ano),0,,8.0777,Topázio,2023,0.0,0.0,0,Adequada/adiantada (≥ 0)
RA-945,Aluno-945,ALFA,ALFA N - G2/G3,9.0,Masculino,2023,Pública,9.002,9.511904762,2.51,7.5,8.75,6.83,5.0,Fase 1 (3° e 4° ano),-1,Cursando,7.4195809524000005,Ametista,2024,0.0,1.0,1,Moderada (−1 fase)
RA-946,Aluno-946,ALFA,ALFA M - G0/G1,,Masculino,2023,Pública,9.5,9.4,7.52,7.5,9.3,7.0,10.0,ALFA (1° e 2° ano),0,,8.5822,Topázio,2023,0.0,0.0,0,Adequada/adiantada (≥ 0)
RA-946,Aluno-946,ALFA,ALFA N - G2/G3,8.0,Masculino,2023,Pública,9.502,8.7976190475,2.51,7.5,4.5,7.835,5.0,Fase 1 (3° e 4° ano),-1,Cursando,6.677723809500001,Ágata,2024,0.0,1.0,1,Moderada (−1 fase)
RA-947,Aluno-947,ALFA,ALFA M - G0/G1,,Masculino,2023,Pública,9.0,7.9,7.52,4.375,3.3,5.08,10.0,ALFA (1° e 2° ano),0,,6.3457,Ágata,2023,0.0,0.0,0,Adequada/adiantada (≥ 0)
RA-947,Aluno-947,ALFA,ALFA M - G0/G1,9.0,Masculino,2023,Pública,9.002,7.619047619,7.51,5.625,4.5,4.58,5.0,Fase 1 (3° e 4° ano),-1,Cursando,6.053509523800001,Ágata,2024,0.0,1.0,1,Moderada (−1 fase)
RA-948,Aluno-948,ALFA,ALFA M - G0/G1,8.0,Feminino,2023,Pública,9.0,7.6,7.52,6.875,0.0,8.34,10.0,ALFA (1° e 2° ano),0,,6.5277,Ágata,2023,0.0,0.0,0,Adequada/adiantada (≥ 0)
RA-949,Aluno-949,ALFA,ALFA M - G0/G1,,Feminino,2023,Pública,9.5,8.1,7.52,6.25,8.9,6.5,10.0,ALFA (1° e 2° ano),0,,8.0172,Topázio,2023,0.0,0.0,0,Adequada/adiantada (≥ 0)
RA-949,Aluno-949,ALFA,ALFA N - G2/G3,9.0,Feminino,2023,Pública,9.002,8.7857142855,7.51,6.25,6.5,6.495,5.0,Fase 1 (3° e 4° ano),-1,Cursando,7.1323428571,Ametista,2024,0.0,1.0,1,Moderada (−1 fase)
RA-95,Aluno-95,5,L,17.0,Menina,2022,Escola Pública,8.3,6.6,7.5,,4.8,6.292,5.0,Fase 7 (3º EM),-2,,6.308,Ágata,2022,5.0,0.0,1,Severa (≤ −2 fases)
RA-950,Aluno-950,ALFA,ALFA M - G0/G1,8.0,Feminino,2023,Pública,9.0,10.0,7.52,7.5,9.3,8.17,10.0,ALFA (1° e 2° ano),0,,8.8862,Topázio,2023,0.0,0.0,0,Adequada/adiantada (≥ 0)
RA-950,Aluno-950,ALFA,ALFA N - G2/G3,9.0,Feminino,2023,Pública,9.502,9.023809524,7.51,6.875,7.0,8.0,5.0,Fase 1 (3° e 4° ano),-1,Cursando,7.693461904800001,Ametista,2024,0.0,1.0,1,Moderada (−1 fase)
RA-951,Aluno-951,ALFA,ALFA M - G0/G1,7.0,Feminino,2023,Pública,9.5,9.7,7.52,7.5,8.4,9.09,10.0,ALFA (1° e 2° ano),0,,8.8902,Topázio,2023,0.0,0.0,0,Adequada/adiantada (≥ 0)
RA-951,Aluno-951,ALFA,ALFA N - G2/G3,8.0,Feminino,2023,Privada,10.002,9.0357142855,2.51,6.25,4.0,7.325,5.0,Fase 1 (3° e 4° ano),-1,Cursando,6.4483428571,Ágata,2024,0.0,1.0,1,Moderada (−1 fase)
RA-952,Aluno-952,ALFA,ALFA N - G2/G3,8.0,Masculino,2023,Pública,9.5,9.2,3.77,7.1875,9.0,8.425,10.0,ALFA (1° e 2° ano),0,,8.37095,Topázio,2023,0.0,0.0,0,Adequada/adiantada (≥ 0)
RA-952,Aluno-952,1N,1N,9.0,Masculino,2023,Pública,9.502,9.545454545,6.26,8.333333333,8.5,9.175,10.0,Fase 1 (3° e 4° ano),0,Cursando,8.853624242300002,Topázio,2024,1.0,1.0,0,Adequada/adiantada (≥ 0)
RA-953,Aluno-953,ALFA,ALFA N - G2/G3,,Feminino,2023,Pública,7.4,8.8,3.14,6.5625,8.3,7.09,10.0,ALFA (1° e 2° ano),0,,7.54005,Ametista,2023,0.0,0.0,0,Adequada/adiantada (≥ 0)
RA-953,Aluno-953,1N,1N,9.0,Feminino,2023,Pública,9.002,6.85770751,6.26,8.125,8.5,7.755,10.0,Fase 1 (3° e 4° ano),0,Cursando,7.961241502000001,Ametista,2024,1.0,1.0,0,Adequada/adiantada (≥ 0)
RA-954,Aluno-954,ALFA,ALFA N - G2/G3,8.0,Feminino,2023,Pública,0.0,8.3,3.14,7.1875,7.7,8.005,10.0,ALFA (1° e 2° ano),0,,6.82375,Ágata,2023,0.0,0.0,0,Adequada/adiantada (≥ 0)
RA-954,Aluno-954,1N,1N,9.0,Feminino,2023,Pública,9.502,8.8833992095,6.26,8.125,7.75,7.835,10.0,Fase 1 (3° e 4° ano),0,Cursando,8.2823798419,Topázio,2024,1.0,1.0,0,Adequada/adiantada (≥ 0)
RA-955,Aluno-955,ALFA,ALFA N - G2/G3,10.0,Feminino,2023,Pública,9.0,8.8,3.14,6.875,7.8,7.09,5.0,Fase 2 (5° e 6° ano),-2,,7.1297,Ametista,2023,0.0,0.0,1,Severa (≤ −2 fases)
RA-955,Aluno-955,1K,1K,11.0,Feminino,2023,Pública,0.0,6.904761905,7.51,8.125,5.75,8.255,5.0,Fase 2 (5° e 6° ano),-1,Cursando,6.245452381,Ágata,2024,1.0,1.0,1,Moderada (−1 fase)
RA-956,Aluno-956,ALFA,ALFA O - G2/G3,11.0,Masculino,2023,Pública,8.0,7.5,7.52,7.5,7.8,9.345,5.0,Fase 2 (5° e 6° ano),-2,,7.7312,Ametista,2023,0.0,0.0,1,Severa (≤ −2 fases)
RA-956,Aluno-956,1N,1N,12.0,Masculino,2023,Pública,9.502,6.017786561,6.885,7.083333333,3.25,7.085,5.0,Fase 2 (5° e 6° ano),-1,Cursando,6.1175906455,Ágata,2024,1.0,1.0,1,Moderada (−1 fase)
RA-957,Aluno-957,ALFA,ALFA O - G2/G3,,Feminino,2023,Pública,10.0,9.3,7.52,7.5,9.1,9.925,10.0,ALFA (1° e 2° ano),0,,9.1672,Topázio,2023,0.0,0.0,0,Adequada/adiantada (≥ 0)
RA-958,Aluno-958,ALFA,ALFA O - G2/G3,,Feminino,2023,Pública,10.0,9.8,7.52,7.5,9.3,9.84,10.0,ALFA (1° e 2° ano),0,,9.2902,Topázio,2023,0.0,0.0,0,Adequada/adiantada (≥ 0)
RA-958,Aluno-958,1M,1M,9.0,Feminino,2023,Pública,10.002,10.0,6.26,9.53125,10.0,9.76,10.0,Fase 1 (3° e 4° ano),0,Cursando,9.531325,Topázio,2024,1.0,1.0,0,Adequada/adiantada (≥ 0)
RA-959,Aluno-959,ALFA,ALFA O - G2/G3,8.0,Masculino,2023,Pública,10.0,9.6,7.52,6.875,7.7,8.84,10.0,ALFA (1° e 2° ano),0,,8.6677,Topázio,2023,0.0,0.0,0,Adequada/adiantada (≥ 0)
RA-959,Aluno-959,ALFA,ALFA O - G2/G3,9.0,Masculino,2023,Pública,10.002,9.7368421055,7.51,7.8125,9.5,7.5,5.0,Fase 1 (3° e 4° ano),-1,Cursando,8.379818421100001,Topázio,2024,0.0,1.0,1,Moderada (−1 fase)
RA-96,Aluno-96,5,L,16.0,Menino,2021,Escola Pública,9.2,7.8,6.9,,6.7,8.5,5.0,Fase 6 (2º EM),-1,,7.54,Ametista,2022,5.0,1.0,1,Moderada (−1 fase)
RA-96,Aluno-96,FASE 6,6L,17.0,Masculino,2021,Privada - Programa de Apadrinhamento,9.6,8.9,7.52,7.65625,6.4,7.84,5.0,Fase 7 (3° EM),-1,,7.610791667,Ametista,2023,6.0,2.0,1,Moderada (−1 fase)
RA-96,Aluno-96,8F,8F,18.0,Masculino,2021,Concluiu o 3º EM,,0.0,,,,,10.0,Fase 8 (Universitários),0,Cursando,,,2024,8.0,3.0,0,Adequada/adiantada (≥ 0)
RA-960,Aluno-960,ALFA,ALFA O - G2/G3,10.0,Masculino,2023,Pública,8.5,10.0,7.52,5.625,6.3,5.85,5.0,Fase 2 (5° e 6° ano),-2,,7.0847,Ametista,2023,0.0,0.0,1,Severa (≤ −2 fases)
RA-960,Aluno-960,1K,1K,11.0,Masculino,2023,Pública,0.0,8.095238095,7.51,7.5,3.0,5.33,5.0,Fase 2 (5° e 6° ano),-1,Cursando,5.286047619,Quartzo,2024,1.0,1.0,1,Moderada (−1 fase)
RA-961,Aluno-961,ALFA,ALFA O - G2/G3,9.0,Masculino,2023,Pública,0.0,8.7,2.52,5.3125,6.2,8.665,5.0,Fase 1 (3° e 4° ano),-1,,5.99625,Quartzo,2023,0.0,0.0,1,Moderada (−1 fase)
RA-961,Aluno-961,1M,1M,10.0,Masculino,2023,Pública,9.002,8.8923395445,6.26,5.9375,5.5,5.155,5.0,Fase 2 (5° e 6° ano),-1,Cursando,6.529417908900001,Ágata,2024,1.0,1.0,1,Moderada (−1 fase)
RA-962,Aluno-962,ALFA,ALFA Q - G2/G3,,Feminino,2023,Pública,9.0,9.2,7.52,7.5,8.7,10.01,5.0,Fase 1 (3° e 4° ano),-1,,8.4742,Topázio,2023,0.0,0.0,1,Moderada (−1 fase)
RA-963,Aluno-963,ALFA,ALFA Q - G2/G3,,Feminino,2023,Pública,9.5,9.8,7.52,7.5,8.5,10.01,5.0,Fase 1 (3° e 4° ano),-1,,8.6142,Topázio,2023,0.0,0.0,1,Moderada (−1 fase)
RA-963,Aluno-963,1R,1R,10.0,Feminino,2023,Pública,7.502,9.761904762,7.51,8.125,7.5,8.045,10.0,Fase 1 (3° e 4° ano),0,Cursando,8.375080952400001,Topázio,2024,1.0,1.0,0,Adequada/adiantada (≥ 0)
RA-964,Aluno-964,ALFA,ALFA Q - G2/G3,9.0,Masculino,2023,Pública,8.5,9.4,7.52,6.875,7.2,8.5,5.0,Fase 1 (3° e 4° ano),-1,,7.7997,Ametista,2023,0.0,0.0,1,Moderada (−1 fase)
RA-964,Aluno-964,1R,1R,10.0,Masculino,2023,Pública,9.502,8.333333332999999,7.51,7.96875,7.25,7.1675,5.0,Fase 2 (5° e 6° ano),-1,Cursando,7.548241666600001,Ametista,2024,1.0,1.0,1,Moderada (−1 fase)
RA-965,Aluno-965,ALFA,ALFA Q - G2/G3,9.0,Feminino,2023,Pública,8.5,8.2,6.27,5.0,4.7,7.18,5.0,Fase 1 (3° e 4° ano),-1,,6.4832,Ágata,2023,0.0,0.0,1,Moderada (−1 fase)
RA-965,Aluno-965,ALFA,ALFA Q - G2/G3,10.0,Feminino,2023,Pública,9.002,6.4772727275,7.51,8.75,2.25,6.83,5.0,Fase 2 (5° e 6° ano),-2,Cursando,6.1376545455,Ágata,2024,0.0,1.0,1,Severa (≤ −2 fases)
RA-966,Aluno-966,ALFA,ALFA Q - G2/G3,,Masculino,2023,Pública,10.0,10.0,7.52,6.5625,5.0,7.675,5.0,Fase 1 (3° e 4° ano),-1,,7.44345,Ametista,2023,0.0,0.0,1,Moderada (−1 fase)
RA-966,Aluno-966,ALFA,ALFA Q - G2/G3,10.0,Masculino,2023,Pública,9.502,8.568181818,7.51,8.125,9.0,7.335,5.0,Fase 2 (5° e 6° ano),-2,Cursando,7.9943363636,Ametista,2024,0.0,1.0,1,Severa (≤ −2 fases)
RA-967,Aluno-967,ALFA,ALFA Q - G2/G3,,Masculino,2023,Pública,9.5,8.0,7.52,5.625,6.5,7.35,5.0,Fase 2 (5° e 6° ano),-2,,7.1347,Ametista,2023,0.0,0.0,1,Severa (≤ −2 fases)
RA-967,Aluno-967,1R,1R,11.0,Masculino,2023,Pública,9.502,3.5714285715,7.51,5.78125,4.75,4.995,5.0,Fase 2 (5° e 6° ano),-1,Cursando,5.442610714300001,Quartzo,2024,1.0,1.0,1,Moderada (−1 fase)
RA-968,Aluno-968,ALFA,ALFA Q - G2/G3,,Feminino,2023,Pública,9.0,9.7,7.52,7.5,8.3,10.01,5.0,Fase 1 (3° e 4° ano),-1,,8.4942,Topázio,2023,0.0,0.0,1,Moderada (−1 fase)
RA-968,Aluno-968,1R,1R,10.0,Feminino,2023,Pública,9.002,8.8095238095,7.51,8.4375,7.75,7.6675,5.0,Fase 2 (5° e 6° ano),-1,Cursando,7.8403547619000005,Ametista,2024,1.0,1.0,1,Moderada (−1 fase)
RA-969,Aluno-969,ALFA,ALFA Q - G2/G3,8.0,Masculino,2023,Pública,8.5,9.7,7.52,6.25,5.5,7.51,10.0,ALFA (1° e 2° ano),0,,7.7692,Ametista,2023,0.0,0.0,0,Adequada/adiantada (≥ 0)
RA-969,Aluno-969,ALFA,ALFA Q - G2/G3,9.0,Masculino,2023,Pública,9.002,7.8636363634999995,7.51,8.125,7.25,7.335,5.0,Fase 1 (3° e 4° ano),-1,Cursando,7.453427272700001,Ametista,2024,0.0,1.0,1,Moderada (−1 fase)
RA-97,Aluno-97,5,L,15.0,Menina,2017,Rede Decisão,7.5,8.8,5.0,,6.9,6.292,10.0,Fase 5 (1º EM),0,,7.468,Ametista,2022,5.0,5.0,0,Adequada/adiantada (≥ 0)
RA-970,Aluno-970,ALFA,ALFA R - G0/G1,,Feminino,2023,Pública,8.5,8.1,7.52,9.375,9.4,9.84,10.0,ALFA (1° e 2° ano),0,,8.9977,Topázio,2023,0.0,0.0,0,Adequada/adiantada (≥ 0)
RA-971,Aluno-971,ALFA,ALFA R - G0/G1,,Masculino,2023,Pública,7.8,6.4,3.77,5.625,6.9,8.17,10.0,ALFA (1° e 2° ano),0,,7.0169,Ametista,2023,0.0,0.0,0,Adequada/adiantada (≥ 0)
RA-971,Aluno-971,ALFA,ALFA Q - G2/G3,9.0,Masculino,2023,Pública,7.418,7.909090909,7.51,7.5,6.75,6.085,5.0,Fase 1 (3° e 4° ano),-1,Cursando,6.8916181818,Ágata,2024,0.0,1.0,1,Moderada (−1 fase)
RA-972,Aluno-972,ALFA,ALFA R - G0/G1,8.0,Masculino,2023,Pública,9.0,9.1,3.77,6.875,6.0,7.84,10.0,ALFA (1° e 2° ano),0,,7.5427,Ametista,2023,0.0,0.0,0,Adequada/adiantada (≥ 0)
RA-972,Aluno-972,ALFA,ALFA Q - G2/G3,9.0,Masculino,2023,Pública,9.502,8.3863636365,7.51,8.75,6.75,7.17,5.0,Fase 1 (3° e 4° ano),-1,Cursando,7.537472727300001,Ametista,2024,0.0,1.0,1,Moderada (−1 fase)
RA-973,Aluno-973,ALFA,ALFA R - G0/G1,,Masculino,2023,Pública,0.0,8.6,3.77,7.1875,5.2,7.415,5.0,Fase 1 (3° e 4° ano),-1,,5.82875,Quartzo,2023,0.0,0.0,1,Moderada (−1 fase)
RA-973,Aluno-973,ALFA,ALFA Q - G2/G3,10.0,Masculino,2023,Pública,10.002,9.318181818,7.51,7.5,3.75,6.585,5.0,Fase 2 (5° e 6° ano),-2,Cursando,6.9318363636,Ágata,2024,0.0,1.0,1,Severa (≤ −2 fases)
RA-974,Aluno-974,ALFA,ALFA R - G0/G1,,Masculino,2023,Pública,9.0,9.1,3.77,7.5,8.8,9.34,10.0,ALFA (1° e 2° ano),0,,8.4752,Topázio,2023,0.0,0.0,0,Adequada/adiantada (≥ 0)
RA-974,Aluno-974,ALFA,ALFA S - G2/G3,8.0,Masculino,2023,Pública,9.502,9.282608695499999,7.51,7.5,6.5,7.5,5.0,Fase 1 (3° e 4° ano),-1,Cursando,7.6077217391,Ametista,2024,0.0,1.0,1,Moderada (−1 fase)
RA-975,Aluno-975,ALFA,ALFA R - G0/G1,,Feminino,2023,Pública,7.9,9.2,7.52,5.625,6.5,7.67,10.0,ALFA (1° e 2° ano),0,,7.7803,Ametista,2023,0.0,0.0,0,Adequada/adiantada (≥ 0)
RA-975,Aluno-975,ALFA,ALFA R - G0/G1,8.0,Feminino,2023,Pública,8.502,7.708333333500001,5.01,6.875,8.0,7.33,5.0,Fase 1 (3° e 4° ano),-1,Cursando,7.1463666667000005,Ametista,2024,0.0,1.0,1,Moderada (−1 fase)
RA-976,Aluno-976,ALFA,ALFA R - G0/G1,,Masculino,2023,Pública,9.5,9.2,6.27,5.9375,8.6,8.34,10.0,ALFA (1° e 2° ano),0,,8.39895,Topázio,2023,0.0,0.0,0,Adequada/adiantada (≥ 0)
RA-977,Aluno-977,ALFA,ALFA R - G0/G1,7.0,Feminino,2023,Pública,8.5,7.4,5.02,5.625,5.8,8.085,10.0,ALFA (1° e 2° ano),0,,7.1717,Ametista,2023,0.0,0.0,0,Adequada/adiantada (≥ 0)
RA-977,Aluno-977,ALFA,ALFA R - G0/G1,8.0,Feminino,2023,Pública,10.002,7.291666666499999,6.26,6.875,7.0,7.58,5.0,Fase 1 (3° e 4° ano),-1,Cursando,7.188033333300001,Ametista,2024,0.0,1.0,1,Moderada (−1 fase)
RA-978,Aluno-978,ALFA,ALFA R - G0/G1,,Feminino,2023,Pública,9.0,9.8,3.77,5.625,8.6,9.34,10.0,ALFA (1° e 2° ano),0,,8.3877,Topázio,2023,0.0,0.0,0,Adequada/adiantada (≥ 0)
RA-978,Aluno-978,ALFA,ALFA S - G2/G3,8.0,Feminino,2023,Pública,9.502,9.5,6.26,6.875,6.5,7.5,5.0,Fase 1 (3° e 4° ano),-1,Cursando,7.4637,Ametista,2024,0.0,1.0,1,Moderada (−1 fase)
RA-979,Aluno-979,ALFA,ALFA S - G2/G3,8.0,Masculino,2023,Pública,9.5,9.6,6.27,5.625,6.0,9.51,10.0,ALFA (1° e 2° ano),0,,8.1617,Topázio,2023,0.0,0.0,0,Adequada/adiantada (≥ 0)
RA-979,Aluno-979,ALFA,ALFA Q - G2/G3,9.0,Masculino,2023,Pública,9.502,9.5227272725,7.51,8.125,8.25,7.335,5.0,Fase 1 (3° e 4° ano),-1,Cursando,8.0352454545,Topázio,2024,0.0,1.0,1,Moderada (−1 fase)
RA-98,Aluno-98,5,L,15.0,Menina,2017,Rede Decisão,8.8,10.0,9.4,,8.5,9.667,10.0,Fase 5 (1º EM),0,,9.354,Topázio,2022,5.0,5.0,0,Adequada/adiantada (≥ 0)
RA-98,Aluno-98,FASE 7,7E,15.0,Feminino,2017,Privada *Parcerias com Bolsa 100%,7.9,,2.52,,,,10.0,Fase 5 (1° EM),2,,,,2023,7.0,6.0,0,Adequada/adiantada (≥ 0)
RA-98,Aluno-98,7E,7E,16.0,Feminino,2021,Privada *Parcerias com Bolsa 100%,9.585,9.546,7.1975,7.5,8.9,7.5,10.0,Fase 6 (2° EM),1,Cursando,8.617450000000002,Topázio,2024,7.0,3.0,0,Adequada/adiantada (≥ 0)
RA-980,Aluno-980,ALFA,ALFA S - G2/G3,8.0,Feminino,2023,Pública,0.0,9.8,5.02,5.625,6.3,9.34,10.0,ALFA (1° e 2° ano),0,,7.1425,Ametista,2023,0.0,0.0,0,Adequada/adiantada (≥ 0)
RA-980,Aluno-980,1P,1P,9.0,Feminino,2023,Pública,9.002,9.058441558,7.51,7.5,6.25,7.4175,10.0,Fase 1 (3° e 4° ano),0,Cursando,7.946388311600001,Ametista,2024,1.0,1.0,0,Adequada/adiantada (≥ 0)
RA-981,Aluno-981,ALFA,ALFA S - G2/G3,7.0,Feminino,2023,Pública,9.5,9.1,2.52,5.625,5.8,9.01,10.0,ALFA (1° e 2° ano),0,,7.5367,Ametista,2023,0.0,0.0,0,Adequada/adiantada (≥ 0)
RA-981,Aluno-981,ALFA,ALFA S - G2/G3,8.0,Feminino,2023,Pública,9.002,7.010869565,6.26,6.25,6.0,6.99,5.0,Fase 1 (3° e 4° ano),-1,Cursando,6.6513739130000005,Ágata,2024,0.0,1.0,1,Moderada (−1 fase)
RA-982,Aluno-982,ALFA,ALFA S - G2/G3,7.0,Masculino,2023,Pública,0.0,9.1,2.52,5.625,8.6,8.835,10.0,ALFA (1° e 2° ano),0,,7.1215,Ametista,2023,0.0,0.0,0,Adequada/adiantada (≥ 0)
RA-982,Aluno-982,1P,1P,8.0,Masculino,2023,Pública,10.002,8.365800865499999,7.51,6.875,8.25,6.79,10.0,Fase 1 (3° e 4° ano),0,Cursando,8.119860173100001,Topázio,2024,1.0,1.0,0,Adequada/adiantada (≥ 0)
RA-983,Aluno-983,ALFA,ALFA S - G2/G3,8.0,Masculino,2023,Pública,8.5,9.9,2.52,6.25,8.8,9.415,10.0,ALFA (1° e 2° ano),0,,8.3502,Topázio,2023,0.0,0.0,0,Adequada/adiantada (≥ 0)
RA-984,Aluno-984,ALFA,ALFA S - G2/G3,8.0,Feminino,2023,Pública,8.0,9.8,7.52,6.875,8.3,9.84,10.0,ALFA (1° e 2° ano),0,,8.8177,Topázio,2023,0.0,0.0,0,Adequada/adiantada (≥ 0)
RA-984,Aluno-984,1R,1R,9.0,Feminino,2023,Pública,9.502,9.761904762,7.51,8.125,7.0,8.045,10.0,Fase 1 (3° e 4° ano),0,Cursando,8.475080952400003,Topázio,2024,1.0,1.0,0,Adequada/adiantada (≥ 0)
RA-985,Aluno-985,ALFA,ALFA S - G2/G3,8.0,Masculino,2023,Pública,9.0,9.3,2.52,5.625,6.8,8.5,10.0,ALFA (1° e 2° ano),0,,7.6247,Ametista,2023,0.0,0.0,0,Adequada/adiantada (≥ 0)
RA-985,Aluno-985,1P,1P,9.0,Masculino,2023,Pública,8.502,10.0,6.26,7.5,7.5,7.585,10.0,Fase 1 (3° e 4° ano),0,Cursando,8.2432,Topázio,2024,1.0,1.0,0,Adequada/adiantada (≥ 0)
RA-986,Aluno-986,ALFA,ALFA S - G2/G3,8.0,Feminino,2023,Pública,9.5,9.1,2.52,5.625,8.3,8.83,10.0,ALFA (1° e 2° ano),0,,8.0107,Topázio,2023,0.0,0.0,0,Adequada/adiantada (≥ 0)
RA-986,Aluno-986,1P,1P,9.0,Feminino,2023,Pública,10.002,9.2965367965,6.26,7.083333333,8.5,6.8325,10.0,Fase 1 (3° e 4° ano),0,Cursando,8.2603406926,Topázio,2024,1.0,1.0,0,Adequada/adiantada (≥ 0)
RA-987,Aluno-987,ALFA,ALFA S - G2/G3,8.0,Masculino,2023,Pública,0.0,9.8,6.27,6.875,7.3,9.76,10.0,ALFA (1° e 2° ano),0,,7.6765,Ametista,2023,0.0,0.0,0,Adequada/adiantada (≥ 0)
RA-987,Aluno-987,1P,1P,9.0,Masculino,2023,Pública,9.002,9.0692640695,7.51,7.708333333,7.5,7.835,10.0,Fase 1 (3° e 4° ano),0,Cursando,8.3028861472,Topázio,2024,1.0,1.0,0,Adequada/adiantada (≥ 0)
RA-988,Aluno-988,ALFA,ALFA S - G2/G3,,Feminino,2023,Pública,7.9,8.1,7.52,6.25,8.5,9.84,5.0,Fase 1 (3° e 4° ano),-1,,7.9568,Ametista,2023,0.0,0.0,1,Moderada (−1 fase)
RA-988,Aluno-988,1P,1P,10.0,Feminino,2023,Pública,9.502,10.0,7.51,8.333333333,7.75,7.96,5.0,Fase 2 (5° e 6° ano),-1,Cursando,8.1765333333,Topázio,2024,1.0,1.0,1,Moderada (−1 fase)
RA-989,Aluno-989,ALFA,ALFA S - G2/G3,9.0,Masculino,2023,Pública,9.5,8.1,2.52,7.5,8.3,10.01,5.0,Fase 1 (3° e 4° ano),-1,,7.7242,Ametista,2023,0.0,0.0,1,Moderada (−1 fase)
RA-989,Aluno-989,1R,1R,10.0,Masculino,2023,Pública,9.502,7.8571428569999995,6.26,7.1875,6.0,6.54,10.0,Fase 1 (3° e 4° ano),0,Cursando,7.3743785714,Ametista,2024,1.0,1.0,0,Adequada/adiantada (≥ 0)
RA-99,Aluno-99,5,L,16.0,Menino,2019,Escola Pública,8.8,6.3,7.5,,5.0,5.833,5.0,Fase 6 (2º EM),-1,,6.158,Ágata,2022,5.0,3.0,1,Moderada (−1 fase)
RA-99,Aluno-99,FASE 6,6L,17.0,Masculino,2019,Pública,7.9,8.3,5.63,7.8125,4.5,7.4225,5.0,Fase 7 (3° EM),-1,,6.68045,Ágata,2023,6.0,4.0,1,Moderada (−1 fase)
RA-990,Aluno-990,ALFA,ALFA T - G2/G3,,Masculino,2023,Pública,0.0,8.5,7.52,7.5,7.8,10.01,5.0,Fase 1 (3° e 4° ano),-1,,7.254,Ametista,2023,0.0,0.0,1,Moderada (−1 fase)
RA-990,Aluno-990,1A,1A,10.0,Masculino,2023,Pública,9.502,7.5,7.51,8.4375,8.0,8.336666667,5.0,Fase 2 (5° e 6° ano),-1,Cursando,7.812283333400001,Ametista,2024,1.0,1.0,1,Moderada (−1 fase)
RA-991,Aluno-991,ALFA,ALFA T - G2/G3,9.0,Feminino,2023,Pública,10.0,9.1,3.14,6.875,7.7,9.585,5.0,Fase 1 (3° e 4° ano),-1,,7.7687,Ametista,2023,0.0,0.0,1,Moderada (−1 fase)
RA-991,Aluno-991,1A,1A,10.0,Feminino,2023,Pública,9.002,8.181818182,6.26,7.5,6.5,6.723333333,5.0,Fase 2 (5° e 6° ano),-1,Cursando,7.057230303000001,Ametista,2024,1.0,1.0,1,Moderada (−1 fase)
RA-992,Aluno-992,ALFA,ALFA T - G2/G3,10.0,Masculino,2023,Pública,9.5,8.2,3.14,5.0,8.0,8.84,5.0,Fase 2 (5° e 6° ano),-2,,7.2722,Ametista,2023,0.0,0.0,1,Severa (≤ −2 fases)
RA-993,Aluno-993,ALFA,ALFA T - G2/G3,8.0,Feminino,2023,Pública,9.5,9.8,3.77,7.5,8.6,10.01,10.0,ALFA (1° e 2° ano),0,,8.7592,Topázio,2023,0.0,0.0,0,Adequada/adiantada (≥ 0)
RA-994,Aluno-994,ALFA,ALFA T - G2/G3,8.0,Feminino,2023,Pública,9.5,9.4,3.77,5.625,6.0,7.265,10.0,ALFA (1° e 2° ano),0,,7.4127,Ametista,2023,0.0,0.0,0,Adequada/adiantada (≥ 0)
RA-994,Aluno-994,ALFA,ALFA T - G2/G3,9.0,Feminino,2023,Pública,9.002,9.532608695499999,6.88,6.875,8.25,7.33,5.0,Fase 1 (3° e 4° ano),-1,Cursando,7.7982217391,Ametista,2024,0.0,1.0,1,Moderada (−1 fase)
RA-995,Aluno-995,ALFA,ALFA T - G2/G3,,Feminino,2023,Pública,9.5,7.9,3.77,6.25,5.1,7.18,5.0,Fase 2 (5° e 6° ano),-2,,6.4782,Ágata,2023,0.0,0.0,1,Severa (≤ −2 fases)
RA-995,Aluno-995,1E,1E,12.0,Feminino,2023,Pública,10.002,5.3896103895,5.635,7.1875,2.0,4.25,5.0,Fase 3 (7° e 8° ano),-2,Cursando,5.110372077899999,Quartzo,2024,1.0,1.0,1,Severa (≤ −2 fases)
RA-996,Aluno-996,ALFA,ALFA T - G2/G3,9.0,Masculino,2023,Pública,10.0,9.2,3.77,7.5,8.6,10.01,5.0,Fase 1 (3° e 4° ano),-1,,8.1892,Topázio,2023,0.0,0.0,1,Moderada (−1 fase)
RA-997,Aluno-997,ALFA,ALFA T - G2/G3,8.0,Masculino,2023,Pública,7.5,8.7,3.77,5.625,7.1,8.595,10.0,ALFA (1° e 2° ano),0,,7.5687,Ametista,2023,0.0,0.0,0,Adequada/adiantada (≥ 0)
RA-998,Aluno-998,ALFA,ALFA U - G2/G3,11.0,Feminino,2023,Pública,9.5,9.3,3.77,7.5,7.9,9.84,5.0,Fase 2 (5° e 6° ano),-2,,7.9752,Ametista,2023,0.0,0.0,1,Severa (≤ −2 fases)
RA-999,Aluno-999,ALFA,ALFA U - G2/G3,,Masculino,2023,Pública,9.0,9.4,3.77,7.5,8.3,9.84,5.0,Fase 1 (3° e 4° ano),-1,,8.0352,Topázio,2023,0.0,0.0,1,Moderada (−1 fase)
